"Census Profile, 2021 Census of Population"
,,,"White Rock, City (CY) [Census subdivision], British Columbia",,,,,,,,,,,,
,,,"Counts",,,,,,"Rates",,,,,,
"Topic","Characteristic","Note","Total","Total_Flag","Men+","Men+_Flag","Women+","Women+_Flag","Total","Total_Flag","Men+","Men+_Flag","Women+","Women+_Flag",
"Population and dwellings","Population, 2021",1, 21939,"",,"...",,"...",,"...",,"...",,"...",
"Population and dwellings","Population, 2016",1, 19952,"",,"...",,"...",,"...",,"...",,"...",
"Population and dwellings","Population percentage change, 2016 to 2021",,   10.0,"",,"...",,"...",   10.0,"",,"...",,"...",
"Population and dwellings","Total private dwellings",2, 11541,"",,"...",,"...",,"...",,"...",,"...",
"Population and dwellings","Private dwellings occupied by usual residents",3, 10735,"",,"...",,"...",,"...",,"...",,"...",
"Population and dwellings","Population density per square kilometre",, 4240.6,"",,"...",,"...", 4240.6,"",,"...",,"...",
"Population and dwellings","Land area in square kilometres",,    5.17,"",,"...",,"...",,"...",,"...",,"...",
"Age characteristics","Total - Age groups of the population - 100% data",, 21940,"",  9970,"", 11965,"",  100.0,"",  100.0,"",  100.0,"",
"Age characteristics","  0 to 14 years",,  1980,"",  1030,"",   950,"",    9.0,"",   10.3,"",    7.9,"",
"Age characteristics","    0 to 4 years",,   550,"",   270,"",   275,"",    2.5,"",    2.7,"",    2.3,"",
"Age characteristics","    5 to 9 years",,   670,"",   345,"",   325,"",    3.1,"",    3.5,"",    2.7,"",
"Age characteristics","    10 to 14 years",,   760,"",   415,"",   345,"",    3.5,"",    4.2,"",    2.9,"",
"Age characteristics","  15 to 64 years",, 11770,"",  5530,"",  6245,"",   53.6,"",   55.5,"",   52.2,"",
"Age characteristics","    15 to 19 years",,   810,"",   415,"",   395,"",    3.7,"",    4.2,"",    3.3,"",
"Age characteristics","    20 to 24 years",,   815,"",   435,"",   375,"",    3.7,"",    4.4,"",    3.1,"",
"Age characteristics","    25 to 29 years",,   825,"",   415,"",   410,"",    3.8,"",    4.2,"",    3.4,"",
"Age characteristics","    30 to 34 years",,   890,"",   440,"",   445,"",    4.1,"",    4.4,"",    3.7,"",
"Age characteristics","    35 to 39 years",,   940,"",   445,"",   495,"",    4.3,"",    4.5,"",    4.1,"",
"Age characteristics","    40 to 44 years",,  1005,"",   455,"",   550,"",    4.6,"",    4.6,"",    4.6,"",
"Age characteristics","    45 to 49 years",,  1255,"",   580,"",   675,"",    5.7,"",    5.8,"",    5.6,"",
"Age characteristics","    50 to 54 years",,  1420,"",   650,"",   770,"",    6.5,"",    6.5,"",    6.4,"",
"Age characteristics","    55 to 59 years",,  1805,"",   820,"",   980,"",    8.2,"",    8.2,"",    8.2,"",
"Age characteristics","    60 to 64 years",,  2005,"",   870,"",  1135,"",    9.1,"",    8.7,"",    9.5,"",
"Age characteristics","  65 years and over",,  8185,"",  3410,"",  4775,"",   37.3,"",   34.2,"",   39.9,"",
"Age characteristics","    65 to 69 years",,  2015,"",   880,"",  1135,"",    9.2,"",    8.8,"",    9.5,"",
"Age characteristics","    70 to 74 years",,  2040,"",   885,"",  1160,"",    9.3,"",    8.9,"",    9.7,"",
"Age characteristics","    75 to 79 years",,  1545,"",   660,"",   885,"",    7.0,"",    6.6,"",    7.4,"",
"Age characteristics","    80 to 84 years",,  1150,"",   510,"",   640,"",    5.2,"",    5.1,"",    5.3,"",
"Age characteristics","    85 years and over",,  1435,"",   480,"",   955,"",    6.5,"",    4.8,"",    8.0,"",
"Age characteristics","      85 to 89 years",,   780,"",   285,"",   495,"",    3.6,"",    2.9,"",    4.1,"",
"Age characteristics","      90 to 94 years",,   445,"",   150,"",   295,"",    2.0,"",    1.5,"",    2.5,"",
"Age characteristics","      95 to 99 years",,   170,"",    35,"",   140,"",    0.8,"",    0.4,"",    1.2,"",
"Age characteristics","      100 years and over",,    35,"",     5,"",    25,"",    0.2,"",    0.1,"",    0.2,"",
"Age characteristics","Total - Distribution (%) of the population by broad age groups - 100% data",,  100.0,"",  100.0,"",  100.0,"",  100.0,"",  100.0,"",  100.0,"",
"Age characteristics","  0 to 14 years",,    9.0,"",   10.3,"",    7.9,"",    9.0,"",   10.3,"",    7.9,"",
"Age characteristics","  15 to 64 years",,   53.6,"",   55.5,"",   52.2,"",   53.6,"",   55.5,"",   52.2,"",
"Age characteristics","  65 years and over",,   37.3,"",   34.2,"",   39.9,"",   37.3,"",   34.2,"",   39.9,"",
"Age characteristics","    85 years and over",,    6.5,"",    4.8,"",    8.0,"",    6.5,"",    4.8,"",    8.0,"",
"Age characteristics","Average age of the population",,   53.3,"",   51.2,"",   55.1,"",   53.3,"",   51.2,"",   55.1,"",
"Age characteristics","Median age of the population",,   58.0,"",   55.6,"",   59.6,"",   58.0,"",   55.6,"",   59.6,"",
"Household and dwelling characteristics","Total - Occupied private dwellings by structural type of dwelling - 100% data",, 10735,"",,"...",,"...",  100.0,"",,"...",,"...",
"Household and dwelling characteristics","  Single-detached house",,  2575,"",,"...",,"...",   24.0,"",,"...",,"...",
"Household and dwelling characteristics","  Semi-detached house",,    80,"",,"...",,"...",    0.7,"",,"...",,"...",
"Household and dwelling characteristics","  Row house",,   150,"",,"...",,"...",    1.4,"",,"...",,"...",
"Household and dwelling characteristics","  Apartment or flat in a duplex",,  1875,"",,"...",,"...",   17.5,"",,"...",,"...",
"Household and dwelling characteristics","  Apartment in a building that has fewer than five storeys",,  4455,"",,"...",,"...",   41.5,"",,"...",,"...",
"Household and dwelling characteristics","  Apartment in a building that has five or more storeys",,  1575,"",,"...",,"...",   14.7,"",,"...",,"...",
"Household and dwelling characteristics","  Other single-attached house",,    15,"",,"...",,"...",    0.1,"",,"...",,"...",
"Household and dwelling characteristics","  Movable dwelling",4,     5,"",,"...",,"...",    0.0,"",,"...",,"...",
"Household and dwelling characteristics","Total - Private households by household size - 100% data",, 10735,"",,"...",,"...",  100.0,"",,"...",,"...",
"Household and dwelling characteristics","  1 person",,  4765,"",,"...",,"...",   44.4,"",,"...",,"...",
"Household and dwelling characteristics","  2 persons",,  3805,"",,"...",,"...",   35.4,"",,"...",,"...",
"Household and dwelling characteristics","  3 persons",,   990,"",,"...",,"...",    9.2,"",,"...",,"...",
"Household and dwelling characteristics","  4 persons",,   740,"",,"...",,"...",    6.9,"",,"...",,"...",
"Household and dwelling characteristics","  5 or more persons",,   440,"",,"...",,"...",    4.1,"",,"...",,"...",
"Household and dwelling characteristics","Number of persons in private households",, 20725,"",  9525,"", 11195,"",  100.0,"",  100.0,"",  100.0,"",
"Household and dwelling characteristics","Average household size",,    1.9,"",,"...",,"...",    1.9,"",,"...",,"...",
"Marital status","Total - Marital status for the total population aged 15 years and over - 100% data",, 19960,"",  8940,"", 11020,"",  100.0,"",  100.0,"",  100.0,"",
"Marital status","  Married or living common-law",, 10465,"",  5215,"",  5255,"",   52.4,"",   58.3,"",   47.7,"",
"Marital status","    Married",,  8870,"",  4415,"",  4450,"",   44.4,"",   49.4,"",   40.4,"",
"Marital status","    Living common-law",,  1600,"",   795,"",   805,"",    8.0,"",    8.9,"",    7.3,"",
"Marital status","      Living common law - Never married",,   855,"",   435,"",   425,"",    4.3,"",    4.9,"",    3.9,"",
"Marital status","      Living common law - Separated",,    85,"",    45,"",    40,"",    0.4,"",    0.5,"",    0.4,"",
"Marital status","      Living common law - Divorced",,   580,"",   280,"",   300,"",    2.9,"",    3.1,"",    2.7,"",
"Marital status","      Living common law - Widowed",,    80,"",    30,"",    45,"",    0.4,"",    0.3,"",    0.4,"",
"Marital status","  Not married and not living common-law",,  9495,"",  3730,"",  5765,"",   47.6,"",   41.7,"",   52.3,"",
"Marital status","    Not married and not living common law - Never married",,  4320,"",  2240,"",  2080,"",   21.6,"",   25.1,"",   18.9,"",
"Marital status","    Not married and not living common law - Separated",,   645,"",   275,"",   375,"",    3.2,"",    3.1,"",    3.4,"",
"Marital status","    Not married and not living common law - Divorced",,  2490,"",   800,"",  1685,"",   12.5,"",    8.9,"",   15.3,"",
"Marital status","    Not married and not living common law - Widowed",,  2040,"",   420,"",  1625,"",   10.2,"",    4.7,"",   14.7,"",
"Family characteristics","Total - Census families in private households by family size - 100% data",5,  5810,"",,"...",,"...",  100.0,"",,"...",,"...",
"Family characteristics","  2 persons",,  3885,"",,"...",,"...",   66.9,"",,"...",,"...",
"Family characteristics","  3 persons",,   975,"",,"...",,"...",   16.8,"",,"...",,"...",
"Family characteristics","  4 persons",,   725,"",,"...",,"...",   12.5,"",,"...",,"...",
"Family characteristics","  5 or more persons",,   230,"",,"...",,"...",    4.0,"",,"...",,"...",
"Family characteristics","Average size of census families",,    2.5,"",,"...",,"...",    2.5,"",,"...",,"...",
"Family characteristics","Average number of children in census families with children",6,    1.6,"",,"...",,"...",    1.6,"",,"...",,"...",
"Family characteristics","Total number of census families in private households - 100% data",,  5810,"",,"...",,"...",  100.0,"",,"...",,"...",
"Family characteristics","  Total couple families",,  4915,"",,"...",,"...",   84.6,"",,"...",,"...",
"Family characteristics","    Married couples",,  4115,"",,"...",,"...",   70.8,"",,"...",,"...",
"Family characteristics","      With children",6,  1495,"",,"...",,"...",   25.7,"",,"...",,"...",
"Family characteristics","      Without children",,  2625,"",,"...",,"...",   45.2,"",,"...",,"...",
"Family characteristics","    Common-law couples",,   800,"",,"...",,"...",   13.8,"",,"...",,"...",
"Family characteristics","      With children",6,   170,"",,"...",,"...",    2.9,"",,"...",,"...",
"Family characteristics","      Without children",,   625,"",,"...",,"...",   10.8,"",,"...",,"...",
"Family characteristics","  Total one-parent families",,   890,"",,"...",,"...",   15.3,"",,"...",,"...",
"Family characteristics","    in which the parent is a woman+",,   715,"",,"...",,"...",   12.3,"",,"...",,"...",
"Family characteristics","    in which the parent is a man+",,   180,"",,"...",,"...",    3.1,"",,"...",,"...",
"Family characteristics","Total - Persons in private households - 100% data",, 20725,"",  9530,"", 11195,"",  100.0,"",  100.0,"",  100.0,"",
"Family characteristics","  Total - Persons in census families",, 14780,"",  7260,"",  7520,"",   71.3,"",   76.2,"",   67.2,"",
"Family characteristics","    Married spouses or common-law partners",,  9835,"",  4915,"",  4915,"",   47.5,"",   51.6,"",   43.9,"",
"Family characteristics","    Parents in one-parent families",,   895,"",   180,"",   715,"",    4.3,"",    1.9,"",    6.4,"",
"Family characteristics","    Children",6,  4055,"",  2160,"",  1895,"",   19.6,"",   22.7,"",   16.9,"",
"Family characteristics","      In a two-parent family",,  2855,"",  1545,"",  1310,"",   13.8,"",   16.2,"",   11.7,"",
"Family characteristics","      In a one-parent family",,  1200,"",   615,"",   580,"",    5.8,"",    6.5,"",    5.2,"",
"Family characteristics","  Total - Persons not in census families in private households - 100% data",,  5945,"",  2270,"",  3675,"",   28.7,"",   23.8,"",   32.8,"",
"Family characteristics","    Living alone",,  4765,"",  1735,"",  3035,"",   23.0,"",   18.2,"",   27.1,"",
"Family characteristics","    Living with other relatives",7,   390,"",   140,"",   245,"",    1.9,"",    1.5,"",    2.2,"",
"Family characteristics","    Living with non-relatives only",,   790,"",   395,"",   395,"",    3.8,"",    4.1,"",    3.5,"",
"Household type","Total - Household type - 100% data",, 10735,"",,"...",,"...",  100.0,"",,"...",,"...",
"Household type","  One-census-family households without additional persons",,  5125,"",,"...",,"...",   47.7,"",,"...",,"...",
"Household type","    Couple-family households",,  4395,"",,"...",,"...",   40.9,"",,"...",,"...",
"Household type","      With children",6,  1405,"",,"...",,"...",   13.1,"",,"...",,"...",
"Household type","      Without children",,  2990,"",,"...",,"...",   27.9,"",,"...",,"...",
"Household type","    One-parent-family households",,   730,"",,"...",,"...",    6.8,"",,"...",,"...",
"Household type","  Multigenerational households",8,   205,"",,"...",,"...",    1.9,"",,"...",,"...",
"Household type","  Multiple-census-family households",9,    65,"",,"...",,"...",    0.6,"",,"...",,"...",
"Household type","  One-census-family households with additional persons",9,   250,"",,"...",,"...",    2.3,"",,"...",,"...",
"Household type","  Two-or-more-person non-census-family households ",,   330,"",,"...",,"...",    3.1,"",,"...",,"...",
"Household type","  One-person households",,  4765,"",,"...",,"...",   44.4,"",,"...",,"...",
"Income of individuals in 2020","Total - Income statistics in 2020 for the population aged 15 years and over in private households - 100% data",10, 18750,"",  8495,"", 10245,"",  100.0,"",  100.0,"",  100.0,"",
"Income of individuals in 2020","  Number of total income recipients aged 15 years and over in private households in 2020 - 100% data",, 18295,"",  8270,"", 10025,"",   97.6,"",   97.4,"",   97.9,"",
"Income of individuals in 2020","    Median total income in 2020 among recipients ($)",, 43600,"", 50800,"", 38400,"", 43600,"", 50800,"", 38400,"",
"Income of individuals in 2020","  Number of after-tax income recipients aged 15 years and over in private households in 2020 - 100% data",, 18340,"",  8290,"", 10045,"",   97.8,"",   97.6,"",   98.0,"",
"Income of individuals in 2020","    Median after-tax income in 2020 among recipients ($)",, 39600,"", 45200,"", 35200,"", 39600,"", 45200,"", 35200,"",
"Income of individuals in 2020","  Number of market income recipients aged 15 years and over in private households in 2020 - 100% data",, 16735,"",  7610,"",  9125,"",   89.3,"",   89.6,"",   89.1,"",
"Income of individuals in 2020","    Median market income in 2020 among recipients ($)",, 35200,"", 46000,"", 28400,"", 35200,"", 46000,"", 28400,"",
"Income of individuals in 2020","  Number of employment income recipients aged 15 years and over in private households in 2020 - 100% data",, 11095,"",  5420,"",  5675,"",   59.2,"",   63.8,"",   55.4,"",
"Income of individuals in 2020","    Median employment income in 2020 among recipients ($)",, 37200,"", 46400,"", 31000,"", 37200,"", 46400,"", 31000,"",
"Income of individuals in 2020","  Number of government transfers recipients aged 15 years and over in private households in 2020 - 100% data",, 15255,"",  6485,"",  8765,"",   81.4,"",   76.3,"",   85.6,"",
"Income of individuals in 2020","    Median government transfers in 2020 among recipients ($)",, 13800,"", 13600,"", 13900,"", 13800,"", 13600,"", 13900,"",
"Income of individuals in 2020","  Number of employment insurance benefits recipients aged 15 years and over in private households in 2020 - 100% data",,  1110,"",   460,"",   650,"",    5.9,"",    5.4,"",    6.3,"",
"Income of individuals in 2020","    Median employment insurance benefits in 2020 among recipients ($)",,  5480,"",  5480,"",  5480,"",  5480,"",  5480,"",  5480,"",
"Income of individuals in 2020","  Number of COVID-19 emergency and recovery benefits recipients aged 15 years and over in private households in 2020 - 100% data",,  4210,"",  1885,"",  2325,"",   22.5,"",   22.2,"",   22.7,"",
"Income of individuals in 2020","    Median COVID-19 emergency and recovery benefits in 2020 among recipients ($)",,  9000,"",  8500,"", 10000,"",  9000,"",  8500,"", 10000,"",
"Income of individuals in 2020","Total - Income statistics in 2020 for the population aged 15 years and over in private households - 25% sample data",11, 18750,"",  8500,"", 10250,"",  100.0,"",  100.0,"",  100.0,"",
"Income of individuals in 2020","  Number of total income recipients aged 15 years and over in private households in 2020 - 25% sample data",, 18235,"",  8205,"", 10035,"",   97.3,"",   96.5,"",   97.9,"",
"Income of individuals in 2020","    Average total income in 2020 among recipients ($)",, 64100,"", 79500,"", 51550,"", 64100,"", 79500,"", 51550,"",
"Income of individuals in 2020","  Number of after-tax income recipients aged 15 years and over in private households in 2020 - 25% sample data",, 18295,"",  8225,"", 10070,"",   97.6,"",   96.8,"",   98.2,"",
"Income of individuals in 2020","    Average after-tax income in 2020 among recipients ($)",, 51850,"", 62350,"", 43240,"", 51850,"", 62350,"", 43240,"",
"Income of individuals in 2020","  Number of market income recipients aged 15 years and over in private households in 2020 - 25% sample data",, 16800,"",  7600,"",  9195,"",   89.6,"",   89.4,"",   89.7,"",
"Income of individuals in 2020","    Average market income in 2020 among recipients ($)",, 58100,"", 75500,"", 43680,"", 58100,"", 75500,"", 43680,"",
"Income of individuals in 2020","  Number of employment income recipients aged 15 years and over in private households in 2020 - 25% sample data",, 11095,"",  5375,"",  5720,"",   59.2,"",   63.2,"",   55.8,"",
"Income of individuals in 2020","    Average employment income in 2020 among recipients ($)",, 56000,"", 69500,"", 43360,"", 56000,"", 69500,"", 43360,"",
"Income of individuals in 2020","  Number of government transfers recipients aged 15 years and over in private households in 2020 - 25% sample data",, 15250,"",  6405,"",  8840,"",   81.3,"",   75.4,"",   86.2,"",
"Income of individuals in 2020","    Average government transfers in 2020 among recipients ($)",, 12720,"", 12220,"", 13080,"", 12720,"", 12220,"", 13080,"",
"Income of individuals in 2020","  Number of employment insurance benefits recipients aged 15 years and over in private households in 2020 - 25% sample data",,  1095,"",   445,"",   655,"",    5.8,"",    5.2,"",    6.4,"",
"Income of individuals in 2020","    Average employment insurance benefits in 2020 among recipients ($)",,  6880,"",  5700,"",  7680,"",  6880,"",  5700,"",  7680,"",
"Income of individuals in 2020","  Number of COVID-19 emergency and recovery benefits recipients aged 15 years and over in private households in 2020 - 25% sample data",,  4165,"",  1800,"",  2365,"",   22.2,"",   21.2,"",   23.1,"",
"Income of individuals in 2020","    Average COVID-19 emergency and recovery benefits in 2020 among recipients ($)",,  9570,"",  9390,"",  9700,"",  9570,"",  9390,"",  9700,"",
"Income of individuals in 2020","Total - Employment income statistics in 2020 for the population aged 15 years and over in private households - 25% sample data",12, 18745,"",  8500,"", 10245,"",  100.0,"",  100.0,"",  100.0,"",
"Income of individuals in 2020","  Number of employment income recipients in 2020 who worked full-year full-time in 2020 - 25% sample data",13,  4860,"",  2695,"",  2170,"",   25.9,"",   31.7,"",   21.2,"",
"Income of individuals in 2020","    Median employment income in 2020 for full-year full-time workers in 2020 ($)",14, 68500,"", 77000,"", 62000,"", 68500,"", 77000,"", 62000,"",
"Income of individuals in 2020","    Average employment income in 2020 for full-year full-time workers in 2020 ($)",15, 88900,"",102600,"", 71900,"", 88900,"",102600,"", 71900,"",
"Income of individuals in 2020","  Number of employment income recipients in 2020 who worked part-year or part-time in 2020 - 25% sample data",16,  4505,"",  1900,"",  2610,"",   24.0,"",   22.4,"",   25.5,"",
"Income of individuals in 2020","    Median employment income in 2020 of those who worked part-year or part-time in 2020 ($)",, 18800,"", 21400,"", 16800,"", 18800,"", 21400,"", 16800,"",
"Income of individuals in 2020","    Average employment income in 2020 of those who worked part-year or part-time in 2020 ($)",, 35120,"", 45120,"", 27840,"", 35120,"", 45120,"", 27840,"",
"Income of individuals in 2020","Composition of total income in 2020 of the population aged 15 years and over in private households (%) - 25% sample data",17,  100.0,"",  100.0,"",  100.0,"",  100.0,"",  100.0,"",  100.0,"",
"Income of individuals in 2020","  Market income (%)",18,   83.4,"",   88.0,"",   77.6,"",   83.4,"",   88.0,"",   77.6,"",
"Income of individuals in 2020","    Employment income (%)",19,   53.1,"",   57.2,"",   47.9,"",   53.1,"",   57.2,"",   47.9,"",
"Income of individuals in 2020","  Government transfers (%)",20,   16.6,"",   12.0,"",   22.4,"",   16.6,"",   12.0,"",   22.4,"",
"Income of individuals in 2020","    Employment insurance benefits (%)",,    0.7,"",    0.4,"",    1.0,"",    0.7,"",    0.4,"",    1.0,"",
"Income of individuals in 2020","    COVID-19 - Government income support and benefits (%)",,    4.3,"",    3.2,"",    5.7,"",    4.3,"",    3.2,"",    5.7,"",
"Income of individuals in 2020","      COVID-19 - Emergency and recovery benefits (%)",,    3.4,"",    2.6,"",    4.4,"",    3.4,"",    2.6,"",    4.4,"",
"Income of individuals in 2020","Total - Total income groups in 2020 for the population aged 15 years and over in private households - 100% data",21, 18745,"",  8500,"", 10250,"",  100.0,"",  100.0,"",  100.0,"",
"Income of individuals in 2020","  Without total income",,   450,"",   230,"",   225,"",    2.4,"",    2.7,"",    2.2,"",
"Income of individuals in 2020","  With total income",, 18295,"",  8270,"", 10020,"",   97.6,"",   97.3,"",   97.8,"",
"Income of individuals in 2020","    Under $10,000 (including loss)",,  1315,"",   545,"",   770,"",    7.2,"",    6.6,"",    7.7,"",
"Income of individuals in 2020","    $10,000 to $19,999",,  1990,"",   790,"",  1200,"",   10.9,"",    9.6,"",   12.0,"",
"Income of individuals in 2020","    $20,000 to $29,999",,  2915,"",  1045,"",  1865,"",   15.9,"",   12.6,"",   18.6,"",
"Income of individuals in 2020","    $30,000 to $39,999",,  2180,"",   830,"",  1355,"",   11.9,"",   10.0,"",   13.5,"",
"Income of individuals in 2020","    $40,000 to $49,999",,  1995,"",   845,"",  1150,"",   10.9,"",   10.2,"",   11.5,"",
"Income of individuals in 2020","    $50,000 to $59,999",,  1630,"",   680,"",   950,"",    8.9,"",    8.2,"",    9.5,"",
"Income of individuals in 2020","    $60,000 to $69,999",,  1300,"",   620,"",   680,"",    7.1,"",    7.5,"",    6.8,"",
"Income of individuals in 2020","    $70,000 to $79,999",,  1005,"",   485,"",   520,"",    5.5,"",    5.9,"",    5.2,"",
"Income of individuals in 2020","    $80,000 to $89,999",,   785,"",   435,"",   355,"",    4.3,"",    5.3,"",    3.5,"",
"Income of individuals in 2020","    $90,000 to $99,999",,   650,"",   335,"",   320,"",    3.6,"",    4.1,"",    3.2,"",
"Income of individuals in 2020","    $100,000 and over",,  2530,"",  1660,"",   865,"",   13.8,"",   20.1,"",    8.6,"",
"Income of individuals in 2020","      $100,000 to $149,999",,  1425,"",   875,"",   550,"",    7.8,"",   10.6,"",    5.5,"",
"Income of individuals in 2020","      $150,000 and over",,  1100,"",   785,"",   320,"",    6.0,"",    9.5,"",    3.2,"",
"Income of individuals in 2020","Total - After-tax income groups in 2020 for the population aged 15 years and over in private households - 100% data",22, 18745,"",  8500,"", 10250,"",  100.0,"",  100.0,"",  100.0,"",
"Income of individuals in 2020","  Without after-tax income",,   405,"",   205,"",   205,"",    2.2,"",    2.4,"",    2.0,"",
"Income of individuals in 2020","  With after-tax income",, 18340,"",  8290,"", 10050,"",   97.8,"",   97.5,"",   98.0,"",
"Income of individuals in 2020","    Under $10,000 (including loss)",,  1490,"",   610,"",   885,"",    8.1,"",    7.4,"",    8.8,"",
"Income of individuals in 2020","    $10,000 to $19,999",,  2080,"",   820,"",  1265,"",   11.3,"",    9.9,"",   12.6,"",
"Income of individuals in 2020","    $20,000 to $29,999",,  3195,"",  1190,"",  2005,"",   17.4,"",   14.4,"",   20.0,"",
"Income of individuals in 2020","    $30,000 to $39,999",,  2520,"",   965,"",  1555,"",   13.7,"",   11.6,"",   15.5,"",
"Income of individuals in 2020","    $40,000 to $49,999",,  2275,"",   950,"",  1320,"",   12.4,"",   11.5,"",   13.1,"",
"Income of individuals in 2020","    $50,000 to $59,999",,  1765,"",   815,"",   950,"",    9.6,"",    9.8,"",    9.5,"",
"Income of individuals in 2020","    $60,000 to $69,999",,  1255,"",   635,"",   620,"",    6.8,"",    7.7,"",    6.2,"",
"Income of individuals in 2020","    $70,000 to $79,999",,   985,"",   540,"",   440,"",    5.4,"",    6.5,"",    4.4,"",
"Income of individuals in 2020","    $80,000 to $89,999",,   705,"",   375,"",   325,"",    3.8,"",    4.5,"",    3.2,"",
"Income of individuals in 2020","    $90,000 to $99,999",,   465,"",   300,"",   165,"",    2.5,"",    3.6,"",    1.6,"",
"Income of individuals in 2020","    $100,000 and over",,  1605,"",  1090,"",   510,"",    8.8,"",   13.1,"",    5.1,"",
"Income of individuals in 2020","      $100,000 to $124,999",,   670,"",   425,"",   245,"",    3.7,"",    5.1,"",    2.4,"",
"Income of individuals in 2020","      $125,000 and over",,   935,"",   670,"",   265,"",    5.1,"",    8.1,"",    2.6,"",
"Income of individuals in 2020","Total - Employment income groups in 2020 for the population aged 15 years and over in private households - 100% data",19, 18745,"",  8500,"", 10250,"",  100.0,"",  100.0,"",  100.0,"",
"Income of individuals in 2020","  Without employment income",,  7650,"",  3080,"",  4570,"",   40.8,"",   36.2,"",   44.6,"",
"Income of individuals in 2020","  With employment income",, 11095,"",  5415,"",  5680,"",   59.2,"",   63.7,"",   55.4,"",
"Income of individuals in 2020","    Under $5,000 (including loss)",,  1895,"",   880,"",  1015,"",   17.1,"",   16.3,"",   17.9,"",
"Income of individuals in 2020","    $5,000 to $9,999",,   890,"",   360,"",   525,"",    8.0,"",    6.6,"",    9.2,"",
"Income of individuals in 2020","    $10,000 to $19,999",,  1220,"",   515,"",   710,"",   11.0,"",    9.5,"",   12.5,"",
"Income of individuals in 2020","    $20,000 to $29,999",,   960,"",   415,"",   545,"",    8.7,"",    7.7,"",    9.6,"",
"Income of individuals in 2020","    $30,000 to $39,999",,   785,"",   300,"",   480,"",    7.1,"",    5.5,"",    8.5,"",
"Income of individuals in 2020","    $40,000 to $49,999",,   855,"",   375,"",   480,"",    7.7,"",    6.9,"",    8.5,"",
"Income of individuals in 2020","    $50,000 to $59,999",,   805,"",   360,"",   445,"",    7.3,"",    6.6,"",    7.8,"",
"Income of individuals in 2020","    $60,000 to $69,999",,   685,"",   345,"",   340,"",    6.2,"",    6.4,"",    6.0,"",
"Income of individuals in 2020","    $70,000 to $79,999",,   535,"",   285,"",   250,"",    4.8,"",    5.3,"",    4.4,"",
"Income of individuals in 2020","    $80,000 to $89,999",,   450,"",   245,"",   200,"",    4.1,"",    4.5,"",    3.5,"",
"Income of individuals in 2020","    $90,000 to $99,999",,   435,"",   215,"",   220,"",    3.9,"",    4.0,"",    3.9,"",
"Income of individuals in 2020","    $100,000 and over",,  1585,"",  1115,"",   465,"",   14.3,"",   20.6,"",    8.2,"",
"Income of individuals in 2020","      $100,000 to $124,999",,   620,"",   395,"",   230,"",    5.6,"",    7.3,"",    4.0,"",
"Income of individuals in 2020","      $125,000 and over",,   970,"",   725,"",   240,"",    8.7,"",   13.4,"",    4.2,"",
"Income of individuals in 2019","Total - Income statistics in 2019 for the population aged 15 years and over in private households - 100% data",23, 18750,"",  8495,"", 10245,"",  100.0,"",  100.0,"",  100.0,"",
"Income of individuals in 2019","  Number of total income recipients aged 15 years and over in private households in 2019 - 100% data",, 17860,"",  8060,"",  9800,"",   95.3,"",   94.9,"",   95.7,"",
"Income of individuals in 2019","    Median total income in 2019 among recipients ($)",, 42400,"", 51600,"", 36400,"", 42400,"", 51600,"", 36400,"",
"Income of individuals in 2019","  Number of after-tax income recipients aged 15 years and over in private households in 2019 - 100% data",, 17900,"",  8065,"",  9830,"",   95.5,"",   94.9,"",   95.9,"",
"Income of individuals in 2019","    Median after-tax income in 2019 among recipients ($)",, 37600,"", 45200,"", 32800,"", 37600,"", 45200,"", 32800,"",
"Income of individuals in 2019","  Number of market income recipients aged 15 years and over in private households in 2019 - 100% data",, 16515,"",  7485,"",  9030,"",   88.1,"",   88.1,"",   88.1,"",
"Income of individuals in 2019","    Median market income in 2019 among recipients ($)",, 37600,"", 48400,"", 30400,"", 37600,"", 48400,"", 30400,"",
"Income of individuals in 2019","  Number of employment income recipients aged 15 years and over in private households in 2019 - 100% data",, 11835,"",  5600,"",  6235,"",   63.1,"",   65.9,"",   60.9,"",
"Income of individuals in 2019","    Median employment income in 2019 among recipients ($)",, 35600,"", 46000,"", 28200,"", 35600,"", 46000,"", 28200,"",
"Income of individuals in 2019","  Number of government transfers recipients aged 15 years and over in private households in 2019 - 100% data",, 12755,"",  5215,"",  7540,"",   68.0,"",   61.4,"",   73.6,"",
"Income of individuals in 2019","    Median government transfers in 2019 among recipients ($)",, 11600,"", 11900,"", 11400,"", 11600,"", 11900,"", 11400,"",
"Income of individuals in 2019","  Number of employment insurance benefits recipients aged 15 years and over in private households in 2019 -100% data",,   715,"",   290,"",   425,"",    3.8,"",    3.4,"",    4.1,"",
"Income of individuals in 2019","    Median employment insurance benefits in 2019 among recipients ($)",,  5400,"",  5160,"",  5680,"",  5400,"",  5160,"",  5680,"",
"Income of individuals in 2019","Total - Income statistics in 2019 for the population aged 15 years and over in private households - 25% sample data",24, 18750,"",  8500,"", 10250,"",  100.0,"",  100.0,"",  100.0,"",
"Income of individuals in 2019","  Number of total income recipients aged 15 years and over in private households in 2019 - 25% sample data",, 17850,"",  8065,"",  9785,"",   95.2,"",   94.9,"",   95.5,"",
"Income of individuals in 2019","    Average total income in 2019 among recipients ($)",, 61650,"", 75000,"", 50720,"", 61650,"", 75000,"", 50720,"",
"Income of individuals in 2019","  Number of after-tax income recipients aged 15 years and over in private households in 2019 - 25% sample data",, 17910,"",  8075,"",  9835,"",   95.5,"",   95.0,"",   96.0,"",
"Income of individuals in 2019","    Average after-tax income in 2019 among recipients ($)",, 50080,"", 59400,"", 42440,"", 50080,"", 59400,"", 42440,"",
"Income of individuals in 2019","  Number of market income recipients aged 15 years and over in private households in 2019 - 25% sample data",, 16570,"",  7495,"",  9085,"",   88.4,"",   88.2,"",   88.6,"",
"Income of individuals in 2019","    Average market income in 2019 among recipients ($)",, 58350,"", 73500,"", 45880,"", 58350,"", 73500,"", 45880,"",
"Income of individuals in 2019","  Number of employment income recipients aged 15 years and over in private households in 2019 - 25% sample data",, 11790,"",  5530,"",  6255,"",   62.9,"",   65.1,"",   61.0,"",
"Income of individuals in 2019","    Average employment income in 2019 among recipients ($)",, 53850,"", 66800,"", 42360,"", 53850,"", 66800,"", 42360,"",
"Income of individuals in 2019","  Number of government transfers recipients aged 15 years and over in private households in 2019 - 25% sample data",, 12865,"",  5280,"",  7585,"",   68.6,"",   62.1,"",   74.0,"",
"Income of individuals in 2019","    Average government transfers in 2019 among recipients ($)",, 10360,"", 10150,"", 10510,"", 10360,"", 10150,"", 10510,"",
"Income of individuals in 2019","  Number of employment insurance benefits recipients aged 15 years and over in private households in 2019 - 25% sample data",,   745,"",   295,"",   450,"",    4.0,"",    3.5,"",    4.4,"",
"Income of individuals in 2019","    Average employment insurance benefits in 2019 among recipients ($)",,  7400,"",  6400,"",  8040,"",  7400,"",  6400,"",  8040,"",
"Income of individuals in 2019","Total - Employment income statistics in 2019 for the population aged 15 years and over in private households - 25% sample data",25, 18745,"",  8500,"", 10245,"",  100.0,"",  100.0,"",  100.0,"",
"Income of individuals in 2019","  Number of employment income recipients in 2019 who worked full-year full-time in 2020 - 25% sample data",13,  4830,"",  2670,"",  2160,"",   25.8,"",   31.4,"",   21.1,"",
"Income of individuals in 2019","    Median employment income in 2019 for full-year full-time workers in 2020 ($)",14, 67000,"", 75500,"", 59200,"", 67000,"", 75500,"", 59200,"",
"Income of individuals in 2019","    Average employment income in 2019 for full-year full-time workers in 2020 ($)",15, 86500,"", 98500,"", 71700,"", 86500,"", 98500,"", 71700,"",
"Income of individuals in 2019","  Number of employment income recipients in 2019 who worked part-year or part-time in 2020 - 25% sample data",16,  4290,"",  1795,"",  2490,"",   22.9,"",   21.1,"",   24.3,"",
"Income of individuals in 2019","    Median employment income in 2019 of those who worked part-year or part-time in 2020 ($)",, 25800,"", 29000,"", 23800,"", 25800,"", 29000,"", 23800,"",
"Income of individuals in 2019","    Average employment income in 2019 of those who worked part-year or part-time in 2020 ($)",, 40440,"", 50960,"", 32880,"", 40440,"", 50960,"", 32880,"",
"Income of individuals in 2019","Composition of total income in 2019 of the population aged 15 years and over in private households (%) - 25% sample data",,  100.0,"",  100.0,"",  100.0,"",  100.0,"",  100.0,"",  100.0,"",
"Income of individuals in 2019","  Market income (%)",,   87.8,"",   91.2,"",   84.0,"",   87.8,"",   91.2,"",   84.0,"",
"Income of individuals in 2019","    Employment income (%)",,   57.6,"",   61.2,"",   53.4,"",   57.6,"",   61.2,"",   53.4,"",
"Income of individuals in 2019","  Government transfers (%)",,   12.1,"",    8.9,"",   16.1,"",   12.1,"",    8.9,"",   16.1,"",
"Income of individuals in 2019","    Employment insurance benefits (%)",,    0.5,"",    0.3,"",    0.7,"",    0.5,"",    0.3,"",    0.7,"",
"Income of households in 2020","Total - Income statistics for private households - 100% data",26, 10735,"",,"...",,"...",,"...",,"...",,"...",
"Income of households in 2020","  Median total income of household in 2020 ($)",, 73000,"",,"...",,"...", 73000,"",,"...",,"...",
"Income of households in 2020","  Median after-tax income of household in 2020 ($)",, 65000,"",,"...",,"...", 65000,"",,"...",,"...",
"Income of households in 2020","    Total - Income statistics for one-person private households - 100% data",,  4765,"",,"...",,"...",,"...",,"...",,"...",
"Income of households in 2020","      Median total income of one-person households in 2020 ($)",, 44800,"",,"...",,"...", 44800,"",,"...",,"...",
"Income of households in 2020","      Median after-tax income of one-person households in 2020 ($)",, 40400,"",,"...",,"...", 40400,"",,"...",,"...",
"Income of households in 2020","    Total - Income statistics for two-or-more-persons private households - 100% data",,  5970,"",,"...",,"...",,"...",,"...",,"...",
"Income of households in 2020","      Median total income of two-or-more-person households in 2020 ($)",,108000,"",,"...",,"...",108000,"",,"...",,"...",
"Income of households in 2020","      Median after-tax income of two-or-more-person households in 2020 ($)",, 95000,"",,"...",,"...", 95000,"",,"...",,"...",
"Income of households in 2020","Total - Income statistics for private households - 25% sample data",27, 10735,"",,"...",,"...",,"...",,"...",,"...",
"Income of households in 2020","  Average total income of household in 2020 ($)",,109000,"",,"...",,"...",109000,"",,"...",,"...",
"Income of households in 2020","  Average after-tax income of household in 2020 ($)",, 88400,"",,"...",,"...", 88400,"",,"...",,"...",
"Income of households in 2020","    Total - Income statistics for one-person private households - 25% sample data",,  4770,"",,"...",,"...",,"...",,"...",,"...",
"Income of households in 2020","      Average total income of one-person households in 2020 ($)",, 65600,"",,"...",,"...", 65600,"",,"...",,"...",
"Income of households in 2020","      Average after-tax income of one-person households in 2020 ($)",, 53700,"",,"...",,"...", 53700,"",,"...",,"...",
"Income of households in 2020","    Total - Income statistics for two-or-more-persons private households - 25% sample data",,  5960,"",,"...",,"...",,"...",,"...",,"...",
"Income of households in 2020","      Average total income of two-or-more-person households in 2020 ($)",,143600,"",,"...",,"...",143600,"",,"...",,"...",
"Income of households in 2020","      Average after-tax income of two-or-more-person households in 2020 ($)",,116100,"",,"...",,"...",116100,"",,"...",,"...",
"Income of households in 2020","Total - Household total income groups in 2020 for private households - 100% data",21, 10735,"",,"...",,"...",  100.0,"",,"...",,"...",
"Income of households in 2020","  Under $5,000",,   145,"",,"...",,"...",    1.4,"",,"...",,"...",
"Income of households in 2020","  $5,000 to $9,999",,    60,"",,"...",,"...",    0.6,"",,"...",,"...",
"Income of households in 2020","  $10,000 to $14,999",,   115,"",,"...",,"...",    1.1,"",,"...",,"...",
"Income of households in 2020","  $15,000 to $19,999",,   250,"",,"...",,"...",    2.3,"",,"...",,"...",
"Income of households in 2020","  $20,000 to $24,999",,   585,"",,"...",,"...",    5.4,"",,"...",,"...",
"Income of households in 2020","  $25,000 to $29,999",,   470,"",,"...",,"...",    4.4,"",,"...",,"...",
"Income of households in 2020","  $30,000 to $34,999",,   445,"",,"...",,"...",    4.1,"",,"...",,"...",
"Income of households in 2020","  $35,000 to $39,999",,   460,"",,"...",,"...",    4.3,"",,"...",,"...",
"Income of households in 2020","  $40,000 to $44,999",,   500,"",,"...",,"...",    4.7,"",,"...",,"...",
"Income of households in 2020","  $45,000 to $49,999",,   485,"",,"...",,"...",    4.5,"",,"...",,"...",
"Income of households in 2020","  $50,000 to $59,999",,   835,"",,"...",,"...",    7.8,"",,"...",,"...",
"Income of households in 2020","  $60,000 to $69,999",,   780,"",,"...",,"...",    7.3,"",,"...",,"...",
"Income of households in 2020","  $70,000 to $79,999",,   715,"",,"...",,"...",    6.7,"",,"...",,"...",
"Income of households in 2020","  $80,000 to $89,999",,   580,"",,"...",,"...",    5.4,"",,"...",,"...",
"Income of households in 2020","  $90,000 to $99,999",,   520,"",,"...",,"...",    4.8,"",,"...",,"...",
"Income of households in 2020","  $100,000 and over",,  3785,"",,"...",,"...",   35.3,"",,"...",,"...",
"Income of households in 2020","    $100,000 to $124,999",,  1010,"",,"...",,"...",    9.4,"",,"...",,"...",
"Income of households in 2020","    $125,000 to $149,999",,   690,"",,"...",,"...",    6.4,"",,"...",,"...",
"Income of households in 2020","    $150,000 to $199,999",,   930,"",,"...",,"...",    8.7,"",,"...",,"...",
"Income of households in 2020","    $200,000 and over",,  1155,"",,"...",,"...",   10.8,"",,"...",,"...",
"Income of households in 2020","Total - Household after-tax income groups in 2020 for private households - 100% data",22, 10735,"",,"...",,"...",  100.0,"",,"...",,"...",
"Income of households in 2020","  Under $5,000",,   200,"",,"...",,"...",    1.9,"",,"...",,"...",
"Income of households in 2020","  $5,000 to $9,999",,    65,"",,"...",,"...",    0.6,"",,"...",,"...",
"Income of households in 2020","  $10,000 to $14,999",,   120,"",,"...",,"...",    1.1,"",,"...",,"...",
"Income of households in 2020","  $15,000 to $19,999",,   265,"",,"...",,"...",    2.5,"",,"...",,"...",
"Income of households in 2020","  $20,000 to $24,999",,   605,"",,"...",,"...",    5.6,"",,"...",,"...",
"Income of households in 2020","  $25,000 to $29,999",,   545,"",,"...",,"...",    5.1,"",,"...",,"...",
"Income of households in 2020","  $30,000 to $34,999",,   505,"",,"...",,"...",    4.7,"",,"...",,"...",
"Income of households in 2020","  $35,000 to $39,999",,   560,"",,"...",,"...",    5.2,"",,"...",,"...",
"Income of households in 2020","  $40,000 to $44,999",,   580,"",,"...",,"...",    5.4,"",,"...",,"...",
"Income of households in 2020","  $45,000 to $49,999",,   525,"",,"...",,"...",    4.9,"",,"...",,"...",
"Income of households in 2020","  $50,000 to $59,999",,   970,"",,"...",,"...",    9.0,"",,"...",,"...",
"Income of households in 2020","  $60,000 to $69,999",,   830,"",,"...",,"...",    7.7,"",,"...",,"...",
"Income of households in 2020","  $70,000 to $79,999",,   755,"",,"...",,"...",    7.0,"",,"...",,"...",
"Income of households in 2020","  $80,000 to $89,999",,   615,"",,"...",,"...",    5.7,"",,"...",,"...",
"Income of households in 2020","  $90,000 to $99,999",,   525,"",,"...",,"...",    4.9,"",,"...",,"...",
"Income of households in 2020","  $100,000 and over",,  3070,"",,"...",,"...",   28.6,"",,"...",,"...",
"Income of households in 2020","    $100,000 to $124,999",,   995,"",,"...",,"...",    9.3,"",,"...",,"...",
"Income of households in 2020","    $125,000 to $149,999",,   660,"",,"...",,"...",    6.1,"",,"...",,"...",
"Income of households in 2020","    $150,000 and over",,  1410,"",,"...",,"...",   13.1,"",,"...",,"...",
"Income of economic families in 2020","Total - Income statistics for economic families in private households - 100% data",28,  5740,"",,"...",,"...",,"...",,"...",,"...",
"Income of economic families in 2020","  Median total income of economic family in 2020 ($)",,107000,"",,"...",,"...",107000,"",,"...",,"...",
"Income of economic families in 2020","  Median after-tax income of economic family in 2020 ($)",, 93000,"",,"...",,"...", 93000,"",,"...",,"...",
"Income of economic families in 2020","  Average family size of economic families",,    2.6,"",,"...",,"...",    2.6,"",,"...",,"...",
"Income of economic families in 2020","Total - Income statistics for couple-only economic families in private households - 100% data",,  3075,"",,"...",,"...",,"...",,"...",,"...",
"Income of economic families in 2020","  Median total income of couple-only economic families in 2020 ($)",,100000,"",,"...",,"...",100000,"",,"...",,"...",
"Income of economic families in 2020","  Median after-tax income of couple-only economic families in 2020 ($)",, 87000,"",,"...",,"...", 87000,"",,"...",,"...",
"Income of economic families in 2020","  Average family size of couple-only economic families",,    2.0,"",,"...",,"...",    2.0,"",,"...",,"...",
"Income of economic families in 2020","Total - Income statistics for couple-with-children economic families in private households - 100% data",,  1675,"",,"...",,"...",,"...",,"...",,"...",
"Income of economic families in 2020","  Median total income of couple-with-children economic families  in 2020 ($)",,152000,"",,"...",,"...",152000,"",,"...",,"...",
"Income of economic families in 2020","  Median after-tax income of couple-with-children economic families in 2020 ($)",,128000,"",,"...",,"...",128000,"",,"...",,"...",
"Income of economic families in 2020","  Average family size of couple-with-children economic families",,    3.9,"",,"...",,"...",    3.9,"",,"...",,"...",
"Income of economic families in 2020","Total - Income statistics for one-parent economic families in private households - 100% data",,   845,"",,"...",,"...",,"...",,"...",,"...",
"Income of economic families in 2020","  Median total income of one-parent economic families in 2020 ($)",, 72500,"",,"...",,"...", 72500,"",,"...",,"...",
"Income of economic families in 2020","  Median after-tax income of one-parent economic families in 2020 ($)",, 66500,"",,"...",,"...", 66500,"",,"...",,"...",
"Income of economic families in 2020","  Average family size of one-parent economic families",,    2.5,"",,"...",,"...",    2.5,"",,"...",,"...",
"Income of economic families in 2020","Total - Income statistics for persons aged 15 years and over not in economic families in private households - 100% data",29,  5555,"",  2125,"",  3425,"",,"...",,"...",,"...",
"Income of economic families in 2020","  Median total income in 2020 ($)",30, 44000,"", 46800,"", 42000,"", 44000,"", 46800,"", 42000,"",
"Income of economic families in 2020","  Median after-tax income in 2020 ($)",30, 40000,"", 42000,"", 38400,"", 40000,"", 42000,"", 38400,"",
"Income of economic families in 2020","Total - Income statistics for economic families in private households - 25% sample data",31,  5780,"",,"...",,"...",,"...",,"...",,"...",
"Income of economic families in 2020","  Average total income of economic family in 2020 ($)",,143000,"",,"...",,"...",143000,"",,"...",,"...",
"Income of economic families in 2020","  Average after-tax income of economic family in 2020 ($)",,115300,"",,"...",,"...",115300,"",,"...",,"...",
"Income of economic families in 2020","Total - Income statistics for couple-only economic families in private households - 25% sample data",,  3085,"",,"...",,"...",,"...",,"...",,"...",
"Income of economic families in 2020","  Average total income of couple-only economic families in 2020 ($)",,134400,"",,"...",,"...",134400,"",,"...",,"...",
"Income of economic families in 2020","  Average after-tax income of couple-only economic families in 2020 ($)",,107400,"",,"...",,"...",107400,"",,"...",,"...",
"Income of economic families in 2020","Total - Income statistics for couple-with-children economic families in private households - 25% sample data",,  1670,"",,"...",,"...",,"...",,"...",,"...",
"Income of economic families in 2020","  Average total income of couple-with-children economic families in 2020 ($)",,185000,"",,"...",,"...",185000,"",,"...",,"...",
"Income of economic families in 2020","  Average after-tax income of couple-with-children economic families in 2020 ($)",,149600,"",,"...",,"...",149600,"",,"...",,"...",
"Income of economic families in 2020","Total - Income statistics for one-parent economic families in private households - 25% sample data",,   845,"",,"...",,"...",,"...",,"...",,"...",
"Income of economic families in 2020","  Average total income of one-parent economic families in 2020 ($)",, 94200,"",,"...",,"...", 94200,"",,"...",,"...",
"Income of economic families in 2020","  Average after-tax income of one-parent economic families in 2020 ($)",, 77200,"",,"...",,"...", 77200,"",,"...",,"...",
"Income of economic families in 2020","Total - Income statistics for persons aged 15 years and over not in economic families in private households - 25% sample data",32,  5410,"",  2065,"",  3345,"",,"...",,"...",,"...",
"Income of economic families in 2020","  Average total income in 2020 ($)",30, 63500,"", 78600,"", 54200,"", 63500,"", 78600,"", 54200,"",
"Income of economic families in 2020","  Average after-tax income in 2020 ($)",30, 52250,"", 60800,"", 46960,"", 52250,"", 60800,"", 46960,"",
"Low income and income inequality in 2020","Total - LIM low-income status in 2020 for the population in private households - 100% data",33, 20725,"",  9525,"", 11200,"",  100.0,"",  100.0,"",  100.0,"",
"Low income and income inequality in 2020","  0 to 17 years",,  2485,"",  1295,"",  1195,"",   12.0,"",   13.6,"",   10.7,"",
"Low income and income inequality in 2020","    0 to 5 years",,   675,"",   340,"",   340,"",    3.3,"",    3.6,"",    3.0,"",
"Low income and income inequality in 2020","  18 to 64 years",, 11180,"",  5215,"",  5965,"",   53.9,"",   54.8,"",   53.3,"",
"Low income and income inequality in 2020","  65 years and over",,  7060,"",  3020,"",  4040,"",   34.1,"",   31.7,"",   36.1,"",
"Low income and income inequality in 2020","In low income based on the Low-income measure, after tax (LIM-AT)",,  2645,"",  1100,"",  1550,"",,"...",,"...",,"...",
"Low income and income inequality in 2020","  0 to 17 years",,   365,"",   195,"",   170,"",,"...",,"...",,"...",
"Low income and income inequality in 2020","    0 to 5 years",,   100,"",    50,"",    45,"",,"...",,"...",,"...",
"Low income and income inequality in 2020","  18 to 64 years",,  1330,"",   580,"",   750,"",,"...",,"...",,"...",
"Low income and income inequality in 2020","  65 years and over",,   950,"",   320,"",   630,"",,"...",,"...",,"...",
"Low income and income inequality in 2020","Prevalence of low income based on the Low-income measure, after tax (LIM-AT) (%)",,   12.8,"",   11.5,"",   13.8,"",   12.8,"",   11.5,"",   13.8,"",
"Low income and income inequality in 2020","  0 to 17 years (%)",,   14.7,"",   15.2,"",   14.2,"",   14.7,"",   15.2,"",   14.2,"",
"Low income and income inequality in 2020","    0 to 5 years (%)",,   14.6,"",   14.8,"",   14.4,"",   14.6,"",   14.8,"",   14.4,"",
"Low income and income inequality in 2020","  18 to 64 years (%)",,   11.9,"",   11.2,"",   12.6,"",   11.9,"",   11.2,"",   12.6,"",
"Low income and income inequality in 2020","  65 years and over (%)",,   13.5,"",   10.7,"",   15.6,"",   13.5,"",   10.7,"",   15.6,"",
"Low income and income inequality in 2020","Total - LICO low-income status in 2020 for the population in private households to whom the low-income concept is applicable - 100% data",33, 20725,"",  9530,"", 11195,"",  100.0,"",  100.0,"",  100.0,"",
"Low income and income inequality in 2020","  0 to 17 years",,  2490,"",  1295,"",  1190,"",   12.0,"",   13.6,"",   10.6,"",
"Low income and income inequality in 2020","    0 to 5 years",,   680,"",   340,"",   340,"",    3.3,"",    3.6,"",    3.0,"",
"Low income and income inequality in 2020","  18 to 64 years",, 11180,"",  5215,"",  5965,"",   53.9,"",   54.7,"",   53.3,"",
"Low income and income inequality in 2020","  65 years and over",,  7060,"",  3020,"",  4040,"",   34.1,"",   31.7,"",   36.1,"",
"Low income and income inequality in 2020","In low income based on the Low-income cut-offs, after tax (LICO-AT)",,  1130,"",   520,"",   615,"",,"...",,"...",,"...",
"Low income and income inequality in 2020","  0 to 17 years",,   170,"",    85,"",    85,"",,"...",,"...",,"...",
"Low income and income inequality in 2020","    0 to 5 years",,    35,"",    15,"",    20,"",,"...",,"...",,"...",
"Low income and income inequality in 2020","  18 to 64 years",,   775,"",   360,"",   415,"",,"...",,"...",,"...",
"Low income and income inequality in 2020","  65 years and over",,   190,"",    80,"",   115,"",,"...",,"...",,"...",
"Low income and income inequality in 2020","Prevalence of low income based on the Low-income cut-offs, after tax (LICO-AT) (%)",,    5.5,"",    5.5,"",    5.5,"",    5.5,"",    5.5,"",    5.5,"",
"Low income and income inequality in 2020","  0 to 17 years (%)",,    6.8,"",    6.3,"",    7.2,"",    6.8,"",    6.3,"",    7.2,"",
"Low income and income inequality in 2020","    0 to 5 years (%)",,    5.2,"",    4.0,"",    6.4,"",    5.2,"",    4.0,"",    6.4,"",
"Low income and income inequality in 2020","  18 to 64 years (%)",,    6.9,"",    6.9,"",    7.0,"",    6.9,"",    6.9,"",    7.0,"",
"Low income and income inequality in 2020","  65 years and over (%)",,    2.7,"",    2.6,"",    2.8,"",    2.7,"",    2.6,"",    2.8,"",
"Low income and income inequality in 2020","Total - Adjusted after-tax economic family income decile group for the population in private households - 100% data",34, 20725,"",  9525,"", 11195,"",  100.0,"",  100.0,"",  100.0,"",
"Low income and income inequality in 2020","  In bottom half of the distribution",,  9660,"",  4130,"",  5530,"",   46.6,"",   43.4,"",   49.4,"",
"Low income and income inequality in 2020","    In bottom decile",,  2365,"",  1020,"",  1345,"",   11.4,"",   10.7,"",   12.0,"",
"Low income and income inequality in 2020","    In second decile",,  1910,"",   765,"",  1140,"",    9.2,"",    8.0,"",   10.2,"",
"Low income and income inequality in 2020","    In third decile",,  1775,"",   750,"",  1025,"",    8.6,"",    7.9,"",    9.2,"",
"Low income and income inequality in 2020","    In fourth decile",,  1805,"",   805,"",  1000,"",    8.7,"",    8.5,"",    8.9,"",
"Low income and income inequality in 2020","    In fifth decile",,  1800,"",   785,"",  1015,"",    8.7,"",    8.2,"",    9.1,"",
"Low income and income inequality in 2020","  In top half of the distribution",, 11065,"",  5395,"",  5670,"",   53.4,"",   56.6,"",   50.6,"",
"Low income and income inequality in 2020","    In sixth decile",,  1780,"",   820,"",   965,"",    8.6,"",    8.6,"",    8.6,"",
"Low income and income inequality in 2020","    In seventh decile",,  1850,"",   880,"",   970,"",    8.9,"",    9.2,"",    8.7,"",
"Low income and income inequality in 2020","    In eighth decile",,  1995,"",   950,"",  1050,"",    9.6,"",   10.0,"",    9.4,"",
"Low income and income inequality in 2020","    In ninth decile",,  2135,"",  1070,"",  1065,"",   10.3,"",   11.2,"",    9.5,"",
"Low income and income inequality in 2020","    In top decile",,  3305,"",  1690,"",  1615,"",   15.9,"",   17.7,"",   14.4,"",
"Low income and income inequality in 2020","Total - Inequality measures for the population in private households - 100% data",35, 20725,"",,"...",,"...", 20725,"",,"...",,"...",
"Low income and income inequality in 2020","  Gini index on adjusted household total income",,    0.395,"",,"...",,"...",    0.395,"",,"...",,"...",
"Low income and income inequality in 2020","  Gini index on adjusted household market income",,    0.502,"",,"...",,"...",    0.502,"",,"...",,"...",
"Low income and income inequality in 2020","  Gini index on adjusted household after-tax income",,    0.349,"",,"...",,"...",    0.349,"",,"...",,"...",
"Low income and income inequality in 2020","  P90/P10 ratio on adjusted household after-tax income",,    4.8,"",,"...",,"...",    4.8,"",,"...",,"...",
"Knowledge of official languages","Total - Knowledge of official languages for the total population excluding institutional residents - 100% data",36, 20855,"",  9570,"", 11290,"",  100.0,"",  100.0,"",  100.0,"",
"Knowledge of official languages","  English only",, 18770,"",  8685,"", 10085,"",   90.0,"",   90.8,"",   89.3,"",
"Knowledge of official languages","  French only",,    10,"",     5,"",     5,"",    0.0,"",    0.1,"",    0.0,"",
"Knowledge of official languages","  English and French",,  1680,"",   730,"",   950,"",    8.1,"",    7.6,"",    8.4,"",
"Knowledge of official languages","  Neither English nor French",,   395,"",   145,"",   250,"",    1.9,"",    1.5,"",    2.2,"",
"First official language spoken","Total - First official language spoken for the total population excluding institutional residents - 100% data",37, 20855,"",  9570,"", 11290,"",  100.0,"",  100.0,"",  100.0,"",
"First official language spoken","  English",, 20140,"",  9295,"", 10850,"",   96.6,"",   97.1,"",   96.1,"",
"First official language spoken","  French",,   270,"",   100,"",   175,"",    1.3,"",    1.0,"",    1.6,"",
"First official language spoken","  English and French",,    60,"",    30,"",    30,"",    0.3,"",    0.3,"",    0.3,"",
"First official language spoken","  Neither English nor French",,   380,"",   145,"",   240,"",    1.8,"",    1.5,"",    2.1,"",
"Mother tongue","Total - Mother tongue for the total population excluding institutional residents - 100% data",38, 20855,"",  9570,"", 11290,"",  100.0,"",  100.0,"",  100.0,"",
"Mother tongue","  Single responses",, 20235,"",  9300,"", 10935,"",   97.0,"",   97.2,"",   96.9,"",
"Mother tongue","    Official languages",, 15720,"",  7370,"",  8355,"",   75.4,"",   77.0,"",   74.0,"",
"Mother tongue","      English",, 15445,"",  7265,"",  8175,"",   74.1,"",   75.9,"",   72.4,"",
"Mother tongue","      French",,   280,"",   105,"",   175,"",    1.3,"",    1.1,"",    1.6,"",
"Mother tongue","    Non-official languages",,  4515,"",  1930,"",  2585,"",   21.6,"",   20.2,"",   22.9,"",
"Mother tongue","      Indigenous languages",39,     5,"",     0,"",     0,"",    0.0,"",    0.0,"",    0.0,"",
"Mother tongue","        Algonquian languages",,     0,"",     0,"",     0,"",    0.0,"",    0.0,"",    0.0,"",
"Mother tongue","          Blackfoot",,     0,"",     0,"",     0,"",    0.0,"",    0.0,"",    0.0,"",
"Mother tongue","          Cree-Innu languages",,     0,"",     0,"",     0,"",    0.0,"",    0.0,"",    0.0,"",
"Mother tongue","            Atikamekw",,     0,"",     0,"",     0,"",    0.0,"",    0.0,"",    0.0,"",
"Mother tongue","            Cree languages",,     0,"",     0,"",     0,"",    0.0,"",    0.0,"",    0.0,"",
"Mother tongue","              Ililimowin (Moose Cree)",,     0,"",     0,"",     0,"",    0.0,"",    0.0,"",    0.0,"",
"Mother tongue","              Inu Ayimun (Southern East Cree)",,     0,"",     0,"",     0,"",    0.0,"",    0.0,"",    0.0,"",
"Mother tongue","              Iyiyiw-Ayimiwin (Northern East Cree)",,     0,"",     0,"",     0,"",    0.0,"",    0.0,"",    0.0,"",
"Mother tongue","              Nehinawewin (Swampy Cree)",,     0,"",     0,"",     0,"",    0.0,"",    0.0,"",    0.0,"",
"Mother tongue","              Nehiyawewin (Plains Cree)",,     0,"",     0,"",     0,"",    0.0,"",    0.0,"",    0.0,"",
"Mother tongue","              Nihithawiwin (Woods Cree)",,     0,"",     0,"",     0,"",    0.0,"",    0.0,"",    0.0,"",
"Mother tongue","              Cree, n.o.s.",,     0,"",     0,"",     0,"",    0.0,"",    0.0,"",    0.0,"",
"Mother tongue","            Innu (Montagnais)",,     0,"",     0,"",     0,"",    0.0,"",    0.0,"",    0.0,"",
"Mother tongue","            Naskapi",,     0,"",     0,"",     0,"",    0.0,"",    0.0,"",    0.0,"",
"Mother tongue","          Eastern Algonquian languages",,     0,"",     0,"",     0,"",    0.0,"",    0.0,"",    0.0,"",
"Mother tongue","            Mi'kmaq",,     0,"",     0,"",     0,"",    0.0,"",    0.0,"",    0.0,"",
"Mother tongue","            Wolastoqewi (Malecite)",,     0,"",     0,"",     0,"",    0.0,"",    0.0,"",    0.0,"",
"Mother tongue","          Ojibway-Potawatomi languages",,     0,"",     0,"",     0,"",    0.0,"",    0.0,"",    0.0,"",
"Mother tongue","            Anicinabemowin (Algonquin)",,     0,"",     0,"",     0,"",    0.0,"",    0.0,"",    0.0,"",
"Mother tongue","            Oji-Cree",,     0,"",     0,"",     0,"",    0.0,"",    0.0,"",    0.0,"",
"Mother tongue","            Ojibway languages",,     0,"",     0,"",     0,"",    0.0,"",    0.0,"",    0.0,"",
"Mother tongue","              Anishinaabemowin (Chippewa)",,     0,"",     0,"",     0,"",    0.0,"",    0.0,"",    0.0,"",
"Mother tongue","              Daawaamwin (Odawa)",,     0,"",     0,"",     0,"",    0.0,"",    0.0,"",    0.0,"",
"Mother tongue","              Saulteau (Western Ojibway)",,     0,"",     0,"",     0,"",    0.0,"",    0.0,"",    0.0,"",
"Mother tongue","              Ojibway, n.o.s.",,     0,"",     0,"",     0,"",    0.0,"",    0.0,"",    0.0,"",
"Mother tongue","          Algonquian languages, n.i.e.",,     0,"",     0,"",     0,"",    0.0,"",    0.0,"",    0.0,"",
"Mother tongue","        Athabaskan languages",,     0,"",     0,"",     0,"",    0.0,"",    0.0,"",    0.0,"",
"Mother tongue","          Northern Athabaskan languages",,     0,"",     0,"",     0,"",    0.0,"",    0.0,"",    0.0,"",
"Mother tongue","            Dakelh (Carrier)",,     0,"",     0,"",     0,"",    0.0,"",    0.0,"",    0.0,"",
"Mother tongue","            Dane-zaa (Beaver)",,     0,"",     0,"",     0,"",    0.0,"",    0.0,"",    0.0,"",
"Mother tongue","            Dene, n.o.s.",,     0,"",     0,"",     0,"",    0.0,"",    0.0,"",    0.0,"",
"Mother tongue","            Gwich'in",,     0,"",     0,"",     0,"",    0.0,"",    0.0,"",    0.0,"",
"Mother tongue","            Slavey-Hare languages",,     0,"",     0,"",     0,"",    0.0,"",    0.0,"",    0.0,"",
"Mother tongue","              Deh Gah Ghotie Zhatie (South Slavey)",,     0,"",     0,"",     0,"",    0.0,"",    0.0,"",    0.0,"",
"Mother tongue","              Satuotine Yati (North Slavey)",,     0,"",     0,"",     0,"",    0.0,"",    0.0,"",    0.0,"",
"Mother tongue","              Slavey, n.o.s.",,     0,"",     0,"",     0,"",    0.0,"",    0.0,"",    0.0,"",
"Mother tongue","            Tahltan languages",,     0,"",     0,"",     0,"",    0.0,"",    0.0,"",    0.0,"",
"Mother tongue","              Kaska (Nahani)",,     0,"",     0,"",     0,"",    0.0,"",    0.0,"",    0.0,"",
"Mother tongue","              Tahltan",,     0,"",     0,"",     0,"",    0.0,"",    0.0,"",    0.0,"",
"Mother tongue","            Tlicho (Dogrib)",,     0,"",     0,"",     0,"",    0.0,"",    0.0,"",    0.0,"",
"Mother tongue","            Tse'khene (Sekani)",,     0,"",     0,"",     0,"",    0.0,"",    0.0,"",    0.0,"",
"Mother tongue","            Tsilhqot'in (Chilcotin)",,     0,"",     0,"",     0,"",    0.0,"",    0.0,"",    0.0,"",
"Mother tongue","            Tsuu T'ina (Sarsi)",,     0,"",     0,"",     0,"",    0.0,"",    0.0,"",    0.0,"",
"Mother tongue","            Tutchone languages",,     0,"",     0,"",     0,"",    0.0,"",    0.0,"",    0.0,"",
"Mother tongue","              Northern Tutchone",,     0,"",     0,"",     0,"",    0.0,"",    0.0,"",    0.0,"",
"Mother tongue","              Southern Tutchone",,     0,"",     0,"",     0,"",    0.0,"",    0.0,"",    0.0,"",
"Mother tongue","              Tutchone, n.o.s.",,     0,"",     0,"",     0,"",    0.0,"",    0.0,"",    0.0,"",
"Mother tongue","            Wetsuwet'en-Babine",,     0,"",     0,"",     0,"",    0.0,"",    0.0,"",    0.0,"",
"Mother tongue","          Tlingit",,     0,"",     0,"",     0,"",    0.0,"",    0.0,"",    0.0,"",
"Mother tongue","          Athabaskan languages, n.i.e.",,     0,"",     0,"",     0,"",    0.0,"",    0.0,"",    0.0,"",
"Mother tongue","        Haida",,     0,"",     0,"",     0,"",    0.0,"",    0.0,"",    0.0,"",
"Mother tongue","        Inuktut (Inuit) languages",,     0,"",     0,"",     0,"",    0.0,"",    0.0,"",    0.0,"",
"Mother tongue","          Inuinnaqtun (Inuvialuktun)",,     0,"",     0,"",     0,"",    0.0,"",    0.0,"",    0.0,"",
"Mother tongue","            Inuinnaqtun",,     0,"",     0,"",     0,"",    0.0,"",    0.0,"",    0.0,"",
"Mother tongue","            Inuvialuktun",,     0,"",     0,"",     0,"",    0.0,"",    0.0,"",    0.0,"",
"Mother tongue","          Inuktitut",,     0,"",     0,"",     0,"",    0.0,"",    0.0,"",    0.0,"",
"Mother tongue","          Inuktut (Inuit) languages, n.i.e.",,     0,"",     0,"",     0,"",    0.0,"",    0.0,"",    0.0,"",
"Mother tongue","        Iroquoian languages",,     0,"",     0,"",     0,"",    0.0,"",    0.0,"",    0.0,"",
"Mother tongue","          Cayuga",,     0,"",     0,"",     0,"",    0.0,"",    0.0,"",    0.0,"",
"Mother tongue","          Mohawk",,     0,"",     0,"",     0,"",    0.0,"",    0.0,"",    0.0,"",
"Mother tongue","          Oneida",,     0,"",     0,"",     0,"",    0.0,"",    0.0,"",    0.0,"",
"Mother tongue","          Iroquoian languages, n.i.e.",,     0,"",     0,"",     0,"",    0.0,"",    0.0,"",    0.0,"",
"Mother tongue","        Ktunaxa (Kutenai)",,     0,"",     0,"",     0,"",    0.0,"",    0.0,"",    0.0,"",
"Mother tongue","        Michif",,     0,"",     0,"",     0,"",    0.0,"",    0.0,"",    0.0,"",
"Mother tongue","        Salish languages",,     0,"",     0,"",     0,"",    0.0,"",    0.0,"",    0.0,"",
"Mother tongue","          Halkomelem",,     0,"",     0,"",     0,"",    0.0,"",    0.0,"",    0.0,"",
"Mother tongue","          Lillooet",,     0,"",     0,"",     0,"",    0.0,"",    0.0,"",    0.0,"",
"Mother tongue","          Ntlakapamux (Thompson)",,     0,"",     0,"",     0,"",    0.0,"",    0.0,"",    0.0,"",
"Mother tongue","          Secwepemctsin (Shuswap)",,     0,"",     0,"",     0,"",    0.0,"",    0.0,"",    0.0,"",
"Mother tongue","          Squamish",,     0,"",     0,"",     0,"",    0.0,"",    0.0,"",    0.0,"",
"Mother tongue","          Straits",,     0,"",     0,"",     0,"",    0.0,"",    0.0,"",    0.0,"",
"Mother tongue","          Syilx (Okanagan)",,     0,"",     0,"",     0,"",    0.0,"",    0.0,"",    0.0,"",
"Mother tongue","          Salish languages, n.i.e.",,     0,"",     0,"",     0,"",    0.0,"",    0.0,"",    0.0,"",
"Mother tongue","        Siouan languages",,     0,"",     0,"",     0,"",    0.0,"",    0.0,"",    0.0,"",
"Mother tongue","          Assiniboine",,     0,"",     0,"",     0,"",    0.0,"",    0.0,"",    0.0,"",
"Mother tongue","          Dakota",,     0,"",     0,"",     0,"",    0.0,"",    0.0,"",    0.0,"",
"Mother tongue","          Stoney",,     0,"",     0,"",     0,"",    0.0,"",    0.0,"",    0.0,"",
"Mother tongue","          Siouan languages, n.i.e.",,     0,"",     0,"",     0,"",    0.0,"",    0.0,"",    0.0,"",
"Mother tongue","        Tsimshian languages",,     0,"",     0,"",     0,"",    0.0,"",    0.0,"",    0.0,"",
"Mother tongue","          Gitxsan (Gitksan)",,     0,"",     0,"",     0,"",    0.0,"",    0.0,"",    0.0,"",
"Mother tongue","          Nisga'a",,     0,"",     0,"",     0,"",    0.0,"",    0.0,"",    0.0,"",
"Mother tongue","          Tsimshian",,     0,"",     0,"",     0,"",    0.0,"",    0.0,"",    0.0,"",
"Mother tongue","        Wakashan languages",,     0,"",     0,"",     0,"",    0.0,"",    0.0,"",    0.0,"",
"Mother tongue","          Haisla",,     0,"",     0,"",     0,"",    0.0,"",    0.0,"",    0.0,"",
"Mother tongue","          Heiltsuk",,     0,"",     0,"",     0,"",    0.0,"",    0.0,"",    0.0,"",
"Mother tongue","          Kwak'wala (Kwakiutl)",,     0,"",     0,"",     0,"",    0.0,"",    0.0,"",    0.0,"",
"Mother tongue","          Nuu-chah-nulth (Nootka)",,     0,"",     0,"",     0,"",    0.0,"",    0.0,"",    0.0,"",
"Mother tongue","          Wakashan languages, n.i.e.",,     0,"",     0,"",     0,"",    0.0,"",    0.0,"",    0.0,"",
"Mother tongue","        Indigenous languages, n.i.e.",,     0,"",     0,"",     0,"",    0.0,"",    0.0,"",    0.0,"",
"Mother tongue","        Indigenous languages, n.o.s.",,     0,"",     0,"",     0,"",    0.0,"",    0.0,"",    0.0,"",
"Mother tongue","      Non-Indigenous languages",,  4515,"",  1930,"",  2585,"",   21.6,"",   20.2,"",   22.9,"",
"Mother tongue","        Afro-Asiatic languages",,    70,"",    40,"",    30,"",    0.3,"",    0.4,"",    0.3,"",
"Mother tongue","          Berber languages",,     0,"",     0,"",     0,"",    0.0,"",    0.0,"",    0.0,"",
"Mother tongue","            Kabyle",,     0,"",     0,"",     0,"",    0.0,"",    0.0,"",    0.0,"",
"Mother tongue","            Tamazight",,     0,"",     0,"",     0,"",    0.0,"",    0.0,"",    0.0,"",
"Mother tongue","            Berber languages, n.i.e.",,     0,"",     0,"",     0,"",    0.0,"",    0.0,"",    0.0,"",
"Mother tongue","          Chadic languages",,     0,"",     0,"",     0,"",    0.0,"",    0.0,"",    0.0,"",
"Mother tongue","            Hausa",,     0,"",     0,"",     0,"",    0.0,"",    0.0,"",    0.0,"",
"Mother tongue","            Mina",,     0,"",     0,"",     0,"",    0.0,"",    0.0,"",    0.0,"",
"Mother tongue","          Coptic",,     0,"",     0,"",     0,"",    0.0,"",    0.0,"",    0.0,"",
"Mother tongue","          Cushitic languages",,     0,"",     0,"",     0,"",    0.0,"",    0.0,"",    0.0,"",
"Mother tongue","            Bilen",,     0,"",     0,"",     0,"",    0.0,"",    0.0,"",    0.0,"",
"Mother tongue","            Oromo",,     0,"",     0,"",     0,"",    0.0,"",    0.0,"",    0.0,"",
"Mother tongue","            Somali",,     0,"",     0,"",     0,"",    0.0,"",    0.0,"",    0.0,"",
"Mother tongue","            Cushitic languages, n.i.e.",,     0,"",     0,"",     0,"",    0.0,"",    0.0,"",    0.0,"",
"Mother tongue","          Semitic languages",,    70,"",    35,"",    30,"",    0.3,"",    0.4,"",    0.3,"",
"Mother tongue","            Amharic",,     0,"",     0,"",     0,"",    0.0,"",    0.0,"",    0.0,"",
"Mother tongue","            Arabic",,    50,"",    30,"",    25,"",    0.2,"",    0.3,"",    0.2,"",
"Mother tongue","            Aramaic languages",,     5,"",     5,"",     5,"",    0.0,"",    0.1,"",    0.0,"",
"Mother tongue","              Assyrian Neo-Aramaic",,     0,"",     0,"",     0,"",    0.0,"",    0.0,"",    0.0,"",
"Mother tongue","              Chaldean Neo-Aramaic",,     0,"",     0,"",     0,"",    0.0,"",    0.0,"",    0.0,"",
"Mother tongue","              Aramaic, n.o.s.",,     0,"",     0,"",     0,"",    0.0,"",    0.0,"",    0.0,"",
"Mother tongue","            Harari",,     0,"",     0,"",     0,"",    0.0,"",    0.0,"",    0.0,"",
"Mother tongue","            Hebrew",,     5,"",     0,"",     5,"",    0.0,"",    0.0,"",    0.0,"",
"Mother tongue","            Maltese",,     0,"",     0,"",     0,"",    0.0,"",    0.0,"",    0.0,"",
"Mother tongue","            Tigrigna",,     0,"",     0,"",     0,"",    0.0,"",    0.0,"",    0.0,"",
"Mother tongue","            Semitic languages, n.i.e.",,     0,"",     0,"",     0,"",    0.0,"",    0.0,"",    0.0,"",
"Mother tongue","        Austro-Asiatic languages",,    30,"",    15,"",    20,"",    0.1,"",    0.2,"",    0.2,"",
"Mother tongue","          Khmer (Cambodian)",,     0,"",     0,"",     0,"",    0.0,"",    0.0,"",    0.0,"",
"Mother tongue","          Vietnamese",,    30,"",    15,"",    20,"",    0.1,"",    0.2,"",    0.2,"",
"Mother tongue","          Austro-Asiatic languages, n.i.e",,     0,"",     0,"",     0,"",    0.0,"",    0.0,"",    0.0,"",
"Mother tongue","        Austronesian languages",,   260,"",    75,"",   180,"",    1.2,"",    0.8,"",    1.6,"",
"Mother tongue","          Bikol",,     0,"",     0,"",     0,"",    0.0,"",    0.0,"",    0.0,"",
"Mother tongue","          Bisaya, n.o.s.",,     5,"",     0,"",     5,"",    0.0,"",    0.0,"",    0.0,"",
"Mother tongue","          Cebuano",,    15,"",     5,"",    10,"",    0.1,"",    0.1,"",    0.1,"",
"Mother tongue","          Fijian",,     0,"",     0,"",     0,"",    0.0,"",    0.0,"",    0.0,"",
"Mother tongue","          Hiligaynon",,     5,"",     0,"",     5,"",    0.0,"",    0.0,"",    0.0,"",
"Mother tongue","          Ilocano",,    10,"",     0,"",    10,"",    0.0,"",    0.0,"",    0.1,"",
"Mother tongue","          Indonesian",,     5,"",     0,"",     5,"",    0.0,"",    0.0,"",    0.0,"",
"Mother tongue","          Kankanaey",,     0,"",     0,"",     0,"",    0.0,"",    0.0,"",    0.0,"",
"Mother tongue","          Kinaray-a",,     0,"",     0,"",     0,"",    0.0,"",    0.0,"",    0.0,"",
"Mother tongue","          Malagasy languages",,     0,"",     0,"",     0,"",    0.0,"",    0.0,"",    0.0,"",
"Mother tongue","            Merina",,     0,"",     0,"",     0,"",    0.0,"",    0.0,"",    0.0,"",
"Mother tongue","            Malagasy, n.o.s.",,     0,"",     0,"",     0,"",    0.0,"",    0.0,"",    0.0,"",
"Mother tongue","          Malay",,     0,"",     0,"",     0,"",    0.0,"",    0.0,"",    0.0,"",
"Mother tongue","          Pampangan (Kapampangan, Pampango)",,     0,"",     0,"",     0,"",    0.0,"",    0.0,"",    0.0,"",
"Mother tongue","          Pangasinan",,     0,"",     0,"",     0,"",    0.0,"",    0.0,"",    0.0,"",
"Mother tongue","          Tagalog (Pilipino, Filipino)",,   215,"",    65,"",   150,"",    1.0,"",    0.7,"",    1.3,"",
"Mother tongue","          Waray-Waray",,     5,"",     0,"",     5,"",    0.0,"",    0.0,"",    0.0,"",
"Mother tongue","          Austronesian languages, n.i.e.",,     0,"",     0,"",     0,"",    0.0,"",    0.0,"",    0.0,"",
"Mother tongue","        Creole languages",,     0,"",     0,"",     0,"",    0.0,"",    0.0,"",    0.0,"",
"Mother tongue","          Haitian Creole",,     0,"",     0,"",     0,"",    0.0,"",    0.0,"",    0.0,"",
"Mother tongue","          Jamaican English Creole",,     0,"",     0,"",     0,"",    0.0,"",    0.0,"",    0.0,"",
"Mother tongue","          Krio",,     0,"",     0,"",     0,"",    0.0,"",    0.0,"",    0.0,"",
"Mother tongue","          Morisyen",,     0,"",     0,"",     0,"",    0.0,"",    0.0,"",    0.0,"",
"Mother tongue","          Sango",,     0,"",     0,"",     0,"",    0.0,"",    0.0,"",    0.0,"",
"Mother tongue","          Creole, n.o.s.",,     0,"",     0,"",     0,"",    0.0,"",    0.0,"",    0.0,"",
"Mother tongue","          Creole languages, n.i.e.",,     0,"",     0,"",     0,"",    0.0,"",    0.0,"",    0.0,"",
"Mother tongue","        Dravidian languages",,    15,"",     5,"",     5,"",    0.1,"",    0.1,"",    0.0,"",
"Mother tongue","          Kannada",,     0,"",     0,"",     0,"",    0.0,"",    0.0,"",    0.0,"",
"Mother tongue","          Malayalam",,     5,"",     5,"",     0,"",    0.0,"",    0.1,"",    0.0,"",
"Mother tongue","          Tamil",,     5,"",     0,"",     5,"",    0.0,"",    0.0,"",    0.0,"",
"Mother tongue","          Telugu",,     0,"",     0,"",     0,"",    0.0,"",    0.0,"",    0.0,"",
"Mother tongue","          Tulu",,     0,"",     0,"",     0,"",    0.0,"",    0.0,"",    0.0,"",
"Mother tongue","          Dravidian languages, n.i.e.",,     0,"",     0,"",     0,"",    0.0,"",    0.0,"",    0.0,"",
"Mother tongue","        Georgian",,     0,"",     0,"",     0,"",    0.0,"",    0.0,"",    0.0,"",
"Mother tongue","        Hmong-Mien languages",,     0,"",     0,"",     0,"",    0.0,"",    0.0,"",    0.0,"",
"Mother tongue","        Indo-European languages",,  2470,"",  1080,"",  1390,"",   11.8,"",   11.3,"",   12.3,"",
"Mother tongue","          Albanian",,     0,"",     0,"",     0,"",    0.0,"",    0.0,"",    0.0,"",
"Mother tongue","          Armenian",,    10,"",     5,"",     5,"",    0.0,"",    0.1,"",    0.0,"",
"Mother tongue","          Balto-Slavic languages",,   480,"",   185,"",   295,"",    2.3,"",    1.9,"",    2.6,"",
"Mother tongue","            Baltic languages",,     5,"",     0,"",     5,"",    0.0,"",    0.0,"",    0.0,"",
"Mother tongue","              Latvian",,     0,"",     0,"",     0,"",    0.0,"",    0.0,"",    0.0,"",
"Mother tongue","              Lithuanian",,     0,"",     0,"",     0,"",    0.0,"",    0.0,"",    0.0,"",
"Mother tongue","            Slavic languages",,   480,"",   185,"",   290,"",    2.3,"",    1.9,"",    2.6,"",
"Mother tongue","              Belarusian",,     0,"",     0,"",     0,"",    0.0,"",    0.0,"",    0.0,"",
"Mother tongue","              Bulgarian",,    10,"",    10,"",     5,"",    0.0,"",    0.1,"",    0.0,"",
"Mother tongue","              Czech",,    30,"",    10,"",    20,"",    0.1,"",    0.1,"",    0.2,"",
"Mother tongue","              Macedonian",,     5,"",     5,"",     0,"",    0.0,"",    0.1,"",    0.0,"",
"Mother tongue","              Polish",,   110,"",    45,"",    70,"",    0.5,"",    0.5,"",    0.6,"",
"Mother tongue","              Russian",,   140,"",    50,"",    90,"",    0.7,"",    0.5,"",    0.8,"",
"Mother tongue","              Rusyn",,     0,"",     0,"",     0,"",    0.0,"",    0.0,"",    0.0,"",
"Mother tongue","              Serbo-Croatian",,   100,"",    45,"",    55,"",    0.5,"",    0.5,"",    0.5,"",
"Mother tongue","                Bosnian",,     0,"",     0,"",     5,"",    0.0,"",    0.0,"",    0.0,"",
"Mother tongue","                Croatian",,    45,"",    15,"",    20,"",    0.2,"",    0.2,"",    0.2,"",
"Mother tongue","                Serbian",,    55,"",    25,"",    30,"",    0.3,"",    0.3,"",    0.3,"",
"Mother tongue","                Serbo-Croatian, n.i.e.",,     0,"",     0,"",     0,"",    0.0,"",    0.0,"",    0.0,"",
"Mother tongue","              Slovak",,    15,"",     5,"",    10,"",    0.1,"",    0.1,"",    0.1,"",
"Mother tongue","              Slovene (Slovenian)",,    10,"",     5,"",     5,"",    0.0,"",    0.1,"",    0.0,"",
"Mother tongue","              Ukrainian",,    60,"",    20,"",    35,"",    0.3,"",    0.2,"",    0.3,"",
"Mother tongue","              Slavic languages, n.i.e.",,     0,"",     0,"",     0,"",    0.0,"",    0.0,"",    0.0,"",
"Mother tongue","          Celtic languages",,     0,"",     0,"",     0,"",    0.0,"",    0.0,"",    0.0,"",
"Mother tongue","            Irish",,     0,"",     0,"",     0,"",    0.0,"",    0.0,"",    0.0,"",
"Mother tongue","            Scottish Gaelic",,     0,"",     0,"",     0,"",    0.0,"",    0.0,"",    0.0,"",
"Mother tongue","            Welsh",,     0,"",     0,"",     0,"",    0.0,"",    0.0,"",    0.0,"",
"Mother tongue","            Celtic languages, n.i.e.",,     0,"",     0,"",     0,"",    0.0,"",    0.0,"",    0.0,"",
"Mother tongue","          Germanic languages",,   625,"",   265,"",   365,"",    3.0,"",    2.8,"",    3.2,"",
"Mother tongue","            Frisian",,     0,"",     0,"",     0,"",    0.0,"",    0.0,"",    0.0,"",
"Mother tongue","            High German languages",,   430,"",   180,"",   250,"",    2.1,"",    1.9,"",    2.2,"",
"Mother tongue","              German",,   420,"",   180,"",   235,"",    2.0,"",    1.9,"",    2.1,"",
"Mother tongue","              Pennsylvania German",,     0,"",     0,"",     0,"",    0.0,"",    0.0,"",    0.0,"",
"Mother tongue","              Swiss German",,    15,"",     0,"",    10,"",    0.1,"",    0.0,"",    0.1,"",
"Mother tongue","              Yiddish",,     0,"",     0,"",     0,"",    0.0,"",    0.0,"",    0.0,"",
"Mother tongue","            Low Saxon-Low Franconian languages",,   120,"",    55,"",    65,"",    0.6,"",    0.6,"",    0.6,"",
"Mother tongue","              Afrikaans",,    20,"",    10,"",    10,"",    0.1,"",    0.1,"",    0.1,"",
"Mother tongue","              Dutch",,    95,"",    45,"",    50,"",    0.5,"",    0.5,"",    0.4,"",
"Mother tongue","              Low German, n.o.s.",,     0,"",     0,"",     0,"",    0.0,"",    0.0,"",    0.0,"",
"Mother tongue","              Low Saxon",,     0,"",     0,"",     0,"",    0.0,"",    0.0,"",    0.0,"",
"Mother tongue","              Plautdietsch",,     0,"",     0,"",     0,"",    0.0,"",    0.0,"",    0.0,"",
"Mother tongue","              Vlaams (Flemish)",,     0,"",     0,"",     0,"",    0.0,"",    0.0,"",    0.0,"",
"Mother tongue","            Scandinavian languages",,    75,"",    30,"",    45,"",    0.4,"",    0.3,"",    0.4,"",
"Mother tongue","              Danish",,    35,"",    20,"",    15,"",    0.2,"",    0.2,"",    0.1,"",
"Mother tongue","              Icelandic",,     0,"",     0,"",     0,"",    0.0,"",    0.0,"",    0.0,"",
"Mother tongue","              Norwegian",,    15,"",     5,"",    15,"",    0.1,"",    0.1,"",    0.1,"",
"Mother tongue","              Swedish",,    20,"",     5,"",    15,"",    0.1,"",    0.1,"",    0.1,"",
"Mother tongue","            Germanic languages, n.i.e.",,     0,"",     0,"",     0,"",    0.0,"",    0.0,"",    0.0,"",
"Mother tongue","          Greek",,    50,"",    25,"",    30,"",    0.2,"",    0.3,"",    0.3,"",
"Mother tongue","          Indo-Iranian languages",,   900,"",   435,"",   470,"",    4.3,"",    4.5,"",    4.2,"",
"Mother tongue","            Indo-Aryan languages",,   835,"",   405,"",   435,"",    4.0,"",    4.2,"",    3.9,"",
"Mother tongue","              Assamese",,     0,"",     0,"",     0,"",    0.0,"",    0.0,"",    0.0,"",
"Mother tongue","              Bengali",,     5,"",     0,"",     5,"",    0.0,"",    0.0,"",    0.0,"",
"Mother tongue","              Gujarati",,    30,"",    15,"",    20,"",    0.1,"",    0.2,"",    0.2,"",
"Mother tongue","              Hindi",,    80,"",    40,"",    45,"",    0.4,"",    0.4,"",    0.4,"",
"Mother tongue","              Kacchi",,     5,"",     5,"",     0,"",    0.0,"",    0.1,"",    0.0,"",
"Mother tongue","              Kashmiri",,     0,"",     0,"",     0,"",    0.0,"",    0.0,"",    0.0,"",
"Mother tongue","              Konkani",,     0,"",     0,"",     0,"",    0.0,"",    0.0,"",    0.0,"",
"Mother tongue","              Marathi",,    10,"",     5,"",     5,"",    0.0,"",    0.1,"",    0.0,"",
"Mother tongue","              Nepali",,     0,"",     0,"",     0,"",    0.0,"",    0.0,"",    0.0,"",
"Mother tongue","              Oriya languages",,     0,"",     0,"",     0,"",    0.0,"",    0.0,"",    0.0,"",
"Mother tongue","                Odia",,     0,"",     0,"",     0,"",    0.0,"",    0.0,"",    0.0,"",
"Mother tongue","                Oriya, n.o.s.",,     0,"",     0,"",     0,"",    0.0,"",    0.0,"",    0.0,"",
"Mother tongue","              Punjabi (Panjabi)",,   625,"",   305,"",   320,"",    3.0,"",    3.2,"",    2.8,"",
"Mother tongue","              Rohingya",,     0,"",     0,"",     0,"",    0.0,"",    0.0,"",    0.0,"",
"Mother tongue","              Sindhi",,     0,"",     0,"",     0,"",    0.0,"",    0.0,"",    0.0,"",
"Mother tongue","              Sinhala (Sinhalese)",,     5,"",     0,"",     5,"",    0.0,"",    0.0,"",    0.0,"",
"Mother tongue","              Urdu",,    70,"",    30,"",    40,"",    0.3,"",    0.3,"",    0.4,"",
"Mother tongue","              Indo-Aryan languages, n.i.e.",,     0,"",     0,"",     0,"",    0.0,"",    0.0,"",    0.0,"",
"Mother tongue","            Iranian languages",,    65,"",    30,"",    40,"",    0.3,"",    0.3,"",    0.4,"",
"Mother tongue","              Baluchi",,     0,"",     0,"",     0,"",    0.0,"",    0.0,"",    0.0,"",
"Mother tongue","              Kurdish",,     5,"",     0,"",     5,"",    0.0,"",    0.0,"",    0.0,"",
"Mother tongue","              Parsi",,     0,"",     0,"",     0,"",    0.0,"",    0.0,"",    0.0,"",
"Mother tongue","              Pashto",,     0,"",     0,"",     0,"",    0.0,"",    0.0,"",    0.0,"",
"Mother tongue","              Persian languages",,    60,"",    25,"",    35,"",    0.3,"",    0.3,"",    0.3,"",
"Mother tongue","                Dari",,    10,"",     5,"",     5,"",    0.0,"",    0.1,"",    0.0,"",
"Mother tongue","                Iranian Persian",,    45,"",    25,"",    25,"",    0.2,"",    0.3,"",    0.2,"",
"Mother tongue","                Persian (Farsi), n.o.s.",,     0,"",     0,"",     0,"",    0.0,"",    0.0,"",    0.0,"",
"Mother tongue","              Iranian languages, n.i.e.",,     0,"",     0,"",     0,"",    0.0,"",    0.0,"",    0.0,"",
"Mother tongue","            Indo-Iranian languages, n.i.e.",,     0,"",     0,"",     0,"",    0.0,"",    0.0,"",    0.0,"",
"Mother tongue","          Italic (Romance) languages",,   400,"",   170,"",   230,"",    1.9,"",    1.8,"",    2.0,"",
"Mother tongue","            Catalan",,     0,"",     0,"",     0,"",    0.0,"",    0.0,"",    0.0,"",
"Mother tongue","            Italian",,    95,"",    45,"",    45,"",    0.5,"",    0.5,"",    0.4,"",
"Mother tongue","            Portuguese",,    75,"",    25,"",    45,"",    0.4,"",    0.3,"",    0.4,"",
"Mother tongue","            Romanian",,    45,"",    20,"",    25,"",    0.2,"",    0.2,"",    0.2,"",
"Mother tongue","            Spanish",,   185,"",    75,"",   115,"",    0.9,"",    0.8,"",    1.0,"",
"Mother tongue","            Italic (Romance) languages, n.i.e.",,     0,"",     0,"",     0,"",    0.0,"",    0.0,"",    0.0,"",
"Mother tongue","          Indo-European languages, n.i.e.",,     0,"",     0,"",     0,"",    0.0,"",    0.0,"",    0.0,"",
"Mother tongue","        Japanese",,    75,"",    20,"",    50,"",    0.4,"",    0.2,"",    0.4,"",
"Mother tongue","        Korean",,   150,"",    60,"",    90,"",    0.7,"",    0.6,"",    0.8,"",
"Mother tongue","        Mongolian",,     0,"",     0,"",     0,"",    0.0,"",    0.0,"",    0.0,"",
"Mother tongue","        Niger-Congo languages",,     5,"",     0,"",     5,"",    0.0,"",    0.0,"",    0.0,"",
"Mother tongue","          Akan (Twi)",,     0,"",     0,"",     0,"",    0.0,"",    0.0,"",    0.0,"",
"Mother tongue","          Bamanankan",,     0,"",     0,"",     0,"",    0.0,"",    0.0,"",    0.0,"",
"Mother tongue","          Edo",,     0,"",     0,"",     0,"",    0.0,"",    0.0,"",    0.0,"",
"Mother tongue","          Éwé",,     0,"",     0,"",     0,"",    0.0,"",    0.0,"",    0.0,"",
"Mother tongue","          Fulah (Pular, Pulaar, Fulfulde)",,     0,"",     0,"",     0,"",    0.0,"",    0.0,"",    0.0,"",
"Mother tongue","          Ga",,     0,"",     0,"",     0,"",    0.0,"",    0.0,"",    0.0,"",
"Mother tongue","          Ganda",,     0,"",     0,"",     0,"",    0.0,"",    0.0,"",    0.0,"",
"Mother tongue","          Gikuyu",,     0,"",     0,"",     0,"",    0.0,"",    0.0,"",    0.0,"",
"Mother tongue","          Igbo",,     0,"",     0,"",     0,"",    0.0,"",    0.0,"",    0.0,"",
"Mother tongue","          Kinyarwanda (Rwanda)",,     0,"",     0,"",     0,"",    0.0,"",    0.0,"",    0.0,"",
"Mother tongue","          Lingala",,     0,"",     0,"",     0,"",    0.0,"",    0.0,"",    0.0,"",
"Mother tongue","          Luba-Kasai",,     0,"",     0,"",     0,"",    0.0,"",    0.0,"",    0.0,"",
"Mother tongue","          Mòoré",,     0,"",     0,"",     0,"",    0.0,"",    0.0,"",    0.0,"",
"Mother tongue","          Mwani",,     0,"",     0,"",     0,"",    0.0,"",    0.0,"",    0.0,"",
"Mother tongue","          Ndebele",,     0,"",     0,"",     0,"",    0.0,"",    0.0,"",    0.0,"",
"Mother tongue","          Rundi (Kirundi)",,     0,"",     0,"",     0,"",    0.0,"",    0.0,"",    0.0,"",
"Mother tongue","          Shona",,     0,"",     0,"",     0,"",    0.0,"",    0.0,"",    0.0,"",
"Mother tongue","          Soninke",,     0,"",     0,"",     0,"",    0.0,"",    0.0,"",    0.0,"",
"Mother tongue","          Sotho-Tswana languages",,     0,"",     0,"",     0,"",    0.0,"",    0.0,"",    0.0,"",
"Mother tongue","          Swahili",,     5,"",     0,"",     5,"",    0.0,"",    0.0,"",    0.0,"",
"Mother tongue","          Wojenaka",,     0,"",     0,"",     0,"",    0.0,"",    0.0,"",    0.0,"",
"Mother tongue","          Wolof",,     0,"",     0,"",     0,"",    0.0,"",    0.0,"",    0.0,"",
"Mother tongue","          Yoruba",,     0,"",     0,"",     0,"",    0.0,"",    0.0,"",    0.0,"",
"Mother tongue","          Niger-Congo languages, n.i.e.",,     0,"",     0,"",     0,"",    0.0,"",    0.0,"",    0.0,"",
"Mother tongue","        Nilo-Saharan languages",,     0,"",     0,"",     0,"",    0.0,"",    0.0,"",    0.0,"",
"Mother tongue","          Dinka",,     0,"",     0,"",     0,"",    0.0,"",    0.0,"",    0.0,"",
"Mother tongue","          Nuer",,     0,"",     0,"",     0,"",    0.0,"",    0.0,"",    0.0,"",
"Mother tongue","          Nilo-Saharan languages, n.i.e.",,     0,"",     0,"",     0,"",    0.0,"",    0.0,"",    0.0,"",
"Mother tongue","          African, n.o.s.",,     0,"",     0,"",     0,"",    0.0,"",    0.0,"",    0.0,"",
"Mother tongue","        Sign languages",,     5,"",     0,"",     0,"",    0.0,"",    0.0,"",    0.0,"",
"Mother tongue","          American Sign Language",,     0,"",     0,"",     0,"",    0.0,"",    0.0,"",    0.0,"",
"Mother tongue","          Quebec Sign Language",,     0,"",     0,"",     0,"",    0.0,"",    0.0,"",    0.0,"",
"Mother tongue","          Sign languages, n.i.e.",,     0,"",     0,"",     0,"",    0.0,"",    0.0,"",    0.0,"",
"Mother tongue","        Sino-Tibetan languages",,  1295,"",   565,"",   730,"",    6.2,"",    5.9,"",    6.5,"",
"Mother tongue","          Chinese languages",,  1290,"",   565,"",   725,"",    6.2,"",    5.9,"",    6.4,"",
"Mother tongue","            Hakka",,     0,"",     0,"",     0,"",    0.0,"",    0.0,"",    0.0,"",
"Mother tongue","            Mandarin",,  1065,"",   465,"",   600,"",    5.1,"",    4.9,"",    5.3,"",
"Mother tongue","            Min Dong",,     0,"",     0,"",     0,"",    0.0,"",    0.0,"",    0.0,"",
"Mother tongue","            Min Nan (Chaochow, Teochow, Fukien, Taiwanese)",,    25,"",    10,"",    15,"",    0.1,"",    0.1,"",    0.1,"",
"Mother tongue","            Wu (Shanghainese)",,    15,"",     5,"",    10,"",    0.1,"",    0.1,"",    0.1,"",
"Mother tongue","            Yue (Cantonese)",,   175,"",    85,"",    95,"",    0.8,"",    0.9,"",    0.8,"",
"Mother tongue","            Chinese, n.o.s.",,    10,"",     0,"",    10,"",    0.0,"",    0.0,"",    0.1,"",
"Mother tongue","            Chinese languages, n.i.e.",,     0,"",     0,"",     0,"",    0.0,"",    0.0,"",    0.0,"",
"Mother tongue","          Tibeto-Burman languages",,     0,"",     0,"",     0,"",    0.0,"",    0.0,"",    0.0,"",
"Mother tongue","            Burmese",,     0,"",     0,"",     0,"",    0.0,"",    0.0,"",    0.0,"",
"Mother tongue","            Kuki-Chin languages",,     0,"",     0,"",     0,"",    0.0,"",    0.0,"",    0.0,"",
"Mother tongue","            Karenic languages",,     0,"",     0,"",     0,"",    0.0,"",    0.0,"",    0.0,"",
"Mother tongue","              S'gaw Karen",,     0,"",     0,"",     0,"",    0.0,"",    0.0,"",    0.0,"",
"Mother tongue","              Karenic languages, n.i.e.",,     0,"",     0,"",     0,"",    0.0,"",    0.0,"",    0.0,"",
"Mother tongue","            Tibetan",,     0,"",     0,"",     0,"",    0.0,"",    0.0,"",    0.0,"",
"Mother tongue","            Tibeto-Burman languages, n.i.e.",,     0,"",     0,"",     0,"",    0.0,"",    0.0,"",    0.0,"",
"Mother tongue","          Sino-Tibetan languages, n.i.e.",,     0,"",     0,"",     0,"",    0.0,"",    0.0,"",    0.0,"",
"Mother tongue","        Tai-Kadai languages",,    10,"",     0,"",    10,"",    0.0,"",    0.0,"",    0.1,"",
"Mother tongue","          Lao",,     0,"",     0,"",     0,"",    0.0,"",    0.0,"",    0.0,"",
"Mother tongue","          Thai",,    10,"",     0,"",    10,"",    0.0,"",    0.0,"",    0.1,"",
"Mother tongue","          Tai-Kadai languages, n.i.e.",,     0,"",     0,"",     0,"",    0.0,"",    0.0,"",    0.0,"",
"Mother tongue","        Turkic languages",,    20,"",    15,"",     5,"",    0.1,"",    0.2,"",    0.0,"",
"Mother tongue","          Azerbaijani",,     0,"",     0,"",     0,"",    0.0,"",    0.0,"",    0.0,"",
"Mother tongue","          Kazakh",,     0,"",     0,"",     0,"",    0.0,"",    0.0,"",    0.0,"",
"Mother tongue","          Turkish",,    20,"",    15,"",     5,"",    0.1,"",    0.2,"",    0.0,"",
"Mother tongue","          Uyghur",,     0,"",     0,"",     0,"",    0.0,"",    0.0,"",    0.0,"",
"Mother tongue","          Uzbek",,     0,"",     0,"",     0,"",    0.0,"",    0.0,"",    0.0,"",
"Mother tongue","          Turkic languages, n.i.e.",,     0,"",     0,"",     0,"",    0.0,"",    0.0,"",    0.0,"",
"Mother tongue","        Uralic languages",,   100,"",    40,"",    60,"",    0.5,"",    0.4,"",    0.5,"",
"Mother tongue","          Estonian",,    15,"",     5,"",     5,"",    0.1,"",    0.1,"",    0.0,"",
"Mother tongue","          Finnish",,    25,"",    10,"",    20,"",    0.1,"",    0.1,"",    0.2,"",
"Mother tongue","          Hungarian",,    55,"",    25,"",    35,"",    0.3,"",    0.3,"",    0.3,"",
"Mother tongue","        Other languages, n.i.e.",,     0,"",     0,"",     0,"",    0.0,"",    0.0,"",    0.0,"",
"Mother tongue","  Multiple responses",,   620,"",   270,"",   350,"",    3.0,"",    2.8,"",    3.1,"",
"Mother tongue","    English and French",,    70,"",    25,"",    40,"",    0.3,"",    0.3,"",    0.4,"",
"Mother tongue","    English and non-official language(s)",,   460,"",   205,"",   255,"",    2.2,"",    2.1,"",    2.3,"",
"Mother tongue","    French and non-official language(s)",,     5,"",     0,"",    10,"",    0.0,"",    0.0,"",    0.1,"",
"Mother tongue","    English, French and non-official language(s)",,    10,"",    10,"",     5,"",    0.0,"",    0.1,"",    0.0,"",
"Mother tongue","    Multiple non-official languages",,    65,"",    25,"",    40,"",    0.3,"",    0.3,"",    0.4,"",
"All languages spoken at home","Total - All languages spoken at home for the total population excluding institutional residents - 100% data",40, 20855,"",  9570,"", 11290,"",  100.0,"",  100.0,"",  100.0,"",
"All languages spoken at home","  English",, 16400,"",  7635,"",  8765,"",   78.6,"",   79.8,"",   77.6,"",
"All languages spoken at home","  French",,    40,"",    15,"",    20,"",    0.2,"",    0.2,"",    0.2,"",
"All languages spoken at home","  Non-official language",,  1225,"",   520,"",   700,"",    5.9,"",    5.4,"",    6.2,"",
"All languages spoken at home","    Indigenous",39,     0,"",     0,"",     0,"",    0.0,"",    0.0,"",    0.0,"",
"All languages spoken at home","    Non-Indigenous",,  1225,"",   520,"",   700,"",    5.9,"",    5.4,"",    6.2,"",
"All languages spoken at home","  English and French",,   195,"",    75,"",   120,"",    0.9,"",    0.8,"",    1.1,"",
"All languages spoken at home","  English and non-official language(s)",,  2785,"",  1225,"",  1560,"",   13.4,"",   12.8,"",   13.8,"",
"All languages spoken at home","  French and non-official language(s)",,     5,"",     0,"",     0,"",    0.0,"",    0.0,"",    0.0,"",
"All languages spoken at home","  English, French and non-official language(s)",,   135,"",    65,"",    75,"",    0.6,"",    0.7,"",    0.7,"",
"All languages spoken at home","  Multiple non-official languages",,    80,"",    35,"",    45,"",    0.4,"",    0.4,"",    0.4,"",
"Language spoken most often at home","Total - Language spoken most often at home for the total population excluding institutional residents - 100% data",41, 20855,"",  9570,"", 11290,"",  100.0,"",  100.0,"",  100.0,"",
"Language spoken most often at home","  Single responses",, 20335,"",  9330,"", 11000,"",   97.5,"",   97.5,"",   97.4,"",
"Language spoken most often at home","    Official languages",, 18095,"",  8340,"",  9750,"",   86.8,"",   87.1,"",   86.4,"",
"Language spoken most often at home","      English",, 18035,"",  8315,"",  9720,"",   86.5,"",   86.9,"",   86.1,"",
"Language spoken most often at home","      French",,    60,"",    20,"",    35,"",    0.3,"",    0.2,"",    0.3,"",
"Language spoken most often at home","    Non-official languages",,  2245,"",   990,"",  1255,"",   10.8,"",   10.3,"",   11.1,"",
"Language spoken most often at home","      Indigenous languages",39,     0,"",     0,"",     0,"",    0.0,"",    0.0,"",    0.0,"",
"Language spoken most often at home","        Algonquian languages",,     0,"",     0,"",     0,"",    0.0,"",    0.0,"",    0.0,"",
"Language spoken most often at home","          Blackfoot",,     0,"",     0,"",     0,"",    0.0,"",    0.0,"",    0.0,"",
"Language spoken most often at home","          Cree-Innu languages",,     0,"",     0,"",     0,"",    0.0,"",    0.0,"",    0.0,"",
"Language spoken most often at home","            Atikamekw",,     0,"",     0,"",     0,"",    0.0,"",    0.0,"",    0.0,"",
"Language spoken most often at home","            Cree languages",,     0,"",     0,"",     0,"",    0.0,"",    0.0,"",    0.0,"",
"Language spoken most often at home","              Ililimowin (Moose Cree)",,     0,"",     0,"",     0,"",    0.0,"",    0.0,"",    0.0,"",
"Language spoken most often at home","              Inu Ayimun (Southern East Cree)",,     0,"",     0,"",     0,"",    0.0,"",    0.0,"",    0.0,"",
"Language spoken most often at home","              Iyiyiw-Ayimiwin (Northern East Cree)",,     0,"",     0,"",     0,"",    0.0,"",    0.0,"",    0.0,"",
"Language spoken most often at home","              Nehinawewin (Swampy Cree)",,     0,"",     0,"",     0,"",    0.0,"",    0.0,"",    0.0,"",
"Language spoken most often at home","              Nehiyawewin (Plains Cree)",,     0,"",     0,"",     0,"",    0.0,"",    0.0,"",    0.0,"",
"Language spoken most often at home","              Nihithawiwin (Woods Cree)",,     0,"",     0,"",     0,"",    0.0,"",    0.0,"",    0.0,"",
"Language spoken most often at home","              Cree, n.o.s.",,     0,"",     0,"",     0,"",    0.0,"",    0.0,"",    0.0,"",
"Language spoken most often at home","            Innu (Montagnais)",,     0,"",     0,"",     0,"",    0.0,"",    0.0,"",    0.0,"",
"Language spoken most often at home","            Naskapi",,     0,"",     0,"",     0,"",    0.0,"",    0.0,"",    0.0,"",
"Language spoken most often at home","          Eastern Algonquian languages",,     0,"",     0,"",     0,"",    0.0,"",    0.0,"",    0.0,"",
"Language spoken most often at home","            Mi'kmaq",,     0,"",     0,"",     0,"",    0.0,"",    0.0,"",    0.0,"",
"Language spoken most often at home","            Wolastoqewi (Malecite)",,     0,"",     0,"",     0,"",    0.0,"",    0.0,"",    0.0,"",
"Language spoken most often at home","          Ojibway-Potawatomi languages",,     0,"",     0,"",     0,"",    0.0,"",    0.0,"",    0.0,"",
"Language spoken most often at home","            Anicinabemowin (Algonquin)",,     0,"",     0,"",     0,"",    0.0,"",    0.0,"",    0.0,"",
"Language spoken most often at home","            Oji-Cree",,     0,"",     0,"",     0,"",    0.0,"",    0.0,"",    0.0,"",
"Language spoken most often at home","            Ojibway languages",,     0,"",     0,"",     0,"",    0.0,"",    0.0,"",    0.0,"",
"Language spoken most often at home","              Anishinaabemowin (Chippewa)",,     0,"",     0,"",     0,"",    0.0,"",    0.0,"",    0.0,"",
"Language spoken most often at home","              Daawaamwin (Odawa)",,     0,"",     0,"",     0,"",    0.0,"",    0.0,"",    0.0,"",
"Language spoken most often at home","              Saulteau (Western Ojibway)",,     0,"",     0,"",     0,"",    0.0,"",    0.0,"",    0.0,"",
"Language spoken most often at home","              Ojibway, n.o.s.",,     0,"",     0,"",     0,"",    0.0,"",    0.0,"",    0.0,"",
"Language spoken most often at home","          Algonquian languages, n.i.e.",,     0,"",     0,"",     0,"",    0.0,"",    0.0,"",    0.0,"",
"Language spoken most often at home","        Athabaskan languages",,     0,"",     0,"",     0,"",    0.0,"",    0.0,"",    0.0,"",
"Language spoken most often at home","          Northern Athabaskan languages",,     0,"",     0,"",     0,"",    0.0,"",    0.0,"",    0.0,"",
"Language spoken most often at home","            Dakelh (Carrier)",,     0,"",     0,"",     0,"",    0.0,"",    0.0,"",    0.0,"",
"Language spoken most often at home","            Dane-zaa (Beaver)",,     0,"",     0,"",     0,"",    0.0,"",    0.0,"",    0.0,"",
"Language spoken most often at home","            Dene, n.o.s.",,     0,"",     0,"",     0,"",    0.0,"",    0.0,"",    0.0,"",
"Language spoken most often at home","            Gwich'in",,     0,"",     0,"",     0,"",    0.0,"",    0.0,"",    0.0,"",
"Language spoken most often at home","            Slavey-Hare languages",,     0,"",     0,"",     0,"",    0.0,"",    0.0,"",    0.0,"",
"Language spoken most often at home","              Deh Gah Ghotie Zhatie (South Slavey)",,     0,"",     0,"",     0,"",    0.0,"",    0.0,"",    0.0,"",
"Language spoken most often at home","              Satuotine Yati (North Slavey)",,     0,"",     0,"",     0,"",    0.0,"",    0.0,"",    0.0,"",
"Language spoken most often at home","              Slavey, n.o.s.",,     0,"",     0,"",     0,"",    0.0,"",    0.0,"",    0.0,"",
"Language spoken most often at home","            Tahltan languages",,     0,"",     0,"",     0,"",    0.0,"",    0.0,"",    0.0,"",
"Language spoken most often at home","              Kaska (Nahani)",,     0,"",     0,"",     0,"",    0.0,"",    0.0,"",    0.0,"",
"Language spoken most often at home","              Tahltan",,     0,"",     0,"",     0,"",    0.0,"",    0.0,"",    0.0,"",
"Language spoken most often at home","            Tlicho (Dogrib)",,     0,"",     0,"",     0,"",    0.0,"",    0.0,"",    0.0,"",
"Language spoken most often at home","            Tse'khene (Sekani)",,     0,"",     0,"",     0,"",    0.0,"",    0.0,"",    0.0,"",
"Language spoken most often at home","            Tsilhqot'in (Chilcotin)",,     0,"",     0,"",     0,"",    0.0,"",    0.0,"",    0.0,"",
"Language spoken most often at home","            Tsuu T'ina (Sarsi)",,     0,"",     0,"",     0,"",    0.0,"",    0.0,"",    0.0,"",
"Language spoken most often at home","            Tutchone languages",,     0,"",     0,"",     0,"",    0.0,"",    0.0,"",    0.0,"",
"Language spoken most often at home","              Northern Tutchone",,     0,"",     0,"",     0,"",    0.0,"",    0.0,"",    0.0,"",
"Language spoken most often at home","              Southern Tutchone",,     0,"",     0,"",     0,"",    0.0,"",    0.0,"",    0.0,"",
"Language spoken most often at home","              Tutchone, n.o.s.",,     0,"",     0,"",     0,"",    0.0,"",    0.0,"",    0.0,"",
"Language spoken most often at home","            Wetsuwet'en-Babine",,     0,"",     0,"",     0,"",    0.0,"",    0.0,"",    0.0,"",
"Language spoken most often at home","          Tlingit",,     0,"",     0,"",     0,"",    0.0,"",    0.0,"",    0.0,"",
"Language spoken most often at home","          Athabaskan languages, n.i.e.",,     0,"",     0,"",     0,"",    0.0,"",    0.0,"",    0.0,"",
"Language spoken most often at home","        Haida",,     0,"",     0,"",     0,"",    0.0,"",    0.0,"",    0.0,"",
"Language spoken most often at home","        Inuktut (Inuit) languages",,     0,"",     0,"",     0,"",    0.0,"",    0.0,"",    0.0,"",
"Language spoken most often at home","          Inuinnaqtun (Inuvialuktun)",,     0,"",     0,"",     0,"",    0.0,"",    0.0,"",    0.0,"",
"Language spoken most often at home","            Inuinnaqtun",,     0,"",     0,"",     0,"",    0.0,"",    0.0,"",    0.0,"",
"Language spoken most often at home","            Inuvialuktun",,     0,"",     0,"",     0,"",    0.0,"",    0.0,"",    0.0,"",
"Language spoken most often at home","          Inuktitut",,     0,"",     0,"",     0,"",    0.0,"",    0.0,"",    0.0,"",
"Language spoken most often at home","          Inuktut (Inuit) languages, n.i.e.",,     0,"",     0,"",     0,"",    0.0,"",    0.0,"",    0.0,"",
"Language spoken most often at home","        Iroquoian languages",,     0,"",     0,"",     0,"",    0.0,"",    0.0,"",    0.0,"",
"Language spoken most often at home","          Cayuga",,     0,"",     0,"",     0,"",    0.0,"",    0.0,"",    0.0,"",
"Language spoken most often at home","          Mohawk",,     0,"",     0,"",     0,"",    0.0,"",    0.0,"",    0.0,"",
"Language spoken most often at home","          Oneida",,     0,"",     0,"",     0,"",    0.0,"",    0.0,"",    0.0,"",
"Language spoken most often at home","          Iroquoian languages, n.i.e.",,     0,"",     0,"",     0,"",    0.0,"",    0.0,"",    0.0,"",
"Language spoken most often at home","        Ktunaxa (Kutenai)",,     0,"",     0,"",     0,"",    0.0,"",    0.0,"",    0.0,"",
"Language spoken most often at home","        Michif",,     0,"",     0,"",     0,"",    0.0,"",    0.0,"",    0.0,"",
"Language spoken most often at home","        Salish languages",,     0,"",     0,"",     0,"",    0.0,"",    0.0,"",    0.0,"",
"Language spoken most often at home","          Halkomelem",,     0,"",     0,"",     0,"",    0.0,"",    0.0,"",    0.0,"",
"Language spoken most often at home","          Lillooet",,     0,"",     0,"",     0,"",    0.0,"",    0.0,"",    0.0,"",
"Language spoken most often at home","          Ntlakapamux (Thompson)",,     0,"",     0,"",     0,"",    0.0,"",    0.0,"",    0.0,"",
"Language spoken most often at home","          Secwepemctsin (Shuswap)",,     0,"",     0,"",     0,"",    0.0,"",    0.0,"",    0.0,"",
"Language spoken most often at home","          Squamish",,     0,"",     0,"",     0,"",    0.0,"",    0.0,"",    0.0,"",
"Language spoken most often at home","          Straits",,     0,"",     0,"",     0,"",    0.0,"",    0.0,"",    0.0,"",
"Language spoken most often at home","          Syilx (Okanagan)",,     0,"",     0,"",     0,"",    0.0,"",    0.0,"",    0.0,"",
"Language spoken most often at home","          Salish languages, n.i.e.",,     0,"",     0,"",     0,"",    0.0,"",    0.0,"",    0.0,"",
"Language spoken most often at home","        Siouan languages",,     0,"",     0,"",     0,"",    0.0,"",    0.0,"",    0.0,"",
"Language spoken most often at home","          Assiniboine",,     0,"",     0,"",     0,"",    0.0,"",    0.0,"",    0.0,"",
"Language spoken most often at home","          Dakota",,     0,"",     0,"",     0,"",    0.0,"",    0.0,"",    0.0,"",
"Language spoken most often at home","          Stoney",,     0,"",     0,"",     0,"",    0.0,"",    0.0,"",    0.0,"",
"Language spoken most often at home","          Siouan languages, n.i.e.",,     0,"",     0,"",     0,"",    0.0,"",    0.0,"",    0.0,"",
"Language spoken most often at home","        Tsimshian languages",,     0,"",     0,"",     0,"",    0.0,"",    0.0,"",    0.0,"",
"Language spoken most often at home","          Gitxsan (Gitksan)",,     0,"",     0,"",     0,"",    0.0,"",    0.0,"",    0.0,"",
"Language spoken most often at home","          Nisga'a",,     0,"",     0,"",     0,"",    0.0,"",    0.0,"",    0.0,"",
"Language spoken most often at home","          Tsimshian",,     0,"",     0,"",     0,"",    0.0,"",    0.0,"",    0.0,"",
"Language spoken most often at home","        Wakashan languages",,     0,"",     0,"",     0,"",    0.0,"",    0.0,"",    0.0,"",
"Language spoken most often at home","          Haisla",,     0,"",     0,"",     0,"",    0.0,"",    0.0,"",    0.0,"",
"Language spoken most often at home","          Heiltsuk",,     0,"",     0,"",     0,"",    0.0,"",    0.0,"",    0.0,"",
"Language spoken most often at home","          Kwak'wala (Kwakiutl)",,     0,"",     0,"",     0,"",    0.0,"",    0.0,"",    0.0,"",
"Language spoken most often at home","          Nuu-chah-nulth (Nootka)",,     0,"",     0,"",     0,"",    0.0,"",    0.0,"",    0.0,"",
"Language spoken most often at home","          Wakashan languages, n.i.e.",,     0,"",     0,"",     0,"",    0.0,"",    0.0,"",    0.0,"",
"Language spoken most often at home","        Indigenous languages, n.i.e.",,     0,"",     0,"",     0,"",    0.0,"",    0.0,"",    0.0,"",
"Language spoken most often at home","        Indigenous languages, n.o.s.",,     0,"",     0,"",     0,"",    0.0,"",    0.0,"",    0.0,"",
"Language spoken most often at home","      Non-Indigenous languages",,  2245,"",   990,"",  1255,"",   10.8,"",   10.3,"",   11.1,"",
"Language spoken most often at home","        Afro-Asiatic languages",,    25,"",     5,"",    20,"",    0.1,"",    0.1,"",    0.2,"",
"Language spoken most often at home","          Berber languages",,     0,"",     0,"",     0,"",    0.0,"",    0.0,"",    0.0,"",
"Language spoken most often at home","            Kabyle",,     0,"",     0,"",     0,"",    0.0,"",    0.0,"",    0.0,"",
"Language spoken most often at home","            Tamazight",,     0,"",     0,"",     0,"",    0.0,"",    0.0,"",    0.0,"",
"Language spoken most often at home","            Berber languages, n.i.e.",,     0,"",     0,"",     0,"",    0.0,"",    0.0,"",    0.0,"",
"Language spoken most often at home","          Chadic languages",,     0,"",     0,"",     0,"",    0.0,"",    0.0,"",    0.0,"",
"Language spoken most often at home","            Hausa",,     0,"",     0,"",     0,"",    0.0,"",    0.0,"",    0.0,"",
"Language spoken most often at home","            Mina",,     0,"",     0,"",     0,"",    0.0,"",    0.0,"",    0.0,"",
"Language spoken most often at home","          Coptic",,     0,"",     0,"",     0,"",    0.0,"",    0.0,"",    0.0,"",
"Language spoken most often at home","          Cushitic languages",,     0,"",     0,"",     0,"",    0.0,"",    0.0,"",    0.0,"",
"Language spoken most often at home","            Bilen",,     0,"",     0,"",     0,"",    0.0,"",    0.0,"",    0.0,"",
"Language spoken most often at home","            Oromo",,     0,"",     0,"",     0,"",    0.0,"",    0.0,"",    0.0,"",
"Language spoken most often at home","            Somali",,     0,"",     0,"",     0,"",    0.0,"",    0.0,"",    0.0,"",
"Language spoken most often at home","            Cushitic languages, n.i.e.",,     0,"",     0,"",     0,"",    0.0,"",    0.0,"",    0.0,"",
"Language spoken most often at home","          Semitic languages",,    25,"",     5,"",    20,"",    0.1,"",    0.1,"",    0.2,"",
"Language spoken most often at home","            Amharic",,     0,"",     0,"",     0,"",    0.0,"",    0.0,"",    0.0,"",
"Language spoken most often at home","            Arabic",,    20,"",    10,"",    10,"",    0.1,"",    0.1,"",    0.1,"",
"Language spoken most often at home","            Aramaic languages",,     0,"",     0,"",     0,"",    0.0,"",    0.0,"",    0.0,"",
"Language spoken most often at home","              Assyrian Neo-Aramaic",,     0,"",     0,"",     0,"",    0.0,"",    0.0,"",    0.0,"",
"Language spoken most often at home","              Chaldean Neo-Aramaic",,     0,"",     0,"",     0,"",    0.0,"",    0.0,"",    0.0,"",
"Language spoken most often at home","              Aramaic, n.o.s.",,     0,"",     0,"",     0,"",    0.0,"",    0.0,"",    0.0,"",
"Language spoken most often at home","            Harari",,     0,"",     0,"",     0,"",    0.0,"",    0.0,"",    0.0,"",
"Language spoken most often at home","            Hebrew",,     5,"",     0,"",     5,"",    0.0,"",    0.0,"",    0.0,"",
"Language spoken most often at home","            Maltese",,     0,"",     0,"",     0,"",    0.0,"",    0.0,"",    0.0,"",
"Language spoken most often at home","            Tigrigna",,     0,"",     0,"",     0,"",    0.0,"",    0.0,"",    0.0,"",
"Language spoken most often at home","            Semitic languages, n.i.e.",,     0,"",     0,"",     0,"",    0.0,"",    0.0,"",    0.0,"",
"Language spoken most often at home","        Austro-Asiatic languages",,    25,"",    15,"",    15,"",    0.1,"",    0.2,"",    0.1,"",
"Language spoken most often at home","          Khmer (Cambodian)",,     0,"",     0,"",     0,"",    0.0,"",    0.0,"",    0.0,"",
"Language spoken most often at home","          Vietnamese",,    25,"",    15,"",    15,"",    0.1,"",    0.2,"",    0.1,"",
"Language spoken most often at home","          Austro-Asiatic languages, n.i.e",,     0,"",     0,"",     0,"",    0.0,"",    0.0,"",    0.0,"",
"Language spoken most often at home","        Austronesian languages",,    95,"",    35,"",    55,"",    0.5,"",    0.4,"",    0.5,"",
"Language spoken most often at home","          Bikol",,     0,"",     0,"",     0,"",    0.0,"",    0.0,"",    0.0,"",
"Language spoken most often at home","          Bisaya, n.o.s.",,     0,"",     0,"",     0,"",    0.0,"",    0.0,"",    0.0,"",
"Language spoken most often at home","          Cebuano",,    10,"",     5,"",     0,"",    0.0,"",    0.1,"",    0.0,"",
"Language spoken most often at home","          Fijian",,     0,"",     0,"",     0,"",    0.0,"",    0.0,"",    0.0,"",
"Language spoken most often at home","          Hiligaynon",,     0,"",     0,"",     0,"",    0.0,"",    0.0,"",    0.0,"",
"Language spoken most often at home","          Ilocano",,     5,"",     0,"",     5,"",    0.0,"",    0.0,"",    0.0,"",
"Language spoken most often at home","          Indonesian",,     0,"",     0,"",     0,"",    0.0,"",    0.0,"",    0.0,"",
"Language spoken most often at home","          Kankanaey",,     0,"",     0,"",     0,"",    0.0,"",    0.0,"",    0.0,"",
"Language spoken most often at home","          Kinaray-a",,     0,"",     0,"",     0,"",    0.0,"",    0.0,"",    0.0,"",
"Language spoken most often at home","          Malagasy languages",,     0,"",     0,"",     0,"",    0.0,"",    0.0,"",    0.0,"",
"Language spoken most often at home","            Merina",,     0,"",     0,"",     0,"",    0.0,"",    0.0,"",    0.0,"",
"Language spoken most often at home","            Malagasy, n.o.s.",,     0,"",     0,"",     0,"",    0.0,"",    0.0,"",    0.0,"",
"Language spoken most often at home","          Malay",,     0,"",     0,"",     0,"",    0.0,"",    0.0,"",    0.0,"",
"Language spoken most often at home","          Pampangan (Kapampangan, Pampango)",,     0,"",     0,"",     0,"",    0.0,"",    0.0,"",    0.0,"",
"Language spoken most often at home","          Pangasinan",,     0,"",     0,"",     0,"",    0.0,"",    0.0,"",    0.0,"",
"Language spoken most often at home","          Tagalog (Pilipino, Filipino)",,    80,"",    30,"",    50,"",    0.4,"",    0.3,"",    0.4,"",
"Language spoken most often at home","          Waray-Waray",,     0,"",     0,"",     0,"",    0.0,"",    0.0,"",    0.0,"",
"Language spoken most often at home","          Austronesian languages, n.i.e.",,     0,"",     0,"",     0,"",    0.0,"",    0.0,"",    0.0,"",
"Language spoken most often at home","        Creole languages",,     0,"",     0,"",     0,"",    0.0,"",    0.0,"",    0.0,"",
"Language spoken most often at home","          Haitian Creole",,     0,"",     0,"",     0,"",    0.0,"",    0.0,"",    0.0,"",
"Language spoken most often at home","          Jamaican English Creole",,     0,"",     0,"",     0,"",    0.0,"",    0.0,"",    0.0,"",
"Language spoken most often at home","          Krio",,     0,"",     0,"",     0,"",    0.0,"",    0.0,"",    0.0,"",
"Language spoken most often at home","          Morisyen",,     0,"",     0,"",     0,"",    0.0,"",    0.0,"",    0.0,"",
"Language spoken most often at home","          Sango",,     0,"",     0,"",     0,"",    0.0,"",    0.0,"",    0.0,"",
"Language spoken most often at home","          Creole, n.o.s.",,     0,"",     0,"",     0,"",    0.0,"",    0.0,"",    0.0,"",
"Language spoken most often at home","          Creole languages, n.i.e.",,     0,"",     0,"",     0,"",    0.0,"",    0.0,"",    0.0,"",
"Language spoken most often at home","        Dravidian languages",,     0,"",     0,"",     0,"",    0.0,"",    0.0,"",    0.0,"",
"Language spoken most often at home","          Kannada",,     0,"",     0,"",     0,"",    0.0,"",    0.0,"",    0.0,"",
"Language spoken most often at home","          Malayalam",,     0,"",     0,"",     0,"",    0.0,"",    0.0,"",    0.0,"",
"Language spoken most often at home","          Tamil",,     0,"",     0,"",     0,"",    0.0,"",    0.0,"",    0.0,"",
"Language spoken most often at home","          Telugu",,     0,"",     0,"",     0,"",    0.0,"",    0.0,"",    0.0,"",
"Language spoken most often at home","          Tulu",,     0,"",     0,"",     0,"",    0.0,"",    0.0,"",    0.0,"",
"Language spoken most often at home","          Dravidian languages, n.i.e.",,     0,"",     0,"",     0,"",    0.0,"",    0.0,"",    0.0,"",
"Language spoken most often at home","        Georgian",,     0,"",     0,"",     0,"",    0.0,"",    0.0,"",    0.0,"",
"Language spoken most often at home","        Hmong-Mien languages",,     0,"",     0,"",     0,"",    0.0,"",    0.0,"",    0.0,"",
"Language spoken most often at home","        Indo-European languages",,   880,"",   380,"",   500,"",    4.2,"",    4.0,"",    4.4,"",
"Language spoken most often at home","          Albanian",,     0,"",     0,"",     0,"",    0.0,"",    0.0,"",    0.0,"",
"Language spoken most often at home","          Armenian",,     0,"",     0,"",     0,"",    0.0,"",    0.0,"",    0.0,"",
"Language spoken most often at home","          Balto-Slavic languages",,   160,"",    65,"",    95,"",    0.8,"",    0.7,"",    0.8,"",
"Language spoken most often at home","            Baltic languages",,     0,"",     0,"",     0,"",    0.0,"",    0.0,"",    0.0,"",
"Language spoken most often at home","              Latvian",,     0,"",     0,"",     0,"",    0.0,"",    0.0,"",    0.0,"",
"Language spoken most often at home","              Lithuanian",,     0,"",     0,"",     0,"",    0.0,"",    0.0,"",    0.0,"",
"Language spoken most often at home","            Slavic languages",,   160,"",    65,"",    95,"",    0.8,"",    0.7,"",    0.8,"",
"Language spoken most often at home","              Belarusian",,     0,"",     0,"",     0,"",    0.0,"",    0.0,"",    0.0,"",
"Language spoken most often at home","              Bulgarian",,     0,"",     0,"",     0,"",    0.0,"",    0.0,"",    0.0,"",
"Language spoken most often at home","              Czech",,    10,"",     5,"",     5,"",    0.0,"",    0.1,"",    0.0,"",
"Language spoken most often at home","              Macedonian",,     0,"",     0,"",     0,"",    0.0,"",    0.0,"",    0.0,"",
"Language spoken most often at home","              Polish",,    30,"",    15,"",    20,"",    0.1,"",    0.2,"",    0.2,"",
"Language spoken most often at home","              Russian",,    70,"",    30,"",    40,"",    0.3,"",    0.3,"",    0.4,"",
"Language spoken most often at home","              Rusyn",,     0,"",     0,"",     0,"",    0.0,"",    0.0,"",    0.0,"",
"Language spoken most often at home","              Serbo-Croatian",,    30,"",    10,"",    15,"",    0.1,"",    0.1,"",    0.1,"",
"Language spoken most often at home","                Bosnian",,     0,"",     0,"",     0,"",    0.0,"",    0.0,"",    0.0,"",
"Language spoken most often at home","                Croatian",,     0,"",     0,"",     0,"",    0.0,"",    0.0,"",    0.0,"",
"Language spoken most often at home","                Serbian",,    25,"",    10,"",    15,"",    0.1,"",    0.1,"",    0.1,"",
"Language spoken most often at home","                Serbo-Croatian, n.i.e.",,     0,"",     0,"",     0,"",    0.0,"",    0.0,"",    0.0,"",
"Language spoken most often at home","              Slovak",,     5,"",     0,"",     5,"",    0.0,"",    0.0,"",    0.0,"",
"Language spoken most often at home","              Slovene (Slovenian)",,     0,"",     0,"",     0,"",    0.0,"",    0.0,"",    0.0,"",
"Language spoken most often at home","              Ukrainian",,    20,"",     5,"",    10,"",    0.1,"",    0.1,"",    0.1,"",
"Language spoken most often at home","              Slavic languages, n.i.e.",,     0,"",     0,"",     0,"",    0.0,"",    0.0,"",    0.0,"",
"Language spoken most often at home","          Celtic languages",,     0,"",     0,"",     0,"",    0.0,"",    0.0,"",    0.0,"",
"Language spoken most often at home","            Irish",,     0,"",     0,"",     0,"",    0.0,"",    0.0,"",    0.0,"",
"Language spoken most often at home","            Scottish Gaelic",,     0,"",     0,"",     0,"",    0.0,"",    0.0,"",    0.0,"",
"Language spoken most often at home","            Welsh",,     0,"",     0,"",     0,"",    0.0,"",    0.0,"",    0.0,"",
"Language spoken most often at home","            Celtic languages, n.i.e.",,     0,"",     0,"",     0,"",    0.0,"",    0.0,"",    0.0,"",
"Language spoken most often at home","          Germanic languages",,    60,"",    30,"",    35,"",    0.3,"",    0.3,"",    0.3,"",
"Language spoken most often at home","            Frisian",,     0,"",     0,"",     0,"",    0.0,"",    0.0,"",    0.0,"",
"Language spoken most often at home","            High German languages",,    40,"",    15,"",    25,"",    0.2,"",    0.2,"",    0.2,"",
"Language spoken most often at home","              German",,    40,"",    15,"",    25,"",    0.2,"",    0.2,"",    0.2,"",
"Language spoken most often at home","              Pennsylvania German",,     0,"",     0,"",     0,"",    0.0,"",    0.0,"",    0.0,"",
"Language spoken most often at home","              Swiss German",,     0,"",     0,"",     0,"",    0.0,"",    0.0,"",    0.0,"",
"Language spoken most often at home","              Yiddish",,     0,"",     0,"",     0,"",    0.0,"",    0.0,"",    0.0,"",
"Language spoken most often at home","            Low Saxon-Low Franconian languages",,    15,"",    10,"",     5,"",    0.1,"",    0.1,"",    0.0,"",
"Language spoken most often at home","              Afrikaans",,     5,"",     5,"",     0,"",    0.0,"",    0.1,"",    0.0,"",
"Language spoken most often at home","              Dutch",,    15,"",    10,"",     5,"",    0.1,"",    0.1,"",    0.0,"",
"Language spoken most often at home","              Low German, n.o.s.",,     0,"",     0,"",     0,"",    0.0,"",    0.0,"",    0.0,"",
"Language spoken most often at home","              Low Saxon",,     0,"",     0,"",     0,"",    0.0,"",    0.0,"",    0.0,"",
"Language spoken most often at home","              Plautdietsch",,     0,"",     0,"",     0,"",    0.0,"",    0.0,"",    0.0,"",
"Language spoken most often at home","              Vlaams (Flemish)",,     0,"",     0,"",     0,"",    0.0,"",    0.0,"",    0.0,"",
"Language spoken most often at home","            Scandinavian languages",,     5,"",     0,"",     5,"",    0.0,"",    0.0,"",    0.0,"",
"Language spoken most often at home","              Danish",,     0,"",     0,"",     0,"",    0.0,"",    0.0,"",    0.0,"",
"Language spoken most often at home","              Icelandic",,     0,"",     0,"",     0,"",    0.0,"",    0.0,"",    0.0,"",
"Language spoken most often at home","              Norwegian",,     0,"",     0,"",     0,"",    0.0,"",    0.0,"",    0.0,"",
"Language spoken most often at home","              Swedish",,     5,"",     0,"",     0,"",    0.0,"",    0.0,"",    0.0,"",
"Language spoken most often at home","            Germanic languages, n.i.e.",,     0,"",     0,"",     0,"",    0.0,"",    0.0,"",    0.0,"",
"Language spoken most often at home","          Greek",,    15,"",     5,"",    10,"",    0.1,"",    0.1,"",    0.1,"",
"Language spoken most often at home","          Indo-Iranian languages",,   495,"",   225,"",   270,"",    2.4,"",    2.4,"",    2.4,"",
"Language spoken most often at home","            Indo-Aryan languages",,   465,"",   210,"",   255,"",    2.2,"",    2.2,"",    2.3,"",
"Language spoken most often at home","              Assamese",,     0,"",     0,"",     0,"",    0.0,"",    0.0,"",    0.0,"",
"Language spoken most often at home","              Bengali",,     0,"",     0,"",     0,"",    0.0,"",    0.0,"",    0.0,"",
"Language spoken most often at home","              Gujarati",,    10,"",     5,"",     0,"",    0.0,"",    0.1,"",    0.0,"",
"Language spoken most often at home","              Hindi",,    35,"",    20,"",    20,"",    0.2,"",    0.2,"",    0.2,"",
"Language spoken most often at home","              Kacchi",,     0,"",     0,"",     0,"",    0.0,"",    0.0,"",    0.0,"",
"Language spoken most often at home","              Kashmiri",,     0,"",     0,"",     0,"",    0.0,"",    0.0,"",    0.0,"",
"Language spoken most often at home","              Konkani",,     0,"",     0,"",     0,"",    0.0,"",    0.0,"",    0.0,"",
"Language spoken most often at home","              Marathi",,     5,"",     5,"",     5,"",    0.0,"",    0.1,"",    0.0,"",
"Language spoken most often at home","              Nepali",,     0,"",     0,"",     0,"",    0.0,"",    0.0,"",    0.0,"",
"Language spoken most often at home","              Oriya languages",,     0,"",     0,"",     0,"",    0.0,"",    0.0,"",    0.0,"",
"Language spoken most often at home","                Odia",,     0,"",     0,"",     0,"",    0.0,"",    0.0,"",    0.0,"",
"Language spoken most often at home","                Oriya, n.o.s.",,     0,"",     0,"",     0,"",    0.0,"",    0.0,"",    0.0,"",
"Language spoken most often at home","              Punjabi (Panjabi)",,   345,"",   160,"",   185,"",    1.7,"",    1.7,"",    1.6,"",
"Language spoken most often at home","              Rohingya",,     0,"",     0,"",     0,"",    0.0,"",    0.0,"",    0.0,"",
"Language spoken most often at home","              Sindhi",,     0,"",     0,"",     0,"",    0.0,"",    0.0,"",    0.0,"",
"Language spoken most often at home","              Sinhala (Sinhalese)",,     0,"",     0,"",     0,"",    0.0,"",    0.0,"",    0.0,"",
"Language spoken most often at home","              Urdu",,    70,"",    25,"",    45,"",    0.3,"",    0.3,"",    0.4,"",
"Language spoken most often at home","              Indo-Aryan languages, n.i.e.",,     0,"",     0,"",     0,"",    0.0,"",    0.0,"",    0.0,"",
"Language spoken most often at home","            Iranian languages",,    30,"",    15,"",    15,"",    0.1,"",    0.2,"",    0.1,"",
"Language spoken most often at home","              Baluchi",,     0,"",     0,"",     0,"",    0.0,"",    0.0,"",    0.0,"",
"Language spoken most often at home","              Kurdish",,     0,"",     0,"",     0,"",    0.0,"",    0.0,"",    0.0,"",
"Language spoken most often at home","              Parsi",,     0,"",     0,"",     0,"",    0.0,"",    0.0,"",    0.0,"",
"Language spoken most often at home","              Pashto",,     0,"",     0,"",     0,"",    0.0,"",    0.0,"",    0.0,"",
"Language spoken most often at home","              Persian languages",,    25,"",    10,"",    10,"",    0.1,"",    0.1,"",    0.1,"",
"Language spoken most often at home","                Dari",,     0,"",     0,"",     0,"",    0.0,"",    0.0,"",    0.0,"",
"Language spoken most often at home","                Iranian Persian",,    25,"",    10,"",    10,"",    0.1,"",    0.1,"",    0.1,"",
"Language spoken most often at home","                Persian (Farsi), n.o.s.",,     0,"",     0,"",     0,"",    0.0,"",    0.0,"",    0.0,"",
"Language spoken most often at home","              Iranian languages, n.i.e.",,     0,"",     0,"",     0,"",    0.0,"",    0.0,"",    0.0,"",
"Language spoken most often at home","            Indo-Iranian languages, n.i.e.",,     0,"",     0,"",     0,"",    0.0,"",    0.0,"",    0.0,"",
"Language spoken most often at home","          Italic (Romance) languages",,   145,"",    55,"",    90,"",    0.7,"",    0.6,"",    0.8,"",
"Language spoken most often at home","            Catalan",,     0,"",     0,"",     0,"",    0.0,"",    0.0,"",    0.0,"",
"Language spoken most often at home","            Italian",,     0,"",     0,"",     0,"",    0.0,"",    0.0,"",    0.0,"",
"Language spoken most often at home","            Portuguese",,    45,"",    20,"",    30,"",    0.2,"",    0.2,"",    0.3,"",
"Language spoken most often at home","            Romanian",,    30,"",    10,"",    15,"",    0.1,"",    0.1,"",    0.1,"",
"Language spoken most often at home","            Spanish",,    70,"",    25,"",    45,"",    0.3,"",    0.3,"",    0.4,"",
"Language spoken most often at home","            Italic (Romance) languages, n.i.e.",,     0,"",     0,"",     0,"",    0.0,"",    0.0,"",    0.0,"",
"Language spoken most often at home","          Indo-European languages, n.i.e.",,     0,"",     0,"",     0,"",    0.0,"",    0.0,"",    0.0,"",
"Language spoken most often at home","        Japanese",,    25,"",    15,"",    15,"",    0.1,"",    0.2,"",    0.1,"",
"Language spoken most often at home","        Korean",,   120,"",    55,"",    70,"",    0.6,"",    0.6,"",    0.6,"",
"Language spoken most often at home","        Mongolian",,     0,"",     0,"",     0,"",    0.0,"",    0.0,"",    0.0,"",
"Language spoken most often at home","        Niger-Congo languages",,     0,"",     0,"",     0,"",    0.0,"",    0.0,"",    0.0,"",
"Language spoken most often at home","          Akan (Twi)",,     0,"",     0,"",     0,"",    0.0,"",    0.0,"",    0.0,"",
"Language spoken most often at home","          Bamanankan",,     0,"",     0,"",     0,"",    0.0,"",    0.0,"",    0.0,"",
"Language spoken most often at home","          Edo",,     0,"",     0,"",     0,"",    0.0,"",    0.0,"",    0.0,"",
"Language spoken most often at home","          Éwé",,     0,"",     0,"",     0,"",    0.0,"",    0.0,"",    0.0,"",
"Language spoken most often at home","          Fulah (Pular, Pulaar, Fulfulde)",,     0,"",     0,"",     0,"",    0.0,"",    0.0,"",    0.0,"",
"Language spoken most often at home","          Ga",,     0,"",     0,"",     0,"",    0.0,"",    0.0,"",    0.0,"",
"Language spoken most often at home","          Ganda",,     0,"",     0,"",     0,"",    0.0,"",    0.0,"",    0.0,"",
"Language spoken most often at home","          Gikuyu",,     0,"",     0,"",     0,"",    0.0,"",    0.0,"",    0.0,"",
"Language spoken most often at home","          Igbo",,     0,"",     0,"",     0,"",    0.0,"",    0.0,"",    0.0,"",
"Language spoken most often at home","          Kinyarwanda (Rwanda)",,     0,"",     0,"",     0,"",    0.0,"",    0.0,"",    0.0,"",
"Language spoken most often at home","          Lingala",,     0,"",     0,"",     0,"",    0.0,"",    0.0,"",    0.0,"",
"Language spoken most often at home","          Luba-Kasai",,     0,"",     0,"",     0,"",    0.0,"",    0.0,"",    0.0,"",
"Language spoken most often at home","          Mòoré",,     0,"",     0,"",     0,"",    0.0,"",    0.0,"",    0.0,"",
"Language spoken most often at home","          Mwani",,     0,"",     0,"",     0,"",    0.0,"",    0.0,"",    0.0,"",
"Language spoken most often at home","          Ndebele",,     0,"",     0,"",     0,"",    0.0,"",    0.0,"",    0.0,"",
"Language spoken most often at home","          Rundi (Kirundi)",,     0,"",     0,"",     0,"",    0.0,"",    0.0,"",    0.0,"",
"Language spoken most often at home","          Shona",,     0,"",     0,"",     0,"",    0.0,"",    0.0,"",    0.0,"",
"Language spoken most often at home","          Soninke",,     0,"",     0,"",     0,"",    0.0,"",    0.0,"",    0.0,"",
"Language spoken most often at home","          Sotho-Tswana languages",,     0,"",     0,"",     0,"",    0.0,"",    0.0,"",    0.0,"",
"Language spoken most often at home","          Swahili",,     0,"",     0,"",     0,"",    0.0,"",    0.0,"",    0.0,"",
"Language spoken most often at home","          Wojenaka",,     0,"",     0,"",     0,"",    0.0,"",    0.0,"",    0.0,"",
"Language spoken most often at home","          Wolof",,     0,"",     0,"",     0,"",    0.0,"",    0.0,"",    0.0,"",
"Language spoken most often at home","          Yoruba",,     0,"",     0,"",     0,"",    0.0,"",    0.0,"",    0.0,"",
"Language spoken most often at home","          Niger-Congo languages, n.i.e.",,     0,"",     0,"",     0,"",    0.0,"",    0.0,"",    0.0,"",
"Language spoken most often at home","        Nilo-Saharan languages",,     0,"",     0,"",     0,"",    0.0,"",    0.0,"",    0.0,"",
"Language spoken most often at home","          Dinka",,     0,"",     0,"",     0,"",    0.0,"",    0.0,"",    0.0,"",
"Language spoken most often at home","          Nuer",,     0,"",     0,"",     0,"",    0.0,"",    0.0,"",    0.0,"",
"Language spoken most often at home","          Nilo-Saharan languages, n.i.e.",,     0,"",     0,"",     0,"",    0.0,"",    0.0,"",    0.0,"",
"Language spoken most often at home","          African, n.o.s.",,     0,"",     0,"",     0,"",    0.0,"",    0.0,"",    0.0,"",
"Language spoken most often at home","        Sign languages",,     5,"",     5,"",     0,"",    0.0,"",    0.1,"",    0.0,"",
"Language spoken most often at home","          American Sign Language",,     5,"",     5,"",     0,"",    0.0,"",    0.1,"",    0.0,"",
"Language spoken most often at home","          Quebec Sign Language",,     0,"",     0,"",     0,"",    0.0,"",    0.0,"",    0.0,"",
"Language spoken most often at home","          Sign languages, n.i.e.",,     0,"",     0,"",     0,"",    0.0,"",    0.0,"",    0.0,"",
"Language spoken most often at home","        Sino-Tibetan languages",,  1025,"",   465,"",   555,"",    4.9,"",    4.9,"",    4.9,"",
"Language spoken most often at home","          Chinese languages",,  1025,"",   465,"",   555,"",    4.9,"",    4.9,"",    4.9,"",
"Language spoken most often at home","            Hakka",,     0,"",     0,"",     0,"",    0.0,"",    0.0,"",    0.0,"",
"Language spoken most often at home","            Mandarin",,   900,"",   415,"",   485,"",    4.3,"",    4.3,"",    4.3,"",
"Language spoken most often at home","            Min Dong",,     0,"",     0,"",     0,"",    0.0,"",    0.0,"",    0.0,"",
"Language spoken most often at home","            Min Nan (Chaochow, Teochow, Fukien, Taiwanese)",,    10,"",     5,"",     5,"",    0.0,"",    0.1,"",    0.0,"",
"Language spoken most often at home","            Wu (Shanghainese)",,     5,"",     0,"",     0,"",    0.0,"",    0.0,"",    0.0,"",
"Language spoken most often at home","            Yue (Cantonese)",,   105,"",    45,"",    60,"",    0.5,"",    0.5,"",    0.5,"",
"Language spoken most often at home","            Chinese, n.o.s.",,    10,"",     0,"",     5,"",    0.0,"",    0.0,"",    0.0,"",
"Language spoken most often at home","            Chinese languages, n.i.e.",,     0,"",     0,"",     0,"",    0.0,"",    0.0,"",    0.0,"",
"Language spoken most often at home","          Tibeto-Burman languages",,     0,"",     0,"",     0,"",    0.0,"",    0.0,"",    0.0,"",
"Language spoken most often at home","            Burmese",,     0,"",     0,"",     0,"",    0.0,"",    0.0,"",    0.0,"",
"Language spoken most often at home","            Kuki-Chin languages",,     0,"",     0,"",     0,"",    0.0,"",    0.0,"",    0.0,"",
"Language spoken most often at home","            Karenic languages",,     0,"",     0,"",     0,"",    0.0,"",    0.0,"",    0.0,"",
"Language spoken most often at home","              S'gaw Karen",,     0,"",     0,"",     0,"",    0.0,"",    0.0,"",    0.0,"",
"Language spoken most often at home","              Karenic languages, n.i.e.",,     0,"",     0,"",     0,"",    0.0,"",    0.0,"",    0.0,"",
"Language spoken most often at home","            Tibetan",,     0,"",     0,"",     0,"",    0.0,"",    0.0,"",    0.0,"",
"Language spoken most often at home","            Tibeto-Burman languages, n.i.e.",,     0,"",     0,"",     0,"",    0.0,"",    0.0,"",    0.0,"",
"Language spoken most often at home","          Sino-Tibetan languages, n.i.e.",,     0,"",     0,"",     0,"",    0.0,"",    0.0,"",    0.0,"",
"Language spoken most often at home","        Tai-Kadai languages",,     0,"",     0,"",     0,"",    0.0,"",    0.0,"",    0.0,"",
"Language spoken most often at home","          Lao",,     0,"",     0,"",     0,"",    0.0,"",    0.0,"",    0.0,"",
"Language spoken most often at home","          Thai",,     0,"",     0,"",     0,"",    0.0,"",    0.0,"",    0.0,"",
"Language spoken most often at home","          Tai-Kadai languages, n.i.e.",,     0,"",     0,"",     0,"",    0.0,"",    0.0,"",    0.0,"",
"Language spoken most often at home","        Turkic languages",,    10,"",     5,"",     0,"",    0.0,"",    0.1,"",    0.0,"",
"Language spoken most often at home","          Azerbaijani",,     0,"",     0,"",     0,"",    0.0,"",    0.0,"",    0.0,"",
"Language spoken most often at home","          Kazakh",,     0,"",     0,"",     0,"",    0.0,"",    0.0,"",    0.0,"",
"Language spoken most often at home","          Turkish",,    10,"",     5,"",     0,"",    0.0,"",    0.1,"",    0.0,"",
"Language spoken most often at home","          Uyghur",,     0,"",     0,"",     0,"",    0.0,"",    0.0,"",    0.0,"",
"Language spoken most often at home","          Uzbek",,     0,"",     0,"",     0,"",    0.0,"",    0.0,"",    0.0,"",
"Language spoken most often at home","          Turkic languages, n.i.e.",,     0,"",     0,"",     0,"",    0.0,"",    0.0,"",    0.0,"",
"Language spoken most often at home","        Uralic languages",,    25,"",    10,"",    15,"",    0.1,"",    0.1,"",    0.1,"",
"Language spoken most often at home","          Estonian",,     5,"",     5,"",     0,"",    0.0,"",    0.1,"",    0.0,"",
"Language spoken most often at home","          Finnish",,    10,"",     5,"",     5,"",    0.0,"",    0.1,"",    0.0,"",
"Language spoken most often at home","          Hungarian",,     5,"",     5,"",     5,"",    0.0,"",    0.1,"",    0.0,"",
"Language spoken most often at home","        Other languages, n.i.e.",,     0,"",     0,"",     0,"",    0.0,"",    0.0,"",    0.0,"",
"Language spoken most often at home","  Multiple responses",,   520,"",   235,"",   285,"",    2.5,"",    2.5,"",    2.5,"",
"Language spoken most often at home","    English and French",,    40,"",    20,"",    20,"",    0.2,"",    0.2,"",    0.2,"",
"Language spoken most often at home","    English and non-official language(s)",,   455,"",   200,"",   250,"",    2.2,"",    2.1,"",    2.2,"",
"Language spoken most often at home","    French and non-official language(s)",,     0,"",     0,"",     0,"",    0.0,"",    0.0,"",    0.0,"",
"Language spoken most often at home","    English, French and non-official language(s)",,    15,"",    10,"",    10,"",    0.1,"",    0.1,"",    0.1,"",
"Language spoken most often at home","    Multiple non-official languages",,    15,"",     5,"",     5,"",    0.1,"",    0.1,"",    0.0,"",
"Other language spoken regularly at home","Total - Other language(s) spoken regularly at home for the total population excluding institutional residents - 100% data",42, 20855,"",  9570,"", 11290,"",  100.0,"",  100.0,"",  100.0,"",
"Other language spoken regularly at home","  None",, 18095,"",  8365,"",  9730,"",   86.8,"",   87.4,"",   86.2,"",
"Other language spoken regularly at home","  English",,   845,"",   395,"",   450,"",    4.1,"",    4.1,"",    4.0,"",
"Other language spoken regularly at home","  French",,   160,"",    55,"",    95,"",    0.8,"",    0.6,"",    0.8,"",
"Other language spoken regularly at home","  Non-official language",,  1370,"",   585,"",   790,"",    6.6,"",    6.1,"",    7.0,"",
"Other language spoken regularly at home","    Indigenous",39,     5,"",     0,"",     0,"",    0.0,"",    0.0,"",    0.0,"",
"Other language spoken regularly at home","    Non-Indigenous",,  1370,"",   585,"",   785,"",    6.6,"",    6.1,"",    7.0,"",
"Other language spoken regularly at home","  English and French",,    10,"",     0,"",    10,"",    0.0,"",    0.0,"",    0.1,"",
"Other language spoken regularly at home","  English and non-official language(s)",,   115,"",    50,"",    65,"",    0.6,"",    0.5,"",    0.6,"",
"Other language spoken regularly at home","  French and non-official language(s)",,    90,"",    40,"",    50,"",    0.4,"",    0.4,"",    0.4,"",
"Other language spoken regularly at home","  English, French and non-official language(s)",,     0,"",     0,"",     0,"",    0.0,"",    0.0,"",    0.0,"",
"Other language spoken regularly at home","  Multiple non-official languages",,   175,"",    70,"",   105,"",    0.8,"",    0.7,"",    0.9,"",
"Knowledge of languages","Total - Knowledge of languages for the population in private households - 25% sample data",43, 20725,"",  9530,"", 11200,"",  100.0,"",  100.0,"",  100.0,"",
"Knowledge of languages","  Official languages",, 20355,"",  9400,"", 10950,"",   98.2,"",   98.6,"",   97.8,"",
"Knowledge of languages","    English",, 20345,"",  9395,"", 10950,"",   98.2,"",   98.6,"",   97.8,"",
"Knowledge of languages","    French",,  1690,"",   745,"",   945,"",    8.2,"",    7.8,"",    8.4,"",
"Knowledge of languages","  Non-official languages",,  5980,"",  2510,"",  3465,"",   28.9,"",   26.3,"",   30.9,"",
"Knowledge of languages","    Indigenous languages",39,    10,"",    10,"",     0,"",    0.0,"",    0.1,"",    0.0,"",
"Knowledge of languages","      Algonquian languages",,     0,"",     0,"",     0,"",    0.0,"",    0.0,"",    0.0,"",
"Knowledge of languages","        Blackfoot",,     0,"",     0,"",     0,"",    0.0,"",    0.0,"",    0.0,"",
"Knowledge of languages","        Cree-Innu languages",,     0,"",     0,"",     0,"",    0.0,"",    0.0,"",    0.0,"",
"Knowledge of languages","          Atikamekw",,     0,"",     0,"",     0,"",    0.0,"",    0.0,"",    0.0,"",
"Knowledge of languages","          Cree languages",,     0,"",     0,"",     0,"",    0.0,"",    0.0,"",    0.0,"",
"Knowledge of languages","            Ililimowin (Moose Cree)",,     0,"",     0,"",     0,"",    0.0,"",    0.0,"",    0.0,"",
"Knowledge of languages","            Inu Ayimun (Southern East Cree)",,     0,"",     0,"",     0,"",    0.0,"",    0.0,"",    0.0,"",
"Knowledge of languages","            Iyiyiw-Ayimiwin (Northern East Cree)",,     0,"",     0,"",     0,"",    0.0,"",    0.0,"",    0.0,"",
"Knowledge of languages","            Nehinawewin (Swampy Cree)",,     0,"",     0,"",     0,"",    0.0,"",    0.0,"",    0.0,"",
"Knowledge of languages","            Nehiyawewin (Plains Cree)",,     0,"",     0,"",     0,"",    0.0,"",    0.0,"",    0.0,"",
"Knowledge of languages","            Nihithawiwin (Woods Cree)",,     0,"",     0,"",     0,"",    0.0,"",    0.0,"",    0.0,"",
"Knowledge of languages","            Cree, n.o.s.",,     0,"",     0,"",     0,"",    0.0,"",    0.0,"",    0.0,"",
"Knowledge of languages","          Innu (Montagnais)",,     0,"",     0,"",     0,"",    0.0,"",    0.0,"",    0.0,"",
"Knowledge of languages","          Naskapi",,     0,"",     0,"",     0,"",    0.0,"",    0.0,"",    0.0,"",
"Knowledge of languages","        Eastern Algonquian languages",,     0,"",     0,"",     0,"",    0.0,"",    0.0,"",    0.0,"",
"Knowledge of languages","          Mi'kmaq",,     0,"",     0,"",     0,"",    0.0,"",    0.0,"",    0.0,"",
"Knowledge of languages","          Wolastoqewi (Malecite)",,     0,"",     0,"",     0,"",    0.0,"",    0.0,"",    0.0,"",
"Knowledge of languages","        Ojibway-Potawatomi languages",,     0,"",     0,"",     0,"",    0.0,"",    0.0,"",    0.0,"",
"Knowledge of languages","          Anicinabemowin (Algonquin)",,     0,"",     0,"",     0,"",    0.0,"",    0.0,"",    0.0,"",
"Knowledge of languages","          Oji-Cree",,     0,"",     0,"",     0,"",    0.0,"",    0.0,"",    0.0,"",
"Knowledge of languages","          Ojibway languages",,     0,"",     0,"",     0,"",    0.0,"",    0.0,"",    0.0,"",
"Knowledge of languages","            Anishinaabemowin (Chippewa)",,     0,"",     0,"",     0,"",    0.0,"",    0.0,"",    0.0,"",
"Knowledge of languages","            Daawaamwin (Odawa)",,     0,"",     0,"",     0,"",    0.0,"",    0.0,"",    0.0,"",
"Knowledge of languages","            Saulteau (Western Ojibway)",,     0,"",     0,"",     0,"",    0.0,"",    0.0,"",    0.0,"",
"Knowledge of languages","            Ojibway, n.o.s.",,     0,"",     0,"",     0,"",    0.0,"",    0.0,"",    0.0,"",
"Knowledge of languages","        Algonquian languages, n.i.e.",,     0,"",     0,"",     0,"",    0.0,"",    0.0,"",    0.0,"",
"Knowledge of languages","      Athabaskan languages",,     0,"",     0,"",     0,"",    0.0,"",    0.0,"",    0.0,"",
"Knowledge of languages","        Northern Athabaskan languages",,     0,"",     0,"",     0,"",    0.0,"",    0.0,"",    0.0,"",
"Knowledge of languages","          Dakelh (Carrier)",,     0,"",     0,"",     0,"",    0.0,"",    0.0,"",    0.0,"",
"Knowledge of languages","          Dane-zaa (Beaver)",,     0,"",     0,"",     0,"",    0.0,"",    0.0,"",    0.0,"",
"Knowledge of languages","          Dene, n.o.s.",,     0,"",     0,"",     0,"",    0.0,"",    0.0,"",    0.0,"",
"Knowledge of languages","          Gwich'in",,     0,"",     0,"",     0,"",    0.0,"",    0.0,"",    0.0,"",
"Knowledge of languages","          Slavey-Hare languages",,     0,"",     0,"",     0,"",    0.0,"",    0.0,"",    0.0,"",
"Knowledge of languages","            Deh Gah Ghotie Zhatie (South Slavey)",,     0,"",     0,"",     0,"",    0.0,"",    0.0,"",    0.0,"",
"Knowledge of languages","            Satuotine Yati (North Slavey)",,     0,"",     0,"",     0,"",    0.0,"",    0.0,"",    0.0,"",
"Knowledge of languages","            Slavey, n.o.s.",,     0,"",     0,"",     0,"",    0.0,"",    0.0,"",    0.0,"",
"Knowledge of languages","          Tahltan languages",,     0,"",     0,"",     0,"",    0.0,"",    0.0,"",    0.0,"",
"Knowledge of languages","            Kaska (Nahani)",,     0,"",     0,"",     0,"",    0.0,"",    0.0,"",    0.0,"",
"Knowledge of languages","            Tahltan",,     0,"",     0,"",     0,"",    0.0,"",    0.0,"",    0.0,"",
"Knowledge of languages","          Tlicho (Dogrib)",,     0,"",     0,"",     0,"",    0.0,"",    0.0,"",    0.0,"",
"Knowledge of languages","          Tse'khene (Sekani)",,     0,"",     0,"",     0,"",    0.0,"",    0.0,"",    0.0,"",
"Knowledge of languages","          Tsilhqot'in (Chilcotin)",,     0,"",     0,"",     0,"",    0.0,"",    0.0,"",    0.0,"",
"Knowledge of languages","          Tsuu T'ina (Sarsi)",,     0,"",     0,"",     0,"",    0.0,"",    0.0,"",    0.0,"",
"Knowledge of languages","          Tutchone languages",,     0,"",     0,"",     0,"",    0.0,"",    0.0,"",    0.0,"",
"Knowledge of languages","            Northern Tutchone",,     0,"",     0,"",     0,"",    0.0,"",    0.0,"",    0.0,"",
"Knowledge of languages","            Southern Tutchone",,     0,"",     0,"",     0,"",    0.0,"",    0.0,"",    0.0,"",
"Knowledge of languages","            Tutchone, n.o.s.",,     0,"",     0,"",     0,"",    0.0,"",    0.0,"",    0.0,"",
"Knowledge of languages","          Wetsuwet'en-Babine",,     0,"",     0,"",     0,"",    0.0,"",    0.0,"",    0.0,"",
"Knowledge of languages","        Tlingit",,     0,"",     0,"",     0,"",    0.0,"",    0.0,"",    0.0,"",
"Knowledge of languages","        Athabaskan languages, n.i.e.",,     0,"",     0,"",     0,"",    0.0,"",    0.0,"",    0.0,"",
"Knowledge of languages","      Haida",,     0,"",     0,"",     0,"",    0.0,"",    0.0,"",    0.0,"",
"Knowledge of languages","      Inuktut (Inuit) languages",,     0,"",     0,"",     0,"",    0.0,"",    0.0,"",    0.0,"",
"Knowledge of languages","        Inuinnaqtun (Inuvialuktun)",,     0,"",     0,"",     0,"",    0.0,"",    0.0,"",    0.0,"",
"Knowledge of languages","          Inuinnaqtun",,     0,"",     0,"",     0,"",    0.0,"",    0.0,"",    0.0,"",
"Knowledge of languages","          Inuvialuktun",,     0,"",     0,"",     0,"",    0.0,"",    0.0,"",    0.0,"",
"Knowledge of languages","        Inuktitut",,     0,"",     0,"",     0,"",    0.0,"",    0.0,"",    0.0,"",
"Knowledge of languages","        Inuktut (Inuit) languages, n.i.e.",,     0,"",     0,"",     0,"",    0.0,"",    0.0,"",    0.0,"",
"Knowledge of languages","      Iroquoian languages",,     0,"",     0,"",     0,"",    0.0,"",    0.0,"",    0.0,"",
"Knowledge of languages","        Cayuga",,     0,"",     0,"",     0,"",    0.0,"",    0.0,"",    0.0,"",
"Knowledge of languages","        Mohawk",,     0,"",     0,"",     0,"",    0.0,"",    0.0,"",    0.0,"",
"Knowledge of languages","        Oneida",,     0,"",     0,"",     0,"",    0.0,"",    0.0,"",    0.0,"",
"Knowledge of languages","        Iroquoian languages, n.i.e.",,     0,"",     0,"",     0,"",    0.0,"",    0.0,"",    0.0,"",
"Knowledge of languages","      Ktunaxa (Kutenai)",,     0,"",     0,"",     0,"",    0.0,"",    0.0,"",    0.0,"",
"Knowledge of languages","      Michif",,     0,"",     0,"",     0,"",    0.0,"",    0.0,"",    0.0,"",
"Knowledge of languages","      Salish languages",,     0,"",     0,"",     0,"",    0.0,"",    0.0,"",    0.0,"",
"Knowledge of languages","        Halkomelem",,     0,"",     0,"",     0,"",    0.0,"",    0.0,"",    0.0,"",
"Knowledge of languages","        Lillooet",,     0,"",     0,"",     0,"",    0.0,"",    0.0,"",    0.0,"",
"Knowledge of languages","        Ntlakapamux (Thompson)",,     0,"",     0,"",     0,"",    0.0,"",    0.0,"",    0.0,"",
"Knowledge of languages","        Secwepemctsin (Shuswap)",,     0,"",     0,"",     0,"",    0.0,"",    0.0,"",    0.0,"",
"Knowledge of languages","        Squamish",,     0,"",     0,"",     0,"",    0.0,"",    0.0,"",    0.0,"",
"Knowledge of languages","        Straits",,     0,"",     0,"",     0,"",    0.0,"",    0.0,"",    0.0,"",
"Knowledge of languages","        Syilx (Okanagan)",,     0,"",     0,"",     0,"",    0.0,"",    0.0,"",    0.0,"",
"Knowledge of languages","        Salish languages, n.i.e.",,     0,"",     0,"",     0,"",    0.0,"",    0.0,"",    0.0,"",
"Knowledge of languages","      Siouan languages",,     0,"",     0,"",     0,"",    0.0,"",    0.0,"",    0.0,"",
"Knowledge of languages","        Assiniboine",,     0,"",     0,"",     0,"",    0.0,"",    0.0,"",    0.0,"",
"Knowledge of languages","        Dakota",,     0,"",     0,"",     0,"",    0.0,"",    0.0,"",    0.0,"",
"Knowledge of languages","        Stoney",,     0,"",     0,"",     0,"",    0.0,"",    0.0,"",    0.0,"",
"Knowledge of languages","        Siouan languages, n.i.e.",,     0,"",     0,"",     0,"",    0.0,"",    0.0,"",    0.0,"",
"Knowledge of languages","      Tsimshian languages",,     0,"",     0,"",     0,"",    0.0,"",    0.0,"",    0.0,"",
"Knowledge of languages","        Gitxsan (Gitksan)",,     0,"",     0,"",     0,"",    0.0,"",    0.0,"",    0.0,"",
"Knowledge of languages","        Nisga'a",,     0,"",     0,"",     0,"",    0.0,"",    0.0,"",    0.0,"",
"Knowledge of languages","        Tsimshian",,     0,"",     0,"",     0,"",    0.0,"",    0.0,"",    0.0,"",
"Knowledge of languages","      Wakashan languages",,     0,"",     0,"",     0,"",    0.0,"",    0.0,"",    0.0,"",
"Knowledge of languages","        Haisla",,     0,"",     0,"",     0,"",    0.0,"",    0.0,"",    0.0,"",
"Knowledge of languages","        Heiltsuk",,     0,"",     0,"",     0,"",    0.0,"",    0.0,"",    0.0,"",
"Knowledge of languages","        Kwak'wala (Kwakiutl)",,     0,"",     0,"",     0,"",    0.0,"",    0.0,"",    0.0,"",
"Knowledge of languages","        Nuu-chah-nulth (Nootka)",,     0,"",     0,"",     0,"",    0.0,"",    0.0,"",    0.0,"",
"Knowledge of languages","        Wakashan languages, n.i.e.",,     0,"",     0,"",     0,"",    0.0,"",    0.0,"",    0.0,"",
"Knowledge of languages","      Indigenous languages, n.i.e.",,     0,"",     0,"",     0,"",    0.0,"",    0.0,"",    0.0,"",
"Knowledge of languages","      Indigenous languages, n.o.s.",,     0,"",     0,"",     0,"",    0.0,"",    0.0,"",    0.0,"",
"Knowledge of languages","    Non-Indigenous languages",,  5970,"",  2500,"",  3465,"",   28.8,"",   26.2,"",   30.9,"",
"Knowledge of languages","      Afro-Asiatic languages",,   130,"",    65,"",    65,"",    0.6,"",    0.7,"",    0.6,"",
"Knowledge of languages","        Berber languages",,     0,"",     0,"",     0,"",    0.0,"",    0.0,"",    0.0,"",
"Knowledge of languages","          Kabyle",,     0,"",     0,"",     0,"",    0.0,"",    0.0,"",    0.0,"",
"Knowledge of languages","          Tamazight",,     0,"",     0,"",     0,"",    0.0,"",    0.0,"",    0.0,"",
"Knowledge of languages","          Berber languages, n.i.e.",,     0,"",     0,"",     0,"",    0.0,"",    0.0,"",    0.0,"",
"Knowledge of languages","        Chadic languages",,     0,"",     0,"",     0,"",    0.0,"",    0.0,"",    0.0,"",
"Knowledge of languages","          Hausa",,     0,"",     0,"",     0,"",    0.0,"",    0.0,"",    0.0,"",
"Knowledge of languages","          Mina",,     0,"",     0,"",     0,"",    0.0,"",    0.0,"",    0.0,"",
"Knowledge of languages","        Coptic",,     0,"",     0,"",     0,"",    0.0,"",    0.0,"",    0.0,"",
"Knowledge of languages","        Cushitic languages",,     0,"",     0,"",     0,"",    0.0,"",    0.0,"",    0.0,"",
"Knowledge of languages","          Bilen",,     0,"",     0,"",     0,"",    0.0,"",    0.0,"",    0.0,"",
"Knowledge of languages","          Oromo",,     0,"",     0,"",     0,"",    0.0,"",    0.0,"",    0.0,"",
"Knowledge of languages","          Somali",,     0,"",     0,"",     0,"",    0.0,"",    0.0,"",    0.0,"",
"Knowledge of languages","          Cushitic languages, n.i.e.",,     0,"",     0,"",     0,"",    0.0,"",    0.0,"",    0.0,"",
"Knowledge of languages","        Semitic languages",,   115,"",    60,"",    60,"",    0.6,"",    0.6,"",    0.5,"",
"Knowledge of languages","          Amharic",,     0,"",     0,"",     0,"",    0.0,"",    0.0,"",    0.0,"",
"Knowledge of languages","          Arabic",,    75,"",    45,"",    30,"",    0.4,"",    0.5,"",    0.3,"",
"Knowledge of languages","          Aramaic languages",,    25,"",    10,"",    15,"",    0.1,"",    0.1,"",    0.1,"",
"Knowledge of languages","            Assyrian Neo-Aramaic",,    25,"",    10,"",    15,"",    0.1,"",    0.1,"",    0.1,"",
"Knowledge of languages","            Chaldean Neo-Aramaic",,     0,"",     0,"",     0,"",    0.0,"",    0.0,"",    0.0,"",
"Knowledge of languages","            Aramaic, n.o.s.",,     0,"",     0,"",     0,"",    0.0,"",    0.0,"",    0.0,"",
"Knowledge of languages","          Harari",,     0,"",     0,"",     0,"",    0.0,"",    0.0,"",    0.0,"",
"Knowledge of languages","          Hebrew",,    25,"",    15,"",    15,"",    0.1,"",    0.2,"",    0.1,"",
"Knowledge of languages","          Maltese",,     0,"",     0,"",     0,"",    0.0,"",    0.0,"",    0.0,"",
"Knowledge of languages","          Tigrigna",,     0,"",     0,"",     0,"",    0.0,"",    0.0,"",    0.0,"",
"Knowledge of languages","          Semitic languages, n.i.e.",,     0,"",     0,"",     0,"",    0.0,"",    0.0,"",    0.0,"",
"Knowledge of languages","      Austro-Asiatic languages",,    50,"",    15,"",    30,"",    0.2,"",    0.2,"",    0.3,"",
"Knowledge of languages","        Khmer (Cambodian)",,     0,"",     0,"",     0,"",    0.0,"",    0.0,"",    0.0,"",
"Knowledge of languages","        Vietnamese",,    50,"",    15,"",    30,"",    0.2,"",    0.2,"",    0.3,"",
"Knowledge of languages","        Austro-Asiatic languages, n.i.e",,     0,"",     0,"",     0,"",    0.0,"",    0.0,"",    0.0,"",
"Knowledge of languages","      Austronesian languages",,   355,"",   135,"",   220,"",    1.7,"",    1.4,"",    2.0,"",
"Knowledge of languages","        Bikol",,     0,"",     0,"",     0,"",    0.0,"",    0.0,"",    0.0,"",
"Knowledge of languages","        Bisaya, n.o.s.",,     0,"",     0,"",     0,"",    0.0,"",    0.0,"",    0.0,"",
"Knowledge of languages","        Cebuano",,    25,"",    15,"",    10,"",    0.1,"",    0.2,"",    0.1,"",
"Knowledge of languages","        Fijian",,     0,"",     0,"",     0,"",    0.0,"",    0.0,"",    0.0,"",
"Knowledge of languages","        Hiligaynon",,     0,"",     0,"",     0,"",    0.0,"",    0.0,"",    0.0,"",
"Knowledge of languages","        Ilocano",,    30,"",     0,"",    25,"",    0.1,"",    0.0,"",    0.2,"",
"Knowledge of languages","        Indonesian",,     0,"",     0,"",     0,"",    0.0,"",    0.0,"",    0.0,"",
"Knowledge of languages","        Kankanaey",,     0,"",     0,"",     0,"",    0.0,"",    0.0,"",    0.0,"",
"Knowledge of languages","        Kinaray-a",,     0,"",     0,"",     0,"",    0.0,"",    0.0,"",    0.0,"",
"Knowledge of languages","        Malagasy languages",,     0,"",     0,"",     0,"",    0.0,"",    0.0,"",    0.0,"",
"Knowledge of languages","          Merina",,     0,"",     0,"",     0,"",    0.0,"",    0.0,"",    0.0,"",
"Knowledge of languages","          Malagasy, n.o.s.",,     0,"",     0,"",     0,"",    0.0,"",    0.0,"",    0.0,"",
"Knowledge of languages","        Malay",,     0,"",     0,"",     0,"",    0.0,"",    0.0,"",    0.0,"",
"Knowledge of languages","        Pampangan (Kapampangan, Pampango)",,     0,"",     0,"",     0,"",    0.0,"",    0.0,"",    0.0,"",
"Knowledge of languages","        Pangasinan",,     0,"",     0,"",     0,"",    0.0,"",    0.0,"",    0.0,"",
"Knowledge of languages","        Tagalog (Pilipino, Filipino)",,   340,"",   130,"",   210,"",    1.6,"",    1.4,"",    1.9,"",
"Knowledge of languages","        Waray-Waray",,     0,"",     0,"",     0,"",    0.0,"",    0.0,"",    0.0,"",
"Knowledge of languages","        Austronesian languages, n.i.e.",,    10,"",     0,"",     0,"",    0.0,"",    0.0,"",    0.0,"",
"Knowledge of languages","      Creole languages",,    10,"",     0,"",    10,"",    0.0,"",    0.0,"",    0.1,"",
"Knowledge of languages","        Haitian Creole",,    10,"",     0,"",    10,"",    0.0,"",    0.0,"",    0.1,"",
"Knowledge of languages","        Jamaican English Creole",,     0,"",     0,"",     0,"",    0.0,"",    0.0,"",    0.0,"",
"Knowledge of languages","        Krio",,     0,"",     0,"",     0,"",    0.0,"",    0.0,"",    0.0,"",
"Knowledge of languages","        Morisyen",,     0,"",     0,"",     0,"",    0.0,"",    0.0,"",    0.0,"",
"Knowledge of languages","        Sango",,     0,"",     0,"",     0,"",    0.0,"",    0.0,"",    0.0,"",
"Knowledge of languages","        Creole, n.o.s.",,     0,"",     0,"",     0,"",    0.0,"",    0.0,"",    0.0,"",
"Knowledge of languages","        Creole languages, n.i.e.",,     0,"",     0,"",     0,"",    0.0,"",    0.0,"",    0.0,"",
"Knowledge of languages","      Dravidian languages",,    30,"",    15,"",    20,"",    0.1,"",    0.2,"",    0.2,"",
"Knowledge of languages","        Kannada",,     0,"",     0,"",     0,"",    0.0,"",    0.0,"",    0.0,"",
"Knowledge of languages","        Malayalam",,     0,"",     0,"",     0,"",    0.0,"",    0.0,"",    0.0,"",
"Knowledge of languages","        Tamil",,    25,"",    10,"",    20,"",    0.1,"",    0.1,"",    0.2,"",
"Knowledge of languages","        Telugu",,     0,"",     0,"",     0,"",    0.0,"",    0.0,"",    0.0,"",
"Knowledge of languages","        Tulu",,     0,"",     0,"",     0,"",    0.0,"",    0.0,"",    0.0,"",
"Knowledge of languages","        Dravidian languages, n.i.e.",,     0,"",     0,"",     0,"",    0.0,"",    0.0,"",    0.0,"",
"Knowledge of languages","      Georgian",,     0,"",     0,"",     0,"",    0.0,"",    0.0,"",    0.0,"",
"Knowledge of languages","      Hmong-Mien languages",,     0,"",     0,"",     0,"",    0.0,"",    0.0,"",    0.0,"",
"Knowledge of languages","      Indo-European languages",,  3635,"",  1560,"",  2075,"",   17.5,"",   16.4,"",   18.5,"",
"Knowledge of languages","        Albanian",,     0,"",     0,"",     0,"",    0.0,"",    0.0,"",    0.0,"",
"Knowledge of languages","        Armenian",,     0,"",     0,"",     0,"",    0.0,"",    0.0,"",    0.0,"",
"Knowledge of languages","        Balto-Slavic languages",,   570,"",   235,"",   340,"",    2.8,"",    2.5,"",    3.0,"",
"Knowledge of languages","        Baltic languages",,     0,"",     0,"",     0,"",    0.0,"",    0.0,"",    0.0,"",
"Knowledge of languages","            Latvian",,     0,"",     0,"",     0,"",    0.0,"",    0.0,"",    0.0,"",
"Knowledge of languages","            Lithuanian",,     0,"",     0,"",     0,"",    0.0,"",    0.0,"",    0.0,"",
"Knowledge of languages","          Slavic languages",,   570,"",   235,"",   340,"",    2.8,"",    2.5,"",    3.0,"",
"Knowledge of languages","            Belarusian",,     0,"",     0,"",     0,"",    0.0,"",    0.0,"",    0.0,"",
"Knowledge of languages","            Bulgarian",,    20,"",    20,"",     0,"",    0.1,"",    0.2,"",    0.0,"",
"Knowledge of languages","            Czech",,    50,"",    15,"",    45,"",    0.2,"",    0.2,"",    0.4,"",
"Knowledge of languages","            Macedonian",,    15,"",     0,"",     0,"",    0.1,"",    0.0,"",    0.0,"",
"Knowledge of languages","            Polish",,   100,"",    35,"",    65,"",    0.5,"",    0.4,"",    0.6,"",
"Knowledge of languages","            Russian",,   225,"",    90,"",   140,"",    1.1,"",    0.9,"",    1.3,"",
"Knowledge of languages","            Rusyn",,     0,"",     0,"",     0,"",    0.0,"",    0.0,"",    0.0,"",
"Knowledge of languages","            Serbo-Croatian",,   140,"",    70,"",    65,"",    0.7,"",    0.7,"",    0.6,"",
"Knowledge of languages","              Bosnian",,    15,"",    10,"",    10,"",    0.1,"",    0.1,"",    0.1,"",
"Knowledge of languages","              Croatian",,    75,"",    45,"",    30,"",    0.4,"",    0.5,"",    0.3,"",
"Knowledge of languages","              Serbian",,    85,"",    40,"",    45,"",    0.4,"",    0.4,"",    0.4,"",
"Knowledge of languages","              Serbo-Croatian, n.i.e.",,     0,"",     0,"",     0,"",    0.0,"",    0.0,"",    0.0,"",
"Knowledge of languages","            Slovak",,     0,"",     0,"",     0,"",    0.0,"",    0.0,"",    0.0,"",
"Knowledge of languages","            Slovene (Slovenian)",,    10,"",     0,"",     0,"",    0.0,"",    0.0,"",    0.0,"",
"Knowledge of languages","            Ukrainian",,    70,"",    15,"",    55,"",    0.3,"",    0.2,"",    0.5,"",
"Knowledge of languages","            Slavic languages, n.i.e.",,     0,"",     0,"",     0,"",    0.0,"",    0.0,"",    0.0,"",
"Knowledge of languages","        Celtic languages",,    10,"",     0,"",    10,"",    0.0,"",    0.0,"",    0.1,"",
"Knowledge of languages","          Irish",,     0,"",     0,"",     0,"",    0.0,"",    0.0,"",    0.0,"",
"Knowledge of languages","          Scottish Gaelic",,     0,"",     0,"",     0,"",    0.0,"",    0.0,"",    0.0,"",
"Knowledge of languages","          Welsh",,     0,"",     0,"",     0,"",    0.0,"",    0.0,"",    0.0,"",
"Knowledge of languages","          Celtic languages, n.i.e.",,     0,"",     0,"",     0,"",    0.0,"",    0.0,"",    0.0,"",
"Knowledge of languages","        Germanic languages",,   840,"",   350,"",   490,"",    4.1,"",    3.7,"",    4.4,"",
"Knowledge of languages","          Frisian",,     0,"",     0,"",     0,"",    0.0,"",    0.0,"",    0.0,"",
"Knowledge of languages","          High German languages",,   635,"",   270,"",   365,"",    3.1,"",    2.8,"",    3.3,"",
"Knowledge of languages","            German",,   625,"",   270,"",   350,"",    3.0,"",    2.8,"",    3.1,"",
"Knowledge of languages","            Pennsylvania German",,     0,"",     0,"",     0,"",    0.0,"",    0.0,"",    0.0,"",
"Knowledge of languages","            Swiss German",,    10,"",     0,"",    10,"",    0.0,"",    0.0,"",    0.1,"",
"Knowledge of languages","            Yiddish",,     0,"",     0,"",     0,"",    0.0,"",    0.0,"",    0.0,"",
"Knowledge of languages","          Low Saxon-Low Franconian languages",,   115,"",    55,"",    60,"",    0.6,"",    0.6,"",    0.5,"",
"Knowledge of languages","            Afrikaans",,    25,"",    15,"",    10,"",    0.1,"",    0.2,"",    0.1,"",
"Knowledge of languages","            Dutch",,    90,"",    40,"",    50,"",    0.4,"",    0.4,"",    0.4,"",
"Knowledge of languages","            Low German, n.o.s.",,     0,"",     0,"",     0,"",    0.0,"",    0.0,"",    0.0,"",
"Knowledge of languages","            Low Saxon",,     0,"",     0,"",     0,"",    0.0,"",    0.0,"",    0.0,"",
"Knowledge of languages","            Plautdietsch",,     0,"",     0,"",     0,"",    0.0,"",    0.0,"",    0.0,"",
"Knowledge of languages","            Vlaams (Flemish)",,     0,"",     0,"",     0,"",    0.0,"",    0.0,"",    0.0,"",
"Knowledge of languages","          Scandinavian languages",,   105,"",    35,"",    70,"",    0.5,"",    0.4,"",    0.6,"",
"Knowledge of languages","            Danish",,    45,"",    10,"",    30,"",    0.2,"",    0.1,"",    0.3,"",
"Knowledge of languages","            Icelandic",,     0,"",     0,"",     0,"",    0.0,"",    0.0,"",    0.0,"",
"Knowledge of languages","            Norwegian",,    20,"",     0,"",    15,"",    0.1,"",    0.0,"",    0.1,"",
"Knowledge of languages","            Swedish",,    45,"",    25,"",    25,"",    0.2,"",    0.3,"",    0.2,"",
"Knowledge of languages","          Germanic languages, n.i.e.",,     0,"",     0,"",     0,"",    0.0,"",    0.0,"",    0.0,"",
"Knowledge of languages","        Greek",,    90,"",    40,"",    50,"",    0.4,"",    0.4,"",    0.4,"",
"Knowledge of languages","        Indo-Iranian languages",,  1295,"",   630,"",   660,"",    6.2,"",    6.6,"",    5.9,"",
"Knowledge of languages","          Indo-Aryan languages",,  1235,"",   600,"",   630,"",    6.0,"",    6.3,"",    5.6,"",
"Knowledge of languages","            Assamese",,     0,"",     0,"",     0,"",    0.0,"",    0.0,"",    0.0,"",
"Knowledge of languages","            Bengali",,    15,"",    10,"",     0,"",    0.1,"",    0.1,"",    0.0,"",
"Knowledge of languages","            Gujarati",,    45,"",    20,"",    25,"",    0.2,"",    0.2,"",    0.2,"",
"Knowledge of languages","            Hindi",,   405,"",   190,"",   215,"",    2.0,"",    2.0,"",    1.9,"",
"Knowledge of languages","            Kacchi",,     0,"",     0,"",     0,"",    0.0,"",    0.0,"",    0.0,"",
"Knowledge of languages","            Kashmiri",,     0,"",     0,"",     0,"",    0.0,"",    0.0,"",    0.0,"",
"Knowledge of languages","            Konkani",,     0,"",     0,"",     0,"",    0.0,"",    0.0,"",    0.0,"",
"Knowledge of languages","            Marathi",,     0,"",     0,"",     0,"",    0.0,"",    0.0,"",    0.0,"",
"Knowledge of languages","            Nepali",,     0,"",     0,"",     0,"",    0.0,"",    0.0,"",    0.0,"",
"Knowledge of languages","            Oriya languages",,     0,"",     0,"",     0,"",    0.0,"",    0.0,"",    0.0,"",
"Knowledge of languages","              Odia",,     0,"",     0,"",     0,"",    0.0,"",    0.0,"",    0.0,"",
"Knowledge of languages","              Oriya, n.o.s.",,     0,"",     0,"",     0,"",    0.0,"",    0.0,"",    0.0,"",
"Knowledge of languages","            Punjabi (Panjabi)",,  1025,"",   505,"",   520,"",    4.9,"",    5.3,"",    4.6,"",
"Knowledge of languages","            Rohingya",,     0,"",     0,"",     0,"",    0.0,"",    0.0,"",    0.0,"",
"Knowledge of languages","            Sindhi",,     0,"",     0,"",     0,"",    0.0,"",    0.0,"",    0.0,"",
"Knowledge of languages","            Sinhala (Sinhalese)",,     0,"",     0,"",     0,"",    0.0,"",    0.0,"",    0.0,"",
"Knowledge of languages","            Urdu",,    90,"",    55,"",    35,"",    0.4,"",    0.6,"",    0.3,"",
"Knowledge of languages","            Indo-Aryan languages, n.i.e.",,     0,"",     0,"",     0,"",    0.0,"",    0.0,"",    0.0,"",
"Knowledge of languages","          Iranian languages",,    60,"",    30,"",    30,"",    0.3,"",    0.3,"",    0.3,"",
"Knowledge of languages","            Baluchi",,     0,"",     0,"",     0,"",    0.0,"",    0.0,"",    0.0,"",
"Knowledge of languages","            Kurdish",,     0,"",     0,"",     0,"",    0.0,"",    0.0,"",    0.0,"",
"Knowledge of languages","            Parsi",,     0,"",     0,"",     0,"",    0.0,"",    0.0,"",    0.0,"",
"Knowledge of languages","            Pashto",,     0,"",     0,"",     0,"",    0.0,"",    0.0,"",    0.0,"",
"Knowledge of languages","            Persian languages",,    60,"",    30,"",    30,"",    0.3,"",    0.3,"",    0.3,"",
"Knowledge of languages","              Dari",,     0,"",     0,"",     0,"",    0.0,"",    0.0,"",    0.0,"",
"Knowledge of languages","              Iranian Persian",,    55,"",    30,"",    25,"",    0.3,"",    0.3,"",    0.2,"",
"Knowledge of languages","              Persian (Farsi), n.o.s.",,     0,"",     0,"",     0,"",    0.0,"",    0.0,"",    0.0,"",
"Knowledge of languages","            Iranian languages, n.i.e.",,     0,"",     0,"",     0,"",    0.0,"",    0.0,"",    0.0,"",
"Knowledge of languages","          Indo-Iranian languages, n.i.e.",,     0,"",     0,"",     0,"",    0.0,"",    0.0,"",    0.0,"",
"Knowledge of languages","        Italic (Romance) languages",,   950,"",   355,"",   600,"",    4.6,"",    3.7,"",    5.4,"",
"Knowledge of languages","          Catalan",,     0,"",     0,"",     0,"",    0.0,"",    0.0,"",    0.0,"",
"Knowledge of languages","          Italian",,   150,"",    50,"",    95,"",    0.7,"",    0.5,"",    0.8,"",
"Knowledge of languages","          Portuguese",,   175,"",    70,"",   115,"",    0.8,"",    0.7,"",    1.0,"",
"Knowledge of languages","          Romanian",,    90,"",    20,"",    65,"",    0.4,"",    0.2,"",    0.6,"",
"Knowledge of languages","          Spanish",,   595,"",   235,"",   365,"",    2.9,"",    2.5,"",    3.3,"",
"Knowledge of languages","          Italic (Romance) languages, n.i.e.",,     0,"",     0,"",     0,"",    0.0,"",    0.0,"",    0.0,"",
"Knowledge of languages","        Indo-European languages, n.i.e.",,     0,"",     0,"",     0,"",    0.0,"",    0.0,"",    0.0,"",
"Knowledge of languages","      Japanese",,   125,"",    50,"",    75,"",    0.6,"",    0.5,"",    0.7,"",
"Knowledge of languages","      Korean",,   125,"",    55,"",    65,"",    0.6,"",    0.6,"",    0.6,"",
"Knowledge of languages","      Mongolian",,     0,"",     0,"",     0,"",    0.0,"",    0.0,"",    0.0,"",
"Knowledge of languages","      Niger-Congo languages",,    35,"",    10,"",    25,"",    0.2,"",    0.1,"",    0.2,"",
"Knowledge of languages","        Akan (Twi)",,     0,"",     0,"",     0,"",    0.0,"",    0.0,"",    0.0,"",
"Knowledge of languages","        Bamanankan",,     0,"",     0,"",     0,"",    0.0,"",    0.0,"",    0.0,"",
"Knowledge of languages","        Edo",,     0,"",     0,"",     0,"",    0.0,"",    0.0,"",    0.0,"",
"Knowledge of languages","        Éwé",,     0,"",     0,"",     0,"",    0.0,"",    0.0,"",    0.0,"",
"Knowledge of languages","        Fulah (Pular, Pulaar, Fulfulde)",,     0,"",     0,"",     0,"",    0.0,"",    0.0,"",    0.0,"",
"Knowledge of languages","        Ga",,     0,"",     0,"",     0,"",    0.0,"",    0.0,"",    0.0,"",
"Knowledge of languages","        Ganda",,     0,"",     0,"",     0,"",    0.0,"",    0.0,"",    0.0,"",
"Knowledge of languages","        Gikuyu",,     0,"",     0,"",     0,"",    0.0,"",    0.0,"",    0.0,"",
"Knowledge of languages","        Igbo",,     0,"",     0,"",     0,"",    0.0,"",    0.0,"",    0.0,"",
"Knowledge of languages","        Kinyarwanda (Rwanda)",,     0,"",     0,"",     0,"",    0.0,"",    0.0,"",    0.0,"",
"Knowledge of languages","        Lingala",,     0,"",     0,"",     0,"",    0.0,"",    0.0,"",    0.0,"",
"Knowledge of languages","        Luba-Kasai",,     0,"",     0,"",     0,"",    0.0,"",    0.0,"",    0.0,"",
"Knowledge of languages","        Mòoré",,     0,"",     0,"",     0,"",    0.0,"",    0.0,"",    0.0,"",
"Knowledge of languages","        Mwani",,     0,"",     0,"",     0,"",    0.0,"",    0.0,"",    0.0,"",
"Knowledge of languages","        Ndebele",,     0,"",     0,"",     0,"",    0.0,"",    0.0,"",    0.0,"",
"Knowledge of languages","        Rundi (Kirundi)",,     0,"",     0,"",     0,"",    0.0,"",    0.0,"",    0.0,"",
"Knowledge of languages","        Shona",,     0,"",     0,"",     0,"",    0.0,"",    0.0,"",    0.0,"",
"Knowledge of languages","        Soninke",,     0,"",     0,"",     0,"",    0.0,"",    0.0,"",    0.0,"",
"Knowledge of languages","        Sotho-Tswana languages",,     0,"",     0,"",     0,"",    0.0,"",    0.0,"",    0.0,"",
"Knowledge of languages","        Swahili",,    10,"",     0,"",    10,"",    0.0,"",    0.0,"",    0.1,"",
"Knowledge of languages","        Wojenaka",,     0,"",     0,"",     0,"",    0.0,"",    0.0,"",    0.0,"",
"Knowledge of languages","        Wolof",,     0,"",     0,"",     0,"",    0.0,"",    0.0,"",    0.0,"",
"Knowledge of languages","        Yoruba",,     0,"",     0,"",     0,"",    0.0,"",    0.0,"",    0.0,"",
"Knowledge of languages","        Niger-Congo languages, n.i.e.",,    20,"",     0,"",    15,"",    0.1,"",    0.0,"",    0.1,"",
"Knowledge of languages","      Nilo-Saharan languages",,     0,"",     0,"",     0,"",    0.0,"",    0.0,"",    0.0,"",
"Knowledge of languages","        Dinka",,     0,"",     0,"",     0,"",    0.0,"",    0.0,"",    0.0,"",
"Knowledge of languages","        Nuer",,     0,"",     0,"",     0,"",    0.0,"",    0.0,"",    0.0,"",
"Knowledge of languages","        Nilo-Saharan languages, n.i.e.",,     0,"",     0,"",     0,"",    0.0,"",    0.0,"",    0.0,"",
"Knowledge of languages","        African, n.o.s.",,     0,"",     0,"",     0,"",    0.0,"",    0.0,"",    0.0,"",
"Knowledge of languages","      Sign languages",,    60,"",    20,"",    35,"",    0.3,"",    0.2,"",    0.3,"",
"Knowledge of languages","        American Sign Language",,    45,"",    20,"",    25,"",    0.2,"",    0.2,"",    0.2,"",
"Knowledge of languages","        Quebec Sign Language",,     0,"",     0,"",     0,"",    0.0,"",    0.0,"",    0.0,"",
"Knowledge of languages","        Sign languages, n.i.e.",,    15,"",     0,"",    10,"",    0.1,"",    0.0,"",    0.1,"",
"Knowledge of languages","      Sino-Tibetan languages",,  1465,"",   585,"",   875,"",    7.1,"",    6.1,"",    7.8,"",
"Knowledge of languages","        Chinese languages",,  1455,"",   585,"",   870,"",    7.0,"",    6.1,"",    7.8,"",
"Knowledge of languages","          Hakka",,     0,"",     0,"",     0,"",    0.0,"",    0.0,"",    0.0,"",
"Knowledge of languages","          Mandarin",,  1300,"",   520,"",   780,"",    6.3,"",    5.5,"",    7.0,"",
"Knowledge of languages","          Min Dong",,     0,"",     0,"",     0,"",    0.0,"",    0.0,"",    0.0,"",
"Knowledge of languages","          Min Nan (Chaochow, Teochow, Fukien, Taiwanese)",,    60,"",    25,"",    30,"",    0.3,"",    0.3,"",    0.3,"",
"Knowledge of languages","          Wu (Shanghainese)",,    30,"",    10,"",    20,"",    0.1,"",    0.1,"",    0.2,"",
"Knowledge of languages","          Yue (Cantonese)",,   265,"",   105,"",   160,"",    1.3,"",    1.1,"",    1.4,"",
"Knowledge of languages","          Chinese, n.o.s.",,    15,"",    10,"",    10,"",    0.1,"",    0.1,"",    0.1,"",
"Knowledge of languages","          Chinese languages, n.i.e.",,     0,"",     0,"",     0,"",    0.0,"",    0.0,"",    0.0,"",
"Knowledge of languages","        Tibeto-Burman languages",,     0,"",     0,"",     0,"",    0.0,"",    0.0,"",    0.0,"",
"Knowledge of languages","          Burmese",,     0,"",     0,"",     0,"",    0.0,"",    0.0,"",    0.0,"",
"Knowledge of languages","          Kuki-Chin languages",,     0,"",     0,"",     0,"",    0.0,"",    0.0,"",    0.0,"",
"Knowledge of languages","          Karenic languages",,     0,"",     0,"",     0,"",    0.0,"",    0.0,"",    0.0,"",
"Knowledge of languages","            S'gaw Karen",,     0,"",     0,"",     0,"",    0.0,"",    0.0,"",    0.0,"",
"Knowledge of languages","            Karenic languages, n.i.e.",,     0,"",     0,"",     0,"",    0.0,"",    0.0,"",    0.0,"",
"Knowledge of languages","          Tibetan",,     0,"",     0,"",     0,"",    0.0,"",    0.0,"",    0.0,"",
"Knowledge of languages","          Tibeto-Burman languages, n.i.e.",,     0,"",     0,"",     0,"",    0.0,"",    0.0,"",    0.0,"",
"Knowledge of languages","        Sino-Tibetan languages, n.i.e.",,     0,"",     0,"",     0,"",    0.0,"",    0.0,"",    0.0,"",
"Knowledge of languages","      Tai-Kadai languages",,    10,"",     0,"",     0,"",    0.0,"",    0.0,"",    0.0,"",
"Knowledge of languages","        Lao",,     0,"",     0,"",     0,"",    0.0,"",    0.0,"",    0.0,"",
"Knowledge of languages","        Thai",,     0,"",     0,"",     0,"",    0.0,"",    0.0,"",    0.0,"",
"Knowledge of languages","        Tai-Kadai languages, n.i.e.",,     0,"",     0,"",     0,"",    0.0,"",    0.0,"",    0.0,"",
"Knowledge of languages","      Turkic languages",,    20,"",    10,"",    15,"",    0.1,"",    0.1,"",    0.1,"",
"Knowledge of languages","        Azerbaijani",,     0,"",     0,"",     0,"",    0.0,"",    0.0,"",    0.0,"",
"Knowledge of languages","        Kazakh",,     0,"",     0,"",     0,"",    0.0,"",    0.0,"",    0.0,"",
"Knowledge of languages","        Turkish",,    20,"",    10,"",    15,"",    0.1,"",    0.1,"",    0.1,"",
"Knowledge of languages","        Uyghur",,     0,"",     0,"",     0,"",    0.0,"",    0.0,"",    0.0,"",
"Knowledge of languages","        Uzbek",,     0,"",     0,"",     0,"",    0.0,"",    0.0,"",    0.0,"",
"Knowledge of languages","        Turkic languages, n.i.e.",,     0,"",     0,"",     0,"",    0.0,"",    0.0,"",    0.0,"",
"Knowledge of languages","      Uralic languages",,   110,"",    40,"",    70,"",    0.5,"",    0.4,"",    0.6,"",
"Knowledge of languages","        Estonian",,    10,"",     0,"",     0,"",    0.0,"",    0.0,"",    0.0,"",
"Knowledge of languages","        Finnish",,    35,"",    10,"",    20,"",    0.2,"",    0.1,"",    0.2,"",
"Knowledge of languages","        Hungarian",,    70,"",    30,"",    45,"",    0.3,"",    0.3,"",    0.4,"",
"Knowledge of languages","      Other languages, n.i.e.",,     0,"",     0,"",     0,"",    0.0,"",    0.0,"",    0.0,"",
"Indigenous population","Total - Indigenous identity for the population in private households - 25% sample data",44, 20725,"",  9525,"", 11195,"",  100.0,"",  100.0,"",  100.0,"",
"Indigenous population","  Indigenous identity",45,   635,"",   285,"",   355,"",    3.1,"",    3.0,"",    3.2,"",
"Indigenous population","    Single Indigenous responses",46,   600,"",   265,"",   340,"",    2.9,"",    2.8,"",    3.0,"",
"Indigenous population","      First Nations (North American Indian)",,   285,"",   160,"",   125,"",    1.4,"",    1.7,"",    1.1,"",
"Indigenous population","      Métis",,   310,"",   105,"",   205,"",    1.5,"",    1.1,"",    1.8,"",
"Indigenous population","      Inuk (Inuit)",,     0,"",     0,"",     0,"",    0.0,"",    0.0,"",    0.0,"",
"Indigenous population","    Multiple Indigenous responses",47,    20,"",    15,"",    10,"",    0.1,"",    0.2,"",    0.1,"",
"Indigenous population","    Indigenous responses not included elsewhere",48,    15,"",     0,"",    10,"",    0.1,"",    0.0,"",    0.1,"",
"Indigenous population","  Non-Indigenous identity",, 20090,"",  9245,"", 10845,"",   96.9,"",   97.1,"",   96.9,"",
"Indigenous population","Total - Registered or Treaty Indian status for the population in private households - 25% sample data",44, 20725,"",  9525,"", 11195,"",  100.0,"",  100.0,"",  100.0,"",
"Indigenous population","  Registered or Treaty Indian",49,   155,"",    80,"",    80,"",    0.7,"",    0.8,"",    0.7,"",
"Indigenous population","  Not a Registered or Treaty Indian",, 20570,"",  9450,"", 11120,"",   99.3,"",   99.2,"",   99.3,"",
"Household characteristics","Total - Private households by tenure - 25% sample data",50, 10735,"",,"...",,"...",  100.0,"",,"...",,"...",
"Household characteristics","  Owner",,  6955,"",,"...",,"...",   64.8,"",,"...",,"...",
"Household characteristics","  Renter",,  3775,"",,"...",,"...",   35.2,"",,"...",,"...",
"Household characteristics","  Dwelling provided by the local government, First Nation or Indian band",,     0,"",,"...",,"...",    0.0,"",,"...",,"...",
"Household characteristics","Total - Occupied private dwellings by condominium status - 25% sample data",51, 10735,"",,"...",,"...",  100.0,"",,"...",,"...",
"Household characteristics","  Condominium",,  4645,"",,"...",,"...",   43.3,"",,"...",,"...",
"Household characteristics","  Not condominium",,  6095,"",,"...",,"...",   56.8,"",,"...",,"...",
"Household characteristics","Total - Occupied private dwellings by number of bedrooms - 25% sample data",52, 10735,"",,"...",,"...",  100.0,"",,"...",,"...",
"Household characteristics","  No bedrooms",,    75,"",,"...",,"...",    0.7,"",,"...",,"...",
"Household characteristics","  1 bedroom",,  2500,"",,"...",,"...",   23.3,"",,"...",,"...",
"Household characteristics","  2 bedrooms",,  4685,"",,"...",,"...",   43.6,"",,"...",,"...",
"Household characteristics","  3 bedrooms",,  1645,"",,"...",,"...",   15.3,"",,"...",,"...",
"Household characteristics","  4 or more bedrooms",,  1825,"",,"...",,"...",   17.0,"",,"...",,"...",
"Household characteristics","Total - Occupied private dwellings by number of rooms - 25% sample data",53, 10735,"",,"...",,"...",  100.0,"",,"...",,"...",
"Household characteristics","  1 to 4 rooms",,  4980,"",,"...",,"...",   46.4,"",,"...",,"...",
"Household characteristics","  5 rooms",,  1915,"",,"...",,"...",   17.8,"",,"...",,"...",
"Household characteristics","  6 rooms",,  1190,"",,"...",,"...",   11.1,"",,"...",,"...",
"Household characteristics","  7 rooms",,   725,"",,"...",,"...",    6.8,"",,"...",,"...",
"Household characteristics","  8 or more rooms",,  1925,"",,"...",,"...",   17.9,"",,"...",,"...",
"Household characteristics","Average number of rooms per dwelling",,    5.3,"",,"...",,"...",    5.3,"",,"...",,"...",
"Household characteristics","Total - Private households by number of persons per room - 25% sample data",54, 10735,"",,"...",,"...",  100.0,"",,"...",,"...",
"Household characteristics","  One person or fewer per room",, 10610,"",,"...",,"...",   98.8,"",,"...",,"...",
"Household characteristics","  More than one person per room",,   120,"",,"...",,"...",    1.1,"",,"...",,"...",
"Household characteristics","Total - Private households by housing suitability - 25% sample data",55, 10735,"",,"...",,"...",  100.0,"",,"...",,"...",
"Household characteristics","  Suitable",, 10295,"",,"...",,"...",   95.9,"",,"...",,"...",
"Household characteristics","  Not suitable",,   440,"",,"...",,"...",    4.1,"",,"...",,"...",
"Household characteristics","Total - Occupied private dwellings by period of construction - 25% sample data",56, 10735,"",,"...",,"...",  100.0,"",,"...",,"...",
"Household characteristics","  1960 or before",,   975,"",,"...",,"...",    9.1,"",,"...",,"...",
"Household characteristics","  1961 to 1980",,  3235,"",,"...",,"...",   30.1,"",,"...",,"...",
"Household characteristics","  1981 to 1990",,  2040,"",,"...",,"...",   19.0,"",,"...",,"...",
"Household characteristics","  1991 to 2000",,  1625,"",,"...",,"...",   15.1,"",,"...",,"...",
"Household characteristics","  2001 to 2005",,   535,"",,"...",,"...",    5.0,"",,"...",,"...",
"Household characteristics","  2006 to 2010",,   635,"",,"...",,"...",    5.9,"",,"...",,"...",
"Household characteristics","  2011 to 2015",,   745,"",,"...",,"...",    6.9,"",,"...",,"...",
"Household characteristics","  2016 to 2021",57,   940,"",,"...",,"...",    8.8,"",,"...",,"...",
"Household characteristics","Total - Occupied private dwellings by dwelling condition - 25% sample data",58, 10735,"",,"...",,"...",  100.0,"",,"...",,"...",
"Household characteristics","  Only regular maintenance and minor repairs needed",, 10170,"",,"...",,"...",   94.7,"",,"...",,"...",
"Household characteristics","  Major repairs needed",,   565,"",,"...",,"...",    5.3,"",,"...",,"...",
"Household characteristics","Total - Private households by number of household maintainers - 25% sample data",59, 10735,"",,"...",,"...",  100.0,"",,"...",,"...",
"Household characteristics","  One-maintainer household",,  6425,"",,"...",,"...",   59.9,"",,"...",,"...",
"Household characteristics","  Two-maintainer household",,  3940,"",,"...",,"...",   36.7,"",,"...",,"...",
"Household characteristics","  Three-or-more-maintainer household",,   370,"",,"...",,"...",    3.4,"",,"...",,"...",
"Household characteristics","Total - Private households by age of primary household maintainers - 25% sample data",60, 10735,"",,"...",,"...",  100.0,"",,"...",,"...",
"Household characteristics","  15 to 24 years",,   120,"",,"...",,"...",    1.1,"",,"...",,"...",
"Household characteristics","  25 to 34 years",,   720,"",,"...",,"...",    6.7,"",,"...",,"...",
"Household characteristics","  35 to 44 years",,   970,"",,"...",,"...",    9.0,"",,"...",,"...",
"Household characteristics","  45 to 54 years",,  1580,"",,"...",,"...",   14.7,"",,"...",,"...",
"Household characteristics","  55 to 64 years",,  2425,"",,"...",,"...",   22.6,"",,"...",,"...",
"Household characteristics","  65 to 74 years",,  2640,"",,"...",,"...",   24.6,"",,"...",,"...",
"Household characteristics","  75 to 84 years",,  1635,"",,"...",,"...",   15.2,"",,"...",,"...",
"Household characteristics","  85 years and over",,   645,"",,"...",,"...",    6.0,"",,"...",,"...",
"Household characteristics","Total - Owner and tenant households with household total income greater than zero, in non-farm, non-reserve private dwellings by shelter-cost-to-income ratio - 25% sample data",61, 10685,"",,"...",,"...",  100.0,"",,"...",,"...",
"Household characteristics","  Spending less than 30% of income on shelter costs",,  7225,"",,"...",,"...",   67.6,"",,"...",,"...",
"Household characteristics","  Spending 30% or more of income on shelter costs",,  3460,"",,"...",,"...",   32.4,"",,"...",,"...",
"Household characteristics","    30% to less than 100%",,  2970,"",,"...",,"...",   27.8,"",,"...",,"...",
"Household characteristics","Total - Occupied private dwellings by housing indicators - 25% sample data",62, 10735,"",,"...",,"...",  100.0,"",,"...",,"...",
"Household characteristics","  Total - Households 'spending 30% or more of income on shelter costs' or 'not suitable' or 'major repairs needed'",,  4150,"",,"...",,"...",   38.7,"",,"...",,"...",
"Household characteristics","    Spending 30% or more of income on shelter costs only",,  3175,"",,"...",,"...",   29.6,"",,"...",,"...",
"Household characteristics","    Not suitable only",,   300,"",,"...",,"...",    2.8,"",,"...",,"...",
"Household characteristics","    Major repairs needed only",,   365,"",,"...",,"...",    3.4,"",,"...",,"...",
"Household characteristics","    'Spending 30% or more of income on shelter costs' and 'not suitable'",,   105,"",,"...",,"...",    1.0,"",,"...",,"...",
"Household characteristics","    'Spending 30% or more of income on shelter costs' and 'major repairs needed'",,   170,"",,"...",,"...",    1.6,"",,"...",,"...",
"Household characteristics","    'Not suitable' and 'major repairs needed'",,    20,"",,"...",,"...",    0.2,"",,"...",,"...",
"Household characteristics","    'Spending 30% or more of income on shelter costs' and 'not suitable' and 'major repairs needed'",,    10,"",,"...",,"...",    0.1,"",,"...",,"...",
"Household characteristics","  Acceptable housing",,  6580,"",,"...",,"...",   61.3,"",,"...",,"...",
"Household characteristics","Total - Owner and tenant households with household total income greater than zero and shelter-cost-to-income ratio less than 100%, in non-farm, non-reserve private dwellings - 25% sample data",63, 10195,"",,"...",,"...",  100.0,"",,"...",,"...",
"Household characteristics","  In core need",,  2145,"",,"...",,"...",   21.0,"",,"...",,"...",
"Household characteristics","  Not in core need",,  8045,"",,"...",,"...",   78.9,"",,"...",,"...",
"Household characteristics","Total - Owner households in non-farm, non-reserve private dwellings - 25% sample data",,  6960,"",,"...",,"...",,"...",,"...",,"...",
"Household characteristics","  % of owner households with a mortgage",64,   49.1,"",,"...",,"...",   49.1,"",,"...",,"...",
"Household characteristics","  % of owner households spending 30% or more of its income on shelter costs",61,   24.4,"",,"...",,"...",   24.4,"",,"...",,"...",
"Household characteristics","  % in core housing need",63,   12.5,"",,"...",,"...",   12.5,"",,"...",,"...",
"Household characteristics","  Median monthly shelter costs for owned dwellings ($)",65,  1160,"",,"...",,"...",  1160,"",,"...",,"...",
"Household characteristics","  Average monthly shelter costs for owned dwellings ($)",65,  1728,"",,"...",,"...",  1728,"",,"...",,"...",
"Household characteristics","  Median value of dwellings ($)",66,900000,"",,"...",,"...",900000,"",,"...",,"...",
"Household characteristics","  Average value of dwellings ($)",66,1142000,"",,"...",,"...",1142000,"",,"...",,"...",
"Household characteristics","Total - Tenant households in non-farm, non-reserve private dwellings - 25% sample data",,  3780,"",,"...",,"...",,"...",,"...",,"...",
"Household characteristics","  % of tenant households in subsidized housing",67,    7.8,"",,"...",,"...",    7.8,"",,"...",,"...",
"Household characteristics","  % of tenant households spending 30% or more of its income on shelter costs",61,   47.3,"",,"...",,"...",   47.3,"",,"...",,"...",
"Household characteristics","  % in core housing need",63,   37.0,"",,"...",,"...",   37.0,"",,"...",,"...",
"Household characteristics","  Median monthly shelter costs for rented dwellings ($)",65,  1360,"",,"...",,"...",  1360,"",,"...",,"...",
"Household characteristics","  Average monthly shelter costs for rented dwellings ($)",65,  1620,"",,"...",,"...",  1620,"",,"...",,"...",
"Household characteristics","Total - Households living in a dwelling provided by the local government, First Nation or Indian band in non-farm private dwellings - 25% sample data",,     0,"",,"...",,"...",,"...",,"...",,"...",
"Household characteristics","  % of households living in a dwelling provided by the local government, First Nation or Indian band spending more than 30% on shelter costs",61,,"...",,"...",,"...",,"...",,"...",,"...",
"Household characteristics","  Median monthly shelter costs for dwellings provided by local government, First Nation or Indian band ($)",65,,"...",,"...",,"...",,"...",,"...",,"...",
"Household characteristics","  Average monthly shelter costs for dwellings provided by local government, First Nation or Indian band ($)",65,,"...",,"...",,"...",,"...",,"...",,"...",
"Indigenous ancestry","Total - Indigenous ancestry for the population in private households - 25% sample data",68, 20730,"",  9530,"", 11200,"",  100.0,"",  100.0,"",  100.0,"",
"Indigenous ancestry","  Indigenous ancestry (only)",69,   160,"",    80,"",    85,"",    0.8,"",    0.8,"",    0.8,"",
"Indigenous ancestry","    Single Indigenous ancestry (only)",70,   150,"",    75,"",    70,"",    0.7,"",    0.8,"",    0.6,"",
"Indigenous ancestry","      First Nations (North American Indian) single ancestry",,    95,"",    55,"",    40,"",    0.5,"",    0.6,"",    0.4,"",
"Indigenous ancestry","      Métis single ancestry",,    55,"",    20,"",    35,"",    0.3,"",    0.2,"",    0.3,"",
"Indigenous ancestry","      Inuit single ancestry",,     0,"",     0,"",     0,"",    0.0,"",    0.0,"",    0.0,"",
"Indigenous ancestry","    Multiple Indigenous ancestries (only)",71,    15,"",     0,"",    15,"",    0.1,"",    0.0,"",    0.1,"",
"Indigenous ancestry","      First Nations (North American Indian) and Métis ancestry only",,    15,"",     0,"",    15,"",    0.1,"",    0.0,"",    0.1,"",
"Indigenous ancestry","      First Nations (North American Indian) and Inuit ancestry only",,     0,"",     0,"",     0,"",    0.0,"",    0.0,"",    0.0,"",
"Indigenous ancestry","      Métis and Inuit ancestry only",,     0,"",     0,"",     0,"",    0.0,"",    0.0,"",    0.0,"",
"Indigenous ancestry","      First Nations (North American Indian) and Métis and Inuit ancestry only",,     0,"",     0,"",     0,"",    0.0,"",    0.0,"",    0.0,"",
"Indigenous ancestry","  Indigenous and non-Indigenous ancestries",72,   615,"",   305,"",   310,"",    3.0,"",    3.2,"",    2.8,"",
"Indigenous ancestry","    Single Indigenous and non-Indigenous ancestries",73,   590,"",   295,"",   300,"",    2.8,"",    3.1,"",    2.7,"",
"Indigenous ancestry","      First Nations (North American Indian) and non-Indigenous ancestry only",,   425,"",   230,"",   200,"",    2.1,"",    2.4,"",    1.8,"",
"Indigenous ancestry","      Métis and non-Indigenous ancestry only",,   155,"",    60,"",   100,"",    0.7,"",    0.6,"",    0.9,"",
"Indigenous ancestry","      Inuit and non-Indigenous ancestry only",,     0,"",     0,"",     0,"",    0.0,"",    0.0,"",    0.0,"",
"Indigenous ancestry","    Multiple Indigenous and non-Indigenous ancestries",74,    25,"",    15,"",    10,"",    0.1,"",    0.2,"",    0.1,"",
"Indigenous ancestry","      First Nations (North American Indian) and Métis and non-Indigenous ancestry only",,    25,"",    15,"",    10,"",    0.1,"",    0.2,"",    0.1,"",
"Indigenous ancestry","      First Nations (North American Indian) and Inuit and non-Indigenous ancestry only",,     0,"",     0,"",     0,"",    0.0,"",    0.0,"",    0.0,"",
"Indigenous ancestry","      Métis and Inuit and non-Indigenous ancestry only",,     0,"",     0,"",     0,"",    0.0,"",    0.0,"",    0.0,"",
"Indigenous ancestry","      First Nations (North American Indian) and Métis and Inuit and non-Indigenous ancestry only",,     0,"",     0,"",     0,"",    0.0,"",    0.0,"",    0.0,"",
"Indigenous ancestry","  Non-Indigenous ancestry only",75, 19950,"",  9145,"", 10805,"",   96.2,"",   96.0,"",   96.5,"",
"Citizenship","Total - Citizenship for the population in private households - 25% sample data",76, 20725,"",  9530,"", 11200,"",  100.0,"",  100.0,"",  100.0,"",
"Citizenship","  Canadian citizens",77, 19075,"",  8805,"", 10275,"",   92.0,"",   92.4,"",   91.7,"",
"Citizenship","    Canadian citizens aged under 18",,  2300,"",  1220,"",  1080,"",   11.1,"",   12.8,"",    9.6,"",
"Citizenship","    Canadian citizens aged 18 and over",, 16780,"",  7585,"",  9195,"",   81.0,"",   79.6,"",   82.1,"",
"Citizenship","  Not Canadian citizens",78,  1650,"",   725,"",   925,"",    8.0,"",    7.6,"",    8.3,"",
"Immigrant status and period of immigration","Total - Immigrant status and period of immigration for the population in private households - 25% sample data",79, 20725,"",  9530,"", 11200,"",  100.0,"",  100.0,"",  100.0,"",
"Immigrant status and period of immigration","  Non-immigrants",80, 14440,"",  6830,"",  7615,"",   69.7,"",   71.7,"",   68.0,"",
"Immigrant status and period of immigration","  Immigrants",81,  6005,"",  2560,"",  3445,"",   29.0,"",   26.9,"",   30.8,"",
"Immigrant status and period of immigration","    Before 1980",,  2135,"",   920,"",  1215,"",   10.3,"",    9.7,"",   10.8,"",
"Immigrant status and period of immigration","    1980 to 1990",,   780,"",   315,"",   465,"",    3.8,"",    3.3,"",    4.2,"",
"Immigrant status and period of immigration","    1991 to 2000",,   885,"",   375,"",   515,"",    4.3,"",    3.9,"",    4.6,"",
"Immigrant status and period of immigration","    2001 to 2010",,  1070,"",   480,"",   590,"",    5.2,"",    5.0,"",    5.3,"",
"Immigrant status and period of immigration","    2011 to 2021",82,  1130,"",   470,"",   660,"",    5.5,"",    4.9,"",    5.9,"",
"Immigrant status and period of immigration","      2011 to 2015",,   545,"",   210,"",   335,"",    2.6,"",    2.2,"",    3.0,"",
"Immigrant status and period of immigration","      2016 to 2021",,   580,"",   260,"",   320,"",    2.8,"",    2.7,"",    2.9,"",
"Immigrant status and period of immigration","  Non-permanent residents",83,   280,"",   140,"",   140,"",    1.4,"",    1.5,"",    1.3,"",
"Age at immigration","Total - Age at immigration for the immigrant population in private households - 25% sample data",84,  6005,"",  2560,"",  3445,"",  100.0,"",  100.0,"",  100.0,"",
"Age at immigration","  Under 5 years",,   540,"",   230,"",   310,"",    9.0,"",    9.0,"",    9.0,"",
"Age at immigration","  5 to 14 years",,   990,"",   460,"",   530,"",   16.5,"",   18.0,"",   15.4,"",
"Age at immigration","  15 to 24 years",,  1115,"",   430,"",   685,"",   18.6,"",   16.8,"",   19.9,"",
"Age at immigration","  25 to 44 years",,  2655,"",  1125,"",  1530,"",   44.2,"",   43.9,"",   44.4,"",
"Age at immigration","  45 years and over",,   700,"",   310,"",   385,"",   11.7,"",   12.1,"",   11.2,"",
"Selected places of birth for the immigrant population","Total - Place of birth for the immigrant population in private households - 25% sample data",85,  6005,"",  2560,"",  3445,"",  100.0,"",  100.0,"",  100.0,"",
"Selected places of birth for the immigrant population","  Americas",,   695,"",   290,"",   400,"",   11.6,"",   11.3,"",   11.6,"",
"Selected places of birth for the immigrant population","    Brazil",,    35,"",    15,"",    20,"",    0.6,"",    0.6,"",    0.6,"",
"Selected places of birth for the immigrant population","    Colombia",,    10,"",     0,"",    10,"",    0.2,"",    0.0,"",    0.3,"",
"Selected places of birth for the immigrant population","    El Salvador",,    30,"",     0,"",    25,"",    0.5,"",    0.0,"",    0.7,"",
"Selected places of birth for the immigrant population","    Guyana",,    10,"",     0,"",     0,"",    0.2,"",    0.0,"",    0.0,"",
"Selected places of birth for the immigrant population","    Haiti",,     0,"",     0,"",     0,"",    0.0,"",    0.0,"",    0.0,"",
"Selected places of birth for the immigrant population","    Jamaica",,    25,"",    20,"",    10,"",    0.4,"",    0.8,"",    0.3,"",
"Selected places of birth for the immigrant population","    Mexico",,    60,"",    30,"",    30,"",    1.0,"",    1.2,"",    0.9,"",
"Selected places of birth for the immigrant population","    Peru",,    15,"",    10,"",     0,"",    0.2,"",    0.4,"",    0.0,"",
"Selected places of birth for the immigrant population","    Trinidad and Tobago",,    20,"",    10,"",    15,"",    0.3,"",    0.4,"",    0.4,"",
"Selected places of birth for the immigrant population","    United States of America",,   395,"",   150,"",   245,"",    6.6,"",    5.9,"",    7.1,"",
"Selected places of birth for the immigrant population","    Other places of birth in Americas",,    90,"",    50,"",    40,"",    1.5,"",    2.0,"",    1.2,"",
"Selected places of birth for the immigrant population","  Europe",,  2330,"",  1035,"",  1295,"",   38.8,"",   40.4,"",   37.6,"",
"Selected places of birth for the immigrant population","    Bosnia and Herzegovina",,    20,"",    15,"",    10,"",    0.3,"",    0.6,"",    0.3,"",
"Selected places of birth for the immigrant population","    Croatia",,    30,"",    10,"",    15,"",    0.5,"",    0.4,"",    0.4,"",
"Selected places of birth for the immigrant population","    France",,    80,"",    30,"",    50,"",    1.3,"",    1.2,"",    1.5,"",
"Selected places of birth for the immigrant population","    Germany",,   220,"",    80,"",   140,"",    3.7,"",    3.1,"",    4.1,"",
"Selected places of birth for the immigrant population","    Greece",,    55,"",    30,"",    25,"",    0.9,"",    1.2,"",    0.7,"",
"Selected places of birth for the immigrant population","    Hungary",,    50,"",    20,"",    25,"",    0.8,"",    0.8,"",    0.7,"",
"Selected places of birth for the immigrant population","    Italy",,    70,"",    35,"",    30,"",    1.2,"",    1.4,"",    0.9,"",
"Selected places of birth for the immigrant population","    Netherlands",,    75,"",    30,"",    45,"",    1.2,"",    1.2,"",    1.3,"",
"Selected places of birth for the immigrant population","    Poland",,    95,"",    35,"",    60,"",    1.6,"",    1.4,"",    1.7,"",
"Selected places of birth for the immigrant population","    Portugal",,    25,"",    10,"",    20,"",    0.4,"",    0.4,"",    0.6,"",
"Selected places of birth for the immigrant population","    Romania",,    85,"",    20,"",    65,"",    1.4,"",    0.8,"",    1.9,"",
"Selected places of birth for the immigrant population","    Russian Federation",,    70,"",    20,"",    50,"",    1.2,"",    0.8,"",    1.5,"",
"Selected places of birth for the immigrant population","    Serbia",86,    55,"",    15,"",    35,"",    0.9,"",    0.6,"",    1.0,"",
"Selected places of birth for the immigrant population","    Ukraine",,    55,"",    15,"",    40,"",    0.9,"",    0.6,"",    1.2,"",
"Selected places of birth for the immigrant population","    United Kingdom",87,  1020,"",   500,"",   520,"",   17.0,"",   19.5,"",   15.1,"",
"Selected places of birth for the immigrant population","    Other places of birth in Europe",,   330,"",   160,"",   175,"",    5.5,"",    6.3,"",    5.1,"",
"Selected places of birth for the immigrant population","  Africa",,   225,"",   100,"",   130,"",    3.7,"",    3.9,"",    3.8,"",
"Selected places of birth for the immigrant population","    Algeria",,     0,"",     0,"",     0,"",    0.0,"",    0.0,"",    0.0,"",
"Selected places of birth for the immigrant population","    Congo, Democratic Republic of the",,     0,"",     0,"",     0,"",    0.0,"",    0.0,"",    0.0,"",
"Selected places of birth for the immigrant population","    Egypt",,    15,"",     0,"",     0,"",    0.2,"",    0.0,"",    0.0,"",
"Selected places of birth for the immigrant population","    Eritrea",,     0,"",     0,"",     0,"",    0.0,"",    0.0,"",    0.0,"",
"Selected places of birth for the immigrant population","    Ethiopia",,     0,"",     0,"",     0,"",    0.0,"",    0.0,"",    0.0,"",
"Selected places of birth for the immigrant population","    Morocco",,     0,"",     0,"",     0,"",    0.0,"",    0.0,"",    0.0,"",
"Selected places of birth for the immigrant population","    Nigeria",,    10,"",     0,"",     0,"",    0.2,"",    0.0,"",    0.0,"",
"Selected places of birth for the immigrant population","    Somalia",,     0,"",     0,"",     0,"",    0.0,"",    0.0,"",    0.0,"",
"Selected places of birth for the immigrant population","    South Africa, Republic of",,   110,"",    45,"",    60,"",    1.8,"",    1.8,"",    1.7,"",
"Selected places of birth for the immigrant population","    Other places of birth in Africa",,    95,"",    45,"",    50,"",    1.6,"",    1.8,"",    1.5,"",
"Selected places of birth for the immigrant population","  Asia",,  2640,"",  1075,"",  1565,"",   44.0,"",   42.0,"",   45.4,"",
"Selected places of birth for the immigrant population","    Afghanistan",,     0,"",     0,"",     0,"",    0.0,"",    0.0,"",    0.0,"",
"Selected places of birth for the immigrant population","    Iran",88,    40,"",    20,"",    20,"",    0.7,"",    0.8,"",    0.6,"",
"Selected places of birth for the immigrant population","    Iraq",,    25,"",     0,"",    20,"",    0.4,"",    0.0,"",    0.6,"",
"Selected places of birth for the immigrant population","    Lebanon",,     0,"",     0,"",     0,"",    0.0,"",    0.0,"",    0.0,"",
"Selected places of birth for the immigrant population","    Syria",89,    10,"",    10,"",     0,"",    0.2,"",    0.4,"",    0.0,"",
"Selected places of birth for the immigrant population","    Turkey",,    20,"",    10,"",    10,"",    0.3,"",    0.4,"",    0.3,"",
"Selected places of birth for the immigrant population","    China",90,   965,"",   410,"",   555,"",   16.1,"",   16.0,"",   16.1,"",
"Selected places of birth for the immigrant population","    Hong Kong",91,    90,"",    45,"",    40,"",    1.5,"",    1.8,"",    1.2,"",
"Selected places of birth for the immigrant population","    Korea, South",92,    95,"",    40,"",    55,"",    1.6,"",    1.6,"",    1.6,"",
"Selected places of birth for the immigrant population","    Taiwan",,   135,"",    35,"",   100,"",    2.2,"",    1.4,"",    2.9,"",
"Selected places of birth for the immigrant population","    Philippines",,   330,"",   115,"",   215,"",    5.5,"",    4.5,"",    6.2,"",
"Selected places of birth for the immigrant population","    Viet Nam",,    40,"",    10,"",    30,"",    0.7,"",    0.4,"",    0.9,"",
"Selected places of birth for the immigrant population","    Bangladesh",,     0,"",     0,"",     0,"",    0.0,"",    0.0,"",    0.0,"",
"Selected places of birth for the immigrant population","    India",,   650,"",   290,"",   360,"",   10.8,"",   11.3,"",   10.4,"",
"Selected places of birth for the immigrant population","    Pakistan",,    30,"",    15,"",    20,"",    0.5,"",    0.6,"",    0.6,"",
"Selected places of birth for the immigrant population","    Sri Lanka",,    25,"",    20,"",     0,"",    0.4,"",    0.8,"",    0.0,"",
"Selected places of birth for the immigrant population","    Other places of birth in Asia",,   170,"",    50,"",   125,"",    2.8,"",    2.0,"",    3.6,"",
"Selected places of birth for the immigrant population","  Oceania and other places of birth",93,   115,"",    55,"",    55,"",    1.9,"",    2.1,"",    1.6,"",
"Selected places of birth for the recent immigrant population ","Total - Place of birth for the recent immigrant population in private households - 25% sample data",94,   580,"",   260,"",   320,"",  100.0,"",  100.0,"",  100.0,"",
"Selected places of birth for the recent immigrant population ","  Americas",,   105,"",    55,"",    50,"",   18.1,"",   21.2,"",   15.6,"",
"Selected places of birth for the recent immigrant population ","    Brazil",,    25,"",    15,"",    15,"",    4.3,"",    5.8,"",    4.7,"",
"Selected places of birth for the recent immigrant population ","    Colombia",,     0,"",     0,"",     0,"",    0.0,"",    0.0,"",    0.0,"",
"Selected places of birth for the recent immigrant population ","    Haiti",,     0,"",     0,"",     0,"",    0.0,"",    0.0,"",    0.0,"",
"Selected places of birth for the recent immigrant population ","    Jamaica",,     0,"",     0,"",     0,"",    0.0,"",    0.0,"",    0.0,"",
"Selected places of birth for the recent immigrant population ","    Mexico",,     0,"",     0,"",     0,"",    0.0,"",    0.0,"",    0.0,"",
"Selected places of birth for the recent immigrant population ","    United States of America",,    65,"",    30,"",    30,"",   11.2,"",   11.5,"",    9.4,"",
"Selected places of birth for the recent immigrant population ","    Venezuela",95,     0,"",     0,"",     0,"",    0.0,"",    0.0,"",    0.0,"",
"Selected places of birth for the recent immigrant population ","    Other places of birth in Americas",,     0,"",     0,"",     0,"",    0.0,"",    0.0,"",    0.0,"",
"Selected places of birth for the recent immigrant population ","  Europe",,    70,"",    20,"",    45,"",   12.1,"",    7.7,"",   14.1,"",
"Selected places of birth for the recent immigrant population ","    France",,     0,"",     0,"",     0,"",    0.0,"",    0.0,"",    0.0,"",
"Selected places of birth for the recent immigrant population ","    Germany",,     0,"",     0,"",     0,"",    0.0,"",    0.0,"",    0.0,"",
"Selected places of birth for the recent immigrant population ","    Ireland",96,     0,"",     0,"",     0,"",    0.0,"",    0.0,"",    0.0,"",
"Selected places of birth for the recent immigrant population ","    Italy",,     0,"",     0,"",     0,"",    0.0,"",    0.0,"",    0.0,"",
"Selected places of birth for the recent immigrant population ","    Russian Federation",,     0,"",     0,"",     0,"",    0.0,"",    0.0,"",    0.0,"",
"Selected places of birth for the recent immigrant population ","    Ukraine",,    15,"",     0,"",    15,"",    2.6,"",    0.0,"",    4.7,"",
"Selected places of birth for the recent immigrant population ","    United Kingdom",87,    10,"",     0,"",     0,"",    1.7,"",    0.0,"",    0.0,"",
"Selected places of birth for the recent immigrant population ","    Other places of birth in Europe",,    25,"",    15,"",    10,"",    4.3,"",    5.8,"",    3.1,"",
"Selected places of birth for the recent immigrant population ","  Africa",,    15,"",    10,"",     0,"",    2.6,"",    3.8,"",    0.0,"",
"Selected places of birth for the recent immigrant population ","    Algeria",,     0,"",     0,"",     0,"",    0.0,"",    0.0,"",    0.0,"",
"Selected places of birth for the recent immigrant population ","    Burundi",,     0,"",     0,"",     0,"",    0.0,"",    0.0,"",    0.0,"",
"Selected places of birth for the recent immigrant population ","    Cameroon",,     0,"",     0,"",     0,"",    0.0,"",    0.0,"",    0.0,"",
"Selected places of birth for the recent immigrant population ","    Congo, Democratic Republic of the",,     0,"",     0,"",     0,"",    0.0,"",    0.0,"",    0.0,"",
"Selected places of birth for the recent immigrant population ","    Côte d'Ivoire",,     0,"",     0,"",     0,"",    0.0,"",    0.0,"",    0.0,"",
"Selected places of birth for the recent immigrant population ","    Egypt",,     0,"",     0,"",     0,"",    0.0,"",    0.0,"",    0.0,"",
"Selected places of birth for the recent immigrant population ","    Eritrea",,     0,"",     0,"",     0,"",    0.0,"",    0.0,"",    0.0,"",
"Selected places of birth for the recent immigrant population ","    Ethiopia",,     0,"",     0,"",     0,"",    0.0,"",    0.0,"",    0.0,"",
"Selected places of birth for the recent immigrant population ","    Morocco",,     0,"",     0,"",     0,"",    0.0,"",    0.0,"",    0.0,"",
"Selected places of birth for the recent immigrant population ","    Nigeria",,     0,"",     0,"",     0,"",    0.0,"",    0.0,"",    0.0,"",
"Selected places of birth for the recent immigrant population ","    Somalia",,     0,"",     0,"",     0,"",    0.0,"",    0.0,"",    0.0,"",
"Selected places of birth for the recent immigrant population ","    South Africa, Republic of",,     0,"",     0,"",     0,"",    0.0,"",    0.0,"",    0.0,"",
"Selected places of birth for the recent immigrant population ","    Sudan",97,     0,"",     0,"",     0,"",    0.0,"",    0.0,"",    0.0,"",
"Selected places of birth for the recent immigrant population ","    Tunisia",,     0,"",     0,"",     0,"",    0.0,"",    0.0,"",    0.0,"",
"Selected places of birth for the recent immigrant population ","    Other places of birth in Africa",,     0,"",     0,"",     0,"",    0.0,"",    0.0,"",    0.0,"",
"Selected places of birth for the recent immigrant population ","  Asia",,   385,"",   170,"",   210,"",   66.4,"",   65.4,"",   65.6,"",
"Selected places of birth for the recent immigrant population ","    Afghanistan",,     0,"",     0,"",     0,"",    0.0,"",    0.0,"",    0.0,"",
"Selected places of birth for the recent immigrant population ","    Bangladesh",,     0,"",     0,"",     0,"",    0.0,"",    0.0,"",    0.0,"",
"Selected places of birth for the recent immigrant population ","    China",90,   165,"",    75,"",    90,"",   28.4,"",   28.8,"",   28.1,"",
"Selected places of birth for the recent immigrant population ","    Hong Kong",91,     0,"",     0,"",     0,"",    0.0,"",    0.0,"",    0.0,"",
"Selected places of birth for the recent immigrant population ","    India",,    50,"",    20,"",    30,"",    8.6,"",    7.7,"",    9.4,"",
"Selected places of birth for the recent immigrant population ","    Iran",88,     0,"",     0,"",     0,"",    0.0,"",    0.0,"",    0.0,"",
"Selected places of birth for the recent immigrant population ","    Iraq",,     0,"",     0,"",     0,"",    0.0,"",    0.0,"",    0.0,"",
"Selected places of birth for the recent immigrant population ","    Israel",,     0,"",     0,"",     0,"",    0.0,"",    0.0,"",    0.0,"",
"Selected places of birth for the recent immigrant population ","    Japan",,    10,"",     0,"",    10,"",    1.7,"",    0.0,"",    3.1,"",
"Selected places of birth for the recent immigrant population ","    Jordan",,     0,"",     0,"",     0,"",    0.0,"",    0.0,"",    0.0,"",
"Selected places of birth for the recent immigrant population ","    Korea, South",92,     0,"",     0,"",     0,"",    0.0,"",    0.0,"",    0.0,"",
"Selected places of birth for the recent immigrant population ","    Lebanon",,     0,"",     0,"",     0,"",    0.0,"",    0.0,"",    0.0,"",
"Selected places of birth for the recent immigrant population ","    Nepal",,     0,"",     0,"",     0,"",    0.0,"",    0.0,"",    0.0,"",
"Selected places of birth for the recent immigrant population ","    Pakistan",,     0,"",     0,"",     0,"",    0.0,"",    0.0,"",    0.0,"",
"Selected places of birth for the recent immigrant population ","    Philippines",,   135,"",    70,"",    65,"",   23.3,"",   26.9,"",   20.3,"",
"Selected places of birth for the recent immigrant population ","    Saudi Arabia",,     0,"",     0,"",     0,"",    0.0,"",    0.0,"",    0.0,"",
"Selected places of birth for the recent immigrant population ","    Sri Lanka",,     0,"",     0,"",     0,"",    0.0,"",    0.0,"",    0.0,"",
"Selected places of birth for the recent immigrant population ","    Syria",89,     0,"",     0,"",     0,"",    0.0,"",    0.0,"",    0.0,"",
"Selected places of birth for the recent immigrant population ","    Turkey",,     0,"",     0,"",     0,"",    0.0,"",    0.0,"",    0.0,"",
"Selected places of birth for the recent immigrant population ","    United Arab Emirates",,     0,"",     0,"",     0,"",    0.0,"",    0.0,"",    0.0,"",
"Selected places of birth for the recent immigrant population ","    Viet Nam",,     0,"",     0,"",     0,"",    0.0,"",    0.0,"",    0.0,"",
"Selected places of birth for the recent immigrant population ","    Other places of birth in Asia",,     0,"",     0,"",     0,"",    0.0,"",    0.0,"",    0.0,"",
"Selected places of birth for the recent immigrant population ","  Oceania and other",93,    15,"",    10,"",     0,"",    2.6,"",    3.8,"",    0.0,"",
"Selected places of birth for the recent immigrant population ","    Australia",,    10,"",     0,"",     0,"",    1.7,"",    0.0,"",    0.0,"",
"Selected places of birth for the recent immigrant population ","    Other places of birth",98,     0,"",     0,"",     0,"",    0.0,"",    0.0,"",    0.0,"",
"Generation status","Total - Generation status for the population in private households - 25% sample data",99, 20725,"",  9525,"", 11200,"",  100.0,"",  100.0,"",  100.0,"",
"Generation status","  First generation",100,  6510,"",  2800,"",  3705,"",   31.4,"",   29.4,"",   33.1,"",
"Generation status","  Second generation",101,  4875,"",  2305,"",  2570,"",   23.5,"",   24.2,"",   22.9,"",
"Generation status","  Third generation or more",102,  9345,"",  4420,"",  4920,"",   45.1,"",   46.4,"",   43.9,"",
"Admission category and applicant type","Total - Admission category and applicant type for the immigrant population in private households who were admitted between 1980 and 2021 - 25% sample data",103,  3865,"",  1640,"",  2225,"",  100.0,"",  100.0,"",  100.0,"",
"Admission category and applicant type","  Economic immigrants",104,  2410,"",  1080,"",  1340,"",   62.4,"",   65.9,"",   60.2,"",
"Admission category and applicant type","    Principal applicants",105,   935,"",   530,"",   405,"",   24.2,"",   32.3,"",   18.2,"",
"Admission category and applicant type","    Secondary applicants",106,  1480,"",   545,"",   930,"",   38.3,"",   33.2,"",   41.8,"",
"Admission category and applicant type","  Immigrants sponsored by family",107,  1225,"",   465,"",   760,"",   31.7,"",   28.4,"",   34.2,"",
"Admission category and applicant type","  Refugees",108,   215,"",    95,"",   115,"",    5.6,"",    5.8,"",    5.2,"",
"Admission category and applicant type","  Other immigrants",109,    20,"",     0,"",    10,"",    0.5,"",    0.0,"",    0.4,"",
"Pre-admission experience","Total - Pre-admission experience for the immigrant population in private households who were admitted between 1980 and 2021 - 25% sample data",110,  3865,"",  1640,"",  2225,"",  100.0,"",  100.0,"",  100.0,"",
"Pre-admission experience","  Asylum claim before admission",111,   100,"",    45,"",    55,"",    2.6,"",    2.7,"",    2.5,"",
"Pre-admission experience","  Work permits only before admission",112,   515,"",   200,"",   310,"",   13.3,"",   12.2,"",   13.9,"",
"Pre-admission experience","  Study permits only before admission",113,    45,"",    15,"",    30,"",    1.2,"",    0.9,"",    1.3,"",
"Pre-admission experience","  Work and study permits before admission",114,   165,"",    70,"",   100,"",    4.3,"",    4.3,"",    4.5,"",
"Pre-admission experience","  Other permits before admission",115,    20,"",     0,"",    20,"",    0.5,"",    0.0,"",    0.9,"",
"Pre-admission experience","  No pre-admission experience",116,  3010,"",  1305,"",  1710,"",   77.9,"",   79.6,"",   76.9,"",
"Visible minority","Total - Visible minority for the population in private households - 25% sample data",117, 20725,"",  9525,"", 11195,"",  100.0,"",  100.0,"",  100.0,"",
"Visible minority","  Total visible minority population",118,  4910,"",  2225,"",  2685,"",   23.7,"",   23.4,"",   24.0,"",
"Visible minority","    South Asian",,  1575,"",   765,"",   805,"",    7.6,"",    8.0,"",    7.2,"",
"Visible minority","    Chinese",,  1600,"",   670,"",   930,"",    7.7,"",    7.0,"",    8.3,"",
"Visible minority","    Black",,   265,"",   140,"",   125,"",    1.3,"",    1.5,"",    1.1,"",
"Visible minority","    Filipino",,   490,"",   205,"",   285,"",    2.4,"",    2.2,"",    2.5,"",
"Visible minority","    Arab",,    55,"",    35,"",    20,"",    0.3,"",    0.4,"",    0.2,"",
"Visible minority","    Latin American",,   250,"",    95,"",   155,"",    1.2,"",    1.0,"",    1.4,"",
"Visible minority","    Southeast Asian",,    90,"",    40,"",    50,"",    0.4,"",    0.4,"",    0.4,"",
"Visible minority","    West Asian",,    55,"",    20,"",    35,"",    0.3,"",    0.2,"",    0.3,"",
"Visible minority","    Korean",,   165,"",    75,"",    90,"",    0.8,"",    0.8,"",    0.8,"",
"Visible minority","    Japanese",,   135,"",    55,"",    80,"",    0.7,"",    0.6,"",    0.7,"",
"Visible minority","    Visible minority, n.i.e.",119,    45,"",    20,"",    25,"",    0.2,"",    0.2,"",    0.2,"",
"Visible minority","    Multiple visible minorities",,   185,"",   110,"",    75,"",    0.9,"",    1.2,"",    0.7,"",
"Visible minority","  Not a visible minority",120, 15820,"",  7300,"",  8520,"",   76.3,"",   76.6,"",   76.1,"",
"Ethnic or cultural origin","Total - Ethnic or cultural origin for the population in private households - 25% sample data",121, 20725,"",  9530,"", 11200,"",  100.0,"",  100.0,"",  100.0,"",
"Ethnic or cultural origin","  Canadian",,  1890,"",   915,"",   980,"",    9.1,"",    9.6,"",    8.8,"",
"Ethnic or cultural origin","  English",,  4965,"",  2305,"",  2665,"",   24.0,"",   24.2,"",   23.8,"",
"Ethnic or cultural origin","  Irish",,  3250,"",  1535,"",  1715,"",   15.7,"",   16.1,"",   15.3,"",
"Ethnic or cultural origin","  Scottish",,  3795,"",  1815,"",  1985,"",   18.3,"",   19.0,"",   17.7,"",
"Ethnic or cultural origin","  French, n.o.s.",122,  1515,"",   695,"",   815,"",    7.3,"",    7.3,"",    7.3,"",
"Ethnic or cultural origin","  German",,  2560,"",  1185,"",  1375,"",   12.4,"",   12.4,"",   12.3,"",
"Ethnic or cultural origin","  Chinese",,  1535,"",   675,"",   860,"",    7.4,"",    7.1,"",    7.7,"",
"Ethnic or cultural origin","  Italian",,   635,"",   290,"",   340,"",    3.1,"",    3.0,"",    3.0,"",
"Ethnic or cultural origin","  Indian (India)",,  1005,"",   470,"",   535,"",    4.8,"",    4.9,"",    4.8,"",
"Ethnic or cultural origin","  Ukrainian",,   980,"",   450,"",   535,"",    4.7,"",    4.7,"",    4.8,"",
"Ethnic or cultural origin","  Dutch",,   860,"",   350,"",   510,"",    4.1,"",    3.7,"",    4.6,"",
"Ethnic or cultural origin","  Polish",,   705,"",   325,"",   375,"",    3.4,"",    3.4,"",    3.3,"",
"Ethnic or cultural origin","  Québécois",,     0,"",     0,"",     0,"",    0.0,"",    0.0,"",    0.0,"",
"Ethnic or cultural origin","  British Isles, n.o.s.",123,  1270,"",   530,"",   740,"",    6.1,"",    5.6,"",    6.6,"",
"Ethnic or cultural origin","  Filipino",,   475,"",   190,"",   280,"",    2.3,"",    2.0,"",    2.5,"",
"Ethnic or cultural origin","  French Canadian",,   230,"",    90,"",   140,"",    1.1,"",    0.9,"",    1.3,"",
"Ethnic or cultural origin","  Caucasian (White), n.o.s.",124,   395,"",   175,"",   225,"",    1.9,"",    1.8,"",    2.0,"",
"Ethnic or cultural origin","  First Nations (North American Indian), n.o.s.",125,   250,"",   160,"",    95,"",    1.2,"",    1.7,"",    0.8,"",
"Ethnic or cultural origin","  Métis",,   250,"",   100,"",   150,"",    1.2,"",    1.0,"",    1.3,"",
"Ethnic or cultural origin","  European, n.o.s.",126,   505,"",   245,"",   255,"",    2.4,"",    2.6,"",    2.3,"",
"Ethnic or cultural origin","  Russian",,   545,"",   210,"",   335,"",    2.6,"",    2.2,"",    3.0,"",
"Ethnic or cultural origin","  Norwegian",,   820,"",   435,"",   385,"",    4.0,"",    4.6,"",    3.4,"",
"Ethnic or cultural origin","  Welsh",,   455,"",   175,"",   275,"",    2.2,"",    1.8,"",    2.5,"",
"Ethnic or cultural origin","  Portuguese",,   185,"",   105,"",    85,"",    0.9,"",    1.1,"",    0.8,"",
"Ethnic or cultural origin","  American",,   420,"",   205,"",   220,"",    2.0,"",    2.2,"",    2.0,"",
"Ethnic or cultural origin","  Spanish",,   340,"",   150,"",   190,"",    1.6,"",    1.6,"",    1.7,"",
"Ethnic or cultural origin","  Swedish",,   470,"",   200,"",   275,"",    2.3,"",    2.1,"",    2.5,"",
"Ethnic or cultural origin","  Hungarian",,   240,"",   105,"",   135,"",    1.2,"",    1.1,"",    1.2,"",
"Ethnic or cultural origin","  Acadian",,    25,"",    10,"",    20,"",    0.1,"",    0.1,"",    0.2,"",
"Ethnic or cultural origin","  Pakistani",,    60,"",    40,"",    20,"",    0.3,"",    0.4,"",    0.2,"",
"Ethnic or cultural origin","  African, n.o.s.",127,    80,"",    30,"",    50,"",    0.4,"",    0.3,"",    0.4,"",
"Ethnic or cultural origin","  Jewish",,   125,"",    60,"",    70,"",    0.6,"",    0.6,"",    0.6,"",
"Ethnic or cultural origin","  Punjabi",,   320,"",   155,"",   160,"",    1.5,"",    1.6,"",    1.4,"",
"Ethnic or cultural origin","  Vietnamese",,    80,"",    35,"",    40,"",    0.4,"",    0.4,"",    0.4,"",
"Ethnic or cultural origin","  Arab, n.o.s.",128,    45,"",    15,"",    25,"",    0.2,"",    0.2,"",    0.2,"",
"Ethnic or cultural origin","  Greek",,   145,"",    60,"",    85,"",    0.7,"",    0.6,"",    0.8,"",
"Ethnic or cultural origin","  Jamaican",,    45,"",    25,"",    25,"",    0.2,"",    0.3,"",    0.2,"",
"Ethnic or cultural origin","  Asian, n.o.s.",129,   115,"",    35,"",    85,"",    0.6,"",    0.4,"",    0.8,"",
"Ethnic or cultural origin","  Cree, n.o.s.",130,    65,"",    25,"",    40,"",    0.3,"",    0.3,"",    0.4,"",
"Ethnic or cultural origin","  Korean",,   155,"",    80,"",    70,"",    0.7,"",    0.8,"",    0.6,"",
"Ethnic or cultural origin","  Romanian",,   190,"",    50,"",   140,"",    0.9,"",    0.5,"",    1.3,"",
"Ethnic or cultural origin","  Lebanese",,    30,"",    15,"",    10,"",    0.1,"",    0.2,"",    0.1,"",
"Ethnic or cultural origin","  Iranian",,    30,"",    15,"",    15,"",    0.1,"",    0.2,"",    0.1,"",
"Ethnic or cultural origin","  Christian, n.i.e.",131,    50,"",    15,"",    35,"",    0.2,"",    0.2,"",    0.3,"",
"Ethnic or cultural origin","  Danish",,   205,"",    95,"",   110,"",    1.0,"",    1.0,"",    1.0,"",
"Ethnic or cultural origin","  North American Indigenous, n.o.s.",132,   100,"",    60,"",    35,"",    0.5,"",    0.6,"",    0.3,"",
"Ethnic or cultural origin","  Sikh",,   240,"",   130,"",   110,"",    1.2,"",    1.4,"",    1.0,"",
"Ethnic or cultural origin","  Austrian",,   215,"",   100,"",   115,"",    1.0,"",    1.0,"",    1.0,"",
"Ethnic or cultural origin","  Belgian",,   105,"",    60,"",    50,"",    0.5,"",    0.6,"",    0.4,"",
"Ethnic or cultural origin","  Haitian",,    15,"",     0,"",    15,"",    0.1,"",    0.0,"",    0.1,"",
"Ethnic or cultural origin","  Hindu",,    40,"",    25,"",    15,"",    0.2,"",    0.3,"",    0.1,"",
"Ethnic or cultural origin","  Mexican",,   130,"",    45,"",    75,"",    0.6,"",    0.5,"",    0.7,"",
"Ethnic or cultural origin","  Mennonite",,    80,"",    35,"",    50,"",    0.4,"",    0.4,"",    0.4,"",
"Ethnic or cultural origin","  Swiss",,   150,"",    70,"",    75,"",    0.7,"",    0.7,"",    0.7,"",
"Ethnic or cultural origin","  Finnish",,   145,"",    55,"",    85,"",    0.7,"",    0.6,"",    0.8,"",
"Ethnic or cultural origin","  Sri Lankan",,    20,"",    15,"",     0,"",    0.1,"",    0.2,"",    0.0,"",
"Ethnic or cultural origin","  Croatian",,   115,"",    65,"",    55,"",    0.6,"",    0.7,"",    0.5,"",
"Ethnic or cultural origin","  Japanese",,   155,"",    70,"",    85,"",    0.7,"",    0.7,"",    0.8,"",
"Ethnic or cultural origin","  South Asian, n.o.s.",133,    95,"",    45,"",    55,"",    0.5,"",    0.5,"",    0.5,"",
"Ethnic or cultural origin","  Mi'kmaq, n.o.s.",134,    10,"",    10,"",     0,"",    0.0,"",    0.1,"",    0.0,"",
"Ethnic or cultural origin","  Northern European, n.o.s.",135,   105,"",    60,"",    45,"",    0.5,"",    0.6,"",    0.4,"",
"Ethnic or cultural origin","  Muslim",,    25,"",     0,"",    15,"",    0.1,"",    0.0,"",    0.1,"",
"Ethnic or cultural origin","  Egyptian",,    35,"",    15,"",    20,"",    0.2,"",    0.2,"",    0.2,"",
"Ethnic or cultural origin","  Latin, Central or South American, n.o.s.",136,    65,"",    30,"",    30,"",    0.3,"",    0.3,"",    0.3,"",
"Ethnic or cultural origin","  Tamil",,    10,"",    10,"",     0,"",    0.0,"",    0.1,"",    0.0,"",
"Ethnic or cultural origin","  Icelandic",,   120,"",    65,"",    55,"",    0.6,"",    0.7,"",    0.5,"",
"Ethnic or cultural origin","  Colombian",,     0,"",     0,"",     0,"",    0.0,"",    0.0,"",    0.0,"",
"Ethnic or cultural origin","  Moroccan",,    10,"",     0,"",    10,"",    0.0,"",    0.0,"",    0.1,"",
"Ethnic or cultural origin","  Czech",,    80,"",    15,"",    60,"",    0.4,"",    0.2,"",    0.5,"",
"Ethnic or cultural origin","  Syrian",,    15,"",    10,"",     0,"",    0.1,"",    0.1,"",    0.0,"",
"Ethnic or cultural origin","  Guyanese",,    20,"",    20,"",     0,"",    0.1,"",    0.2,"",    0.0,"",
"Ethnic or cultural origin","  Afghan",,     0,"",     0,"",     0,"",    0.0,"",    0.0,"",    0.0,"",
"Ethnic or cultural origin","  Black, n.o.s.",137,    25,"",    15,"",    10,"",    0.1,"",    0.2,"",    0.1,"",
"Ethnic or cultural origin","  Serbian",,   100,"",    55,"",    45,"",    0.5,"",    0.6,"",    0.4,"",
"Ethnic or cultural origin","  Ojibway",,    10,"",     0,"",    10,"",    0.0,"",    0.0,"",    0.1,"",
"Ethnic or cultural origin","  Newfoundlander",,    10,"",    10,"",     0,"",    0.0,"",    0.1,"",    0.0,"",
"Ethnic or cultural origin","  Hong Konger",,    65,"",    30,"",    40,"",    0.3,"",    0.3,"",    0.4,"",
"Ethnic or cultural origin","  Ontarian",,     0,"",     0,"",     0,"",    0.0,"",    0.0,"",    0.0,"",
"Ethnic or cultural origin","  Persian",,    25,"",    15,"",    10,"",    0.1,"",    0.2,"",    0.1,"",
"Ethnic or cultural origin","  Trinidadian/Tobagonian",,    25,"",    20,"",     0,"",    0.1,"",    0.2,"",    0.0,"",
"Ethnic or cultural origin","  Turkish",,    20,"",     0,"",    15,"",    0.1,"",    0.0,"",    0.1,"",
"Ethnic or cultural origin","  Inuit, n.o.s.",138,     0,"",     0,"",     0,"",    0.0,"",    0.0,"",    0.0,"",
"Ethnic or cultural origin","  Bangladeshi",,     0,"",     0,"",     0,"",    0.0,"",    0.0,"",    0.0,"",
"Ethnic or cultural origin","  Algerian",,     0,"",     0,"",     0,"",    0.0,"",    0.0,"",    0.0,"",
"Ethnic or cultural origin","  Brazilian",,    60,"",    25,"",    30,"",    0.3,"",    0.3,"",    0.3,"",
"Ethnic or cultural origin","  Nigerian",,    10,"",     0,"",    10,"",    0.0,"",    0.0,"",    0.1,"",
"Ethnic or cultural origin","  Armenian",,    20,"",     0,"",    15,"",    0.1,"",    0.0,"",    0.1,"",
"Ethnic or cultural origin","  Slovak",,    40,"",    10,"",    25,"",    0.2,"",    0.1,"",    0.2,"",
"Ethnic or cultural origin","  Eastern European, n.o.s.",139,    75,"",    20,"",    60,"",    0.4,"",    0.2,"",    0.5,"",
"Ethnic or cultural origin","  Somali",,     0,"",     0,"",     0,"",    0.0,"",    0.0,"",    0.0,"",
"Ethnic or cultural origin","  Taiwanese",,    85,"",    30,"",    60,"",    0.4,"",    0.3,"",    0.5,"",
"Ethnic or cultural origin","  Iraqi",,     0,"",     0,"",     0,"",    0.0,"",    0.0,"",    0.0,"",
"Ethnic or cultural origin","  Salvadorean",,    45,"",     0,"",    35,"",    0.2,"",    0.0,"",    0.3,"",
"Ethnic or cultural origin","  African Caribbean",,    10,"",     0,"",    10,"",    0.0,"",    0.0,"",    0.1,"",
"Ethnic or cultural origin","  East or Southeast Asian, n.o.s.",140,     0,"",     0,"",     0,"",    0.0,"",    0.0,"",    0.0,"",
"Ethnic or cultural origin","  West or Central Asian or Middle Eastern, n.o.s.",141,     0,"",     0,"",     0,"",    0.0,"",    0.0,"",    0.0,"",
"Ethnic or cultural origin","  Caribbean, n.o.s.",142,    15,"",    10,"",     0,"",    0.1,"",    0.1,"",    0.0,"",
"Ethnic or cultural origin","  Algonquin",,    10,"",     0,"",     0,"",    0.0,"",    0.0,"",    0.0,"",
"Ethnic or cultural origin","  West Indian, n.o.s.",143,     0,"",     0,"",     0,"",    0.0,"",    0.0,"",    0.0,"",
"Ethnic or cultural origin","  Lithuanian",,    40,"",    25,"",    15,"",    0.2,"",    0.3,"",    0.1,"",
"Ethnic or cultural origin","  South African",,    70,"",    30,"",    40,"",    0.3,"",    0.3,"",    0.4,"",
"Ethnic or cultural origin","  Australian",,   115,"",    40,"",    65,"",    0.6,"",    0.4,"",    0.6,"",
"Ethnic or cultural origin","  Palestinian",,     0,"",     0,"",     0,"",    0.0,"",    0.0,"",    0.0,"",
"Ethnic or cultural origin","  Chilean",,     0,"",     0,"",     0,"",    0.0,"",    0.0,"",    0.0,"",
"Ethnic or cultural origin","  Congolese",,     0,"",     0,"",     0,"",    0.0,"",    0.0,"",    0.0,"",
"Ethnic or cultural origin","  Nova Scotian",,     0,"",     0,"",     0,"",    0.0,"",    0.0,"",    0.0,"",
"Ethnic or cultural origin","  Ethiopian",,     0,"",     0,"",     0,"",    0.0,"",    0.0,"",    0.0,"",
"Ethnic or cultural origin","  Hispanic, n.o.s.",144,     0,"",     0,"",     0,"",    0.0,"",    0.0,"",    0.0,"",
"Ethnic or cultural origin","  Peruvian",,     0,"",     0,"",     0,"",    0.0,"",    0.0,"",    0.0,"",
"Ethnic or cultural origin","  Yoruba",,     0,"",     0,"",     0,"",    0.0,"",    0.0,"",    0.0,"",
"Ethnic or cultural origin","  Cambodian (Khmer)",,     0,"",     0,"",     0,"",    0.0,"",    0.0,"",    0.0,"",
"Ethnic or cultural origin","  Berber",,     0,"",     0,"",     0,"",    0.0,"",    0.0,"",    0.0,"",
"Ethnic or cultural origin","  Albanian",,     0,"",     0,"",     0,"",    0.0,"",    0.0,"",    0.0,"",
"Ethnic or cultural origin","  Maltese",,    15,"",     0,"",    10,"",    0.1,"",    0.0,"",    0.1,"",
"Ethnic or cultural origin","  Macedonian",,    15,"",    10,"",     0,"",    0.1,"",    0.1,"",    0.0,"",
"Ethnic or cultural origin","  Slovenian",,    30,"",    15,"",    15,"",    0.1,"",    0.2,"",    0.1,"",
"Ethnic or cultural origin","  Western European, n.o.s.",145,    20,"",     0,"",    20,"",    0.1,"",    0.0,"",    0.2,"",
"Ethnic or cultural origin","  New Brunswicker",,     0,"",     0,"",     0,"",    0.0,"",    0.0,"",    0.0,"",
"Ethnic or cultural origin","  Gujarati",,     0,"",     0,"",     0,"",    0.0,"",    0.0,"",    0.0,"",
"Ethnic or cultural origin","  Eritrean",,     0,"",     0,"",     0,"",    0.0,"",    0.0,"",    0.0,"",
"Ethnic or cultural origin","  African Canadian",,     0,"",     0,"",     0,"",    0.0,"",    0.0,"",    0.0,"",
"Ethnic or cultural origin","  Israeli",,    25,"",    10,"",    20,"",    0.1,"",    0.1,"",    0.2,"",
"Ethnic or cultural origin","  Mohawk",,     0,"",     0,"",     0,"",    0.0,"",    0.0,"",    0.0,"",
"Ethnic or cultural origin","  Czechoslovakian, n.o.s.",146,    40,"",    15,"",    20,"",    0.2,"",    0.2,"",    0.2,"",
"Ethnic or cultural origin","  Bulgarian",,    30,"",    25,"",     0,"",    0.1,"",    0.3,"",    0.0,"",
"Ethnic or cultural origin","  Albertan",,    15,"",     0,"",    10,"",    0.1,"",    0.0,"",    0.1,"",
"Ethnic or cultural origin","  Ghanaian",,    20,"",    10,"",    10,"",    0.1,"",    0.1,"",    0.1,"",
"Ethnic or cultural origin","  Barbadian",,    40,"",    30,"",    10,"",    0.2,"",    0.3,"",    0.1,"",
"Ethnic or cultural origin","  African American",,    40,"",    20,"",    10,"",    0.2,"",    0.2,"",    0.1,"",
"Ethnic or cultural origin","  Yugoslavian, n.o.s.",147,    20,"",    15,"",     0,"",    0.1,"",    0.2,"",    0.0,"",
"Ethnic or cultural origin","  Tunisian",,     0,"",     0,"",     0,"",    0.0,"",    0.0,"",    0.0,"",
"Ethnic or cultural origin","  Slavic, n.o.s.",148,    30,"",    10,"",    20,"",    0.1,"",    0.1,"",    0.2,"",
"Ethnic or cultural origin","  Cuban",,     0,"",     0,"",     0,"",    0.0,"",    0.0,"",    0.0,"",
"Ethnic or cultural origin","  Bosnian",,    10,"",    10,"",     0,"",    0.0,"",    0.1,"",    0.0,"",
"Ethnic or cultural origin","  Venezuelan",,     0,"",     0,"",     0,"",    0.0,"",    0.0,"",    0.0,"",
"Ethnic or cultural origin","  Innu/Montagnais, n.o.s.",149,     0,"",     0,"",     0,"",    0.0,"",    0.0,"",    0.0,"",
"Ethnic or cultural origin","  Latvian",,    15,"",     0,"",    10,"",    0.1,"",    0.0,"",    0.1,"",
"Ethnic or cultural origin","  Bengali",,     0,"",     0,"",     0,"",    0.0,"",    0.0,"",    0.0,"",
"Ethnic or cultural origin","  Cameroonian",,     0,"",     0,"",     0,"",    0.0,"",    0.0,"",    0.0,"",
"Ethnic or cultural origin","  Guatemalan",,     0,"",     0,"",     0,"",    0.0,"",    0.0,"",    0.0,"",
"Ethnic or cultural origin","  Indonesian",,    15,"",     0,"",    15,"",    0.1,"",    0.0,"",    0.1,"",
"Ethnic or cultural origin","  Laotian",,     0,"",     0,"",     0,"",    0.0,"",    0.0,"",    0.0,"",
"Ethnic or cultural origin","  Ilocano",,    20,"",    15,"",    10,"",    0.1,"",    0.2,"",    0.1,"",
"Ethnic or cultural origin","  Northern Irish",,    55,"",    30,"",    25,"",    0.3,"",    0.3,"",    0.2,"",
"Ethnic or cultural origin","  Celtic, n.o.s.",150,    50,"",    30,"",    30,"",    0.2,"",    0.3,"",    0.3,"",
"Ethnic or cultural origin","  British Columbian",,   120,"",    65,"",    50,"",    0.6,"",    0.7,"",    0.4,"",
"Ethnic or cultural origin","  Ecuadorian",,     0,"",     0,"",     0,"",    0.0,"",    0.0,"",    0.0,"",
"Ethnic or cultural origin","  Franco Ontarian",,     0,"",     0,"",     0,"",    0.0,"",    0.0,"",    0.0,"",
"Ethnic or cultural origin","  Argentinian",,    20,"",    10,"",    10,"",    0.1,"",    0.1,"",    0.1,"",
"Ethnic or cultural origin","  Estonian",,    75,"",    35,"",    35,"",    0.4,"",    0.4,"",    0.3,"",
"Ethnic or cultural origin","  Kurdish",,     0,"",     0,"",     0,"",    0.0,"",    0.0,"",    0.0,"",
"Ethnic or cultural origin","  Fijian",,    10,"",     0,"",     0,"",    0.0,"",    0.0,"",    0.0,"",
"Ethnic or cultural origin","  Jatt",,    70,"",    30,"",    35,"",    0.3,"",    0.3,"",    0.3,"",
"Ethnic or cultural origin","  North American, n.o.s.",151,    10,"",     0,"",     0,"",    0.0,"",    0.0,"",    0.0,"",
"Ethnic or cultural origin","  Coptic",,     0,"",     0,"",     0,"",    0.0,"",    0.0,"",    0.0,"",
"Ethnic or cultural origin","  Thai",,     0,"",     0,"",     0,"",    0.0,"",    0.0,"",    0.0,"",
"Ethnic or cultural origin","  Dominican",,     0,"",     0,"",     0,"",    0.0,"",    0.0,"",    0.0,"",
"Ethnic or cultural origin","  Nepali",,     0,"",     0,"",     0,"",    0.0,"",    0.0,"",    0.0,"",
"Ethnic or cultural origin","  Kabyle",,     0,"",     0,"",     0,"",    0.0,"",    0.0,"",    0.0,"",
"Ethnic or cultural origin","  Assyrian",,     0,"",     0,"",     0,"",    0.0,"",    0.0,"",    0.0,"",
"Ethnic or cultural origin","  Igbo",,     0,"",     0,"",     0,"",    0.0,"",    0.0,"",    0.0,"",
"Ethnic or cultural origin","  Byelorussian",,     0,"",     0,"",     0,"",    0.0,"",    0.0,"",    0.0,"",
"Ethnic or cultural origin","  Dene, n.o.s.",152,     0,"",     0,"",     0,"",    0.0,"",    0.0,"",    0.0,"",
"Ethnic or cultural origin","  Blackfoot, n.o.s.",153,    10,"",    10,"",     0,"",    0.0,"",    0.1,"",    0.0,"",
"Ethnic or cultural origin","  Abenaki",,     0,"",     0,"",     0,"",    0.0,"",    0.0,"",    0.0,"",
"Ethnic or cultural origin","  Moldovan",,     0,"",     0,"",     0,"",    0.0,"",    0.0,"",    0.0,"",
"Ethnic or cultural origin","  Iroquois (Haudenosaunee), n.o.s.",154,     0,"",     0,"",     0,"",    0.0,"",    0.0,"",    0.0,"",
"Ethnic or cultural origin","  New Zealander",,    25,"",    10,"",    15,"",    0.1,"",    0.1,"",    0.1,"",
"Ethnic or cultural origin","  Sudanese",,     0,"",     0,"",     0,"",    0.0,"",    0.0,"",    0.0,"",
"Ethnic or cultural origin","  Breton",,     0,"",     0,"",     0,"",    0.0,"",    0.0,"",    0.0,"",
"Ethnic or cultural origin","  Pennsylvania Dutch",,    15,"",     0,"",    10,"",    0.1,"",    0.0,"",    0.1,"",
"Ethnic or cultural origin","  Malaysian",,     0,"",     0,"",     0,"",    0.0,"",    0.0,"",    0.0,"",
"Ethnic or cultural origin","  Plains Cree",,     0,"",     0,"",     0,"",    0.0,"",    0.0,"",    0.0,"",
"Ethnic or cultural origin","  North African, n.o.s.",155,     0,"",     0,"",     0,"",    0.0,"",    0.0,"",    0.0,"",
"Ethnic or cultural origin","  Huron (Wendat)",,     0,"",     0,"",     0,"",    0.0,"",    0.0,"",    0.0,"",
"Ethnic or cultural origin","  Saskatchewanian",,    15,"",     0,"",    15,"",    0.1,"",    0.0,"",    0.1,"",
"Ethnic or cultural origin","  Buddhist",,     0,"",     0,"",     0,"",    0.0,"",    0.0,"",    0.0,"",
"Ethnic or cultural origin","  Gaspesian",,     0,"",     0,"",     0,"",    0.0,"",    0.0,"",    0.0,"",
"Ethnic or cultural origin","  Norman",,    10,"",     0,"",     0,"",    0.0,"",    0.0,"",    0.0,"",
"Ethnic or cultural origin","  Southern or East African, n.o.s.",156,    20,"",     0,"",    20,"",    0.1,"",    0.0,"",    0.2,"",
"Ethnic or cultural origin","  Ivorian",,     0,"",     0,"",     0,"",    0.0,"",    0.0,"",    0.0,"",
"Ethnic or cultural origin","  Saulteaux",,     0,"",     0,"",     0,"",    0.0,"",    0.0,"",    0.0,"",
"Ethnic or cultural origin","  Anishinaabe, n.o.s.",157,     0,"",     0,"",     0,"",    0.0,"",    0.0,"",    0.0,"",
"Ethnic or cultural origin","  Burundian",,     0,"",     0,"",     0,"",    0.0,"",    0.0,"",    0.0,"",
"Ethnic or cultural origin","  Tigrinya",,     0,"",     0,"",     0,"",    0.0,"",    0.0,"",    0.0,"",
"Ethnic or cultural origin","  Nicaraguan",,     0,"",     0,"",     0,"",    0.0,"",    0.0,"",    0.0,"",
"Ethnic or cultural origin","  Mauritian",,     0,"",     0,"",     0,"",    0.0,"",    0.0,"",    0.0,"",
"Ethnic or cultural origin","  Kenyan",,     0,"",     0,"",     0,"",    0.0,"",    0.0,"",    0.0,"",
"Ethnic or cultural origin","  Oji-Cree",,     0,"",     0,"",     0,"",    0.0,"",    0.0,"",    0.0,"",
"Ethnic or cultural origin","  Vincentian",,     0,"",     0,"",     0,"",    0.0,"",    0.0,"",    0.0,"",
"Ethnic or cultural origin","  Jordanian",,     0,"",     0,"",     0,"",    0.0,"",    0.0,"",    0.0,"",
"Ethnic or cultural origin","  Manitoban",,    10,"",    10,"",     0,"",    0.0,"",    0.1,"",    0.0,"",
"Ethnic or cultural origin","  Cape Bretoner",,     0,"",     0,"",     0,"",    0.0,"",    0.0,"",    0.0,"",
"Ethnic or cultural origin","  Rwandan",,     0,"",     0,"",     0,"",    0.0,"",    0.0,"",    0.0,"",
"Ethnic or cultural origin","  Grenadian",,     0,"",     0,"",     0,"",    0.0,"",    0.0,"",    0.0,"",
"Ethnic or cultural origin","  Malayali",,     0,"",     0,"",     0,"",    0.0,"",    0.0,"",    0.0,"",
"Ethnic or cultural origin","  Chaldean",,     0,"",     0,"",     0,"",    0.0,"",    0.0,"",    0.0,"",
"Ethnic or cultural origin","  Sinhalese",,     0,"",     0,"",     0,"",    0.0,"",    0.0,"",    0.0,"",
"Ethnic or cultural origin","  Mayan",,     0,"",     0,"",     0,"",    0.0,"",    0.0,"",    0.0,"",
"Ethnic or cultural origin","  Honduran",,     0,"",     0,"",     0,"",    0.0,"",    0.0,"",    0.0,"",
"Ethnic or cultural origin","  Cherokee",,    35,"",    20,"",    15,"",    0.2,"",    0.2,"",    0.1,"",
"Ethnic or cultural origin","  Qalipu Mi'kmaq",,     0,"",     0,"",     0,"",    0.0,"",    0.0,"",    0.0,"",
"Ethnic or cultural origin","  Indo-Caribbean",,     0,"",     0,"",     0,"",    0.0,"",    0.0,"",    0.0,"",
"Ethnic or cultural origin","  Flemish",,    15,"",     0,"",     0,"",    0.1,"",    0.0,"",    0.0,"",
"Ethnic or cultural origin","  United Empire Loyalist",,     0,"",     0,"",     0,"",    0.0,"",    0.0,"",    0.0,"",
"Ethnic or cultural origin","  Senegalese",,     0,"",     0,"",     0,"",    0.0,"",    0.0,"",    0.0,"",
"Ethnic or cultural origin","  Azerbaijani",,     0,"",     0,"",     0,"",    0.0,"",    0.0,"",    0.0,"",
"Ethnic or cultural origin","  Sicilian",,     0,"",     0,"",     0,"",    0.0,"",    0.0,"",    0.0,"",
"Ethnic or cultural origin","  Pashtun",,     0,"",     0,"",     0,"",    0.0,"",    0.0,"",    0.0,"",
"Ethnic or cultural origin","  Malay",,     0,"",     0,"",     0,"",    0.0,"",    0.0,"",    0.0,"",
"Ethnic or cultural origin","  Goan",,     0,"",     0,"",     0,"",    0.0,"",    0.0,"",    0.0,"",
"Ethnic or cultural origin","  Bantu, n.o.s.",158,     0,"",     0,"",     0,"",    0.0,"",    0.0,"",    0.0,"",
"Ethnic or cultural origin","  Tibetan",,    20,"",    10,"",    10,"",    0.1,"",    0.1,"",    0.1,"",
"Ethnic or cultural origin","  Zimbabwean",,     0,"",     0,"",     0,"",    0.0,"",    0.0,"",    0.0,"",
"Ethnic or cultural origin","  Burmese",,     0,"",     0,"",     0,"",    0.0,"",    0.0,"",    0.0,"",
"Ethnic or cultural origin","  Mongolian",,     0,"",     0,"",     0,"",    0.0,"",    0.0,"",    0.0,"",
"Ethnic or cultural origin","  Azorean",,     0,"",     0,"",     0,"",    0.0,"",    0.0,"",    0.0,"",
"Ethnic or cultural origin","  Atikamekw",,     0,"",     0,"",     0,"",    0.0,"",    0.0,"",    0.0,"",
"Ethnic or cultural origin","  Bamileke",,     0,"",     0,"",     0,"",    0.0,"",    0.0,"",    0.0,"",
"Ethnic or cultural origin","  Indo-Guyanese",,     0,"",     0,"",     0,"",    0.0,"",    0.0,"",    0.0,"",
"Ethnic or cultural origin","  Ugandan",,     0,"",     0,"",     0,"",    0.0,"",    0.0,"",    0.0,"",
"Ethnic or cultural origin","  Oromo",,     0,"",     0,"",     0,"",    0.0,"",    0.0,"",    0.0,"",
"Ethnic or cultural origin","  Tanzanian",,     0,"",     0,"",     0,"",    0.0,"",    0.0,"",    0.0,"",
"Ethnic or cultural origin","  Yemeni",,     0,"",     0,"",     0,"",    0.0,"",    0.0,"",    0.0,"",
"Ethnic or cultural origin","  Central African",,     0,"",     0,"",     0,"",    0.0,"",    0.0,"",    0.0,"",
"Ethnic or cultural origin","  Libyan",,     0,"",     0,"",     0,"",    0.0,"",    0.0,"",    0.0,"",
"Ethnic or cultural origin","  Basque",,     0,"",     0,"",     0,"",    0.0,"",    0.0,"",    0.0,"",
"Ethnic or cultural origin","  Uruguayan",,     0,"",     0,"",     0,"",    0.0,"",    0.0,"",    0.0,"",
"Ethnic or cultural origin","  Akan, n.o.s.",159,     0,"",     0,"",     0,"",    0.0,"",    0.0,"",    0.0,"",
"Ethnic or cultural origin","  Central or West African, n.o.s.",160,     0,"",     0,"",     0,"",    0.0,"",    0.0,"",    0.0,"",
"Ethnic or cultural origin","  Igorot",,     0,"",     0,"",     0,"",    0.0,"",    0.0,"",    0.0,"",
"Ethnic or cultural origin","  Fulani",,     0,"",     0,"",     0,"",    0.0,"",    0.0,"",    0.0,"",
"Ethnic or cultural origin","  Woodland Cree",,     0,"",     0,"",     0,"",    0.0,"",    0.0,"",    0.0,"",
"Ethnic or cultural origin","  Guinean",,     0,"",     0,"",     0,"",    0.0,"",    0.0,"",    0.0,"",
"Ethnic or cultural origin","  St. Lucian",,     0,"",     0,"",     0,"",    0.0,"",    0.0,"",    0.0,"",
"Ethnic or cultural origin","  Prince Edward Islander",,     0,"",     0,"",     0,"",    0.0,"",    0.0,"",    0.0,"",
"Ethnic or cultural origin","  Maliseet",,     0,"",     0,"",     0,"",    0.0,"",    0.0,"",    0.0,"",
"Ethnic or cultural origin","  Beninese",,     0,"",     0,"",     0,"",    0.0,"",    0.0,"",    0.0,"",
"Ethnic or cultural origin","  Telugu",,     0,"",     0,"",     0,"",    0.0,"",    0.0,"",    0.0,"",
"Ethnic or cultural origin","  Roma",,     0,"",     0,"",     0,"",    0.0,"",    0.0,"",    0.0,"",
"Ethnic or cultural origin","  Costa Rican",,     0,"",     0,"",     0,"",    0.0,"",    0.0,"",    0.0,"",
"Ethnic or cultural origin","  African Nova Scotian",,     0,"",     0,"",     0,"",    0.0,"",    0.0,"",    0.0,"",
"Ethnic or cultural origin","  Malagasy",,     0,"",     0,"",     0,"",    0.0,"",    0.0,"",    0.0,"",
"Ethnic or cultural origin","  Kashmiri",,     0,"",     0,"",     0,"",    0.0,"",    0.0,"",    0.0,"",
"Ethnic or cultural origin","  Singaporean",,     0,"",     0,"",     0,"",    0.0,"",    0.0,"",    0.0,"",
"Ethnic or cultural origin","  Karen",,     0,"",     0,"",     0,"",    0.0,"",    0.0,"",    0.0,"",
"Ethnic or cultural origin","  Edo",,     0,"",     0,"",     0,"",    0.0,"",    0.0,"",    0.0,"",
"Ethnic or cultural origin","  Tajik",,     0,"",     0,"",     0,"",    0.0,"",    0.0,"",    0.0,"",
"Ethnic or cultural origin","  Amhara",,     0,"",     0,"",     0,"",    0.0,"",    0.0,"",    0.0,"",
"Ethnic or cultural origin","  Paraguayan",,    10,"",     0,"",     0,"",    0.0,"",    0.0,"",    0.0,"",
"Religion","Total - Religion for the population in private households - 25% sample data",161, 20725,"",  9525,"", 11195,"",  100.0,"",  100.0,"",  100.0,"",
"Religion","  Buddhist",,   160,"",    75,"",    85,"",    0.8,"",    0.8,"",    0.8,"",
"Religion","  Christian",,  8875,"",  3720,"",  5155,"",   42.8,"",   39.1,"",   46.0,"",
"Religion","    Christian, n.o.s.",162,  2155,"",   960,"",  1200,"",   10.4,"",   10.1,"",   10.7,"",
"Religion","    Anabaptist",,    60,"",    35,"",    25,"",    0.3,"",    0.4,"",    0.2,"",
"Religion","    Anglican",,   885,"",   390,"",   495,"",    4.3,"",    4.1,"",    4.4,"",
"Religion","    Baptist",,   300,"",   110,"",   185,"",    1.4,"",    1.2,"",    1.7,"",
"Religion","    Catholic",,  2835,"",  1215,"",  1620,"",   13.7,"",   12.8,"",   14.5,"",
"Religion","    Christian Orthodox",,   265,"",   100,"",   165,"",    1.3,"",    1.0,"",    1.5,"",
"Religion","    Jehovah's Witness",,   130,"",    40,"",    85,"",    0.6,"",    0.4,"",    0.8,"",
"Religion","    Latter Day Saints",,     0,"",     0,"",     0,"",    0.0,"",    0.0,"",    0.0,"",
"Religion","    Lutheran",,   340,"",   145,"",   200,"",    1.6,"",    1.5,"",    1.8,"",
"Religion","    Methodist and Wesleyan (Holiness)",,    15,"",     0,"",    10,"",    0.1,"",    0.0,"",    0.1,"",
"Religion","    Pentecostal and other Charismatic",,   125,"",    50,"",    85,"",    0.6,"",    0.5,"",    0.8,"",
"Religion","    Presbyterian",,   155,"",    80,"",    75,"",    0.7,"",    0.8,"",    0.7,"",
"Religion","    Reformed",,     0,"",     0,"",     0,"",    0.0,"",    0.0,"",    0.0,"",
"Religion","    United Church",,  1005,"",   365,"",   640,"",    4.8,"",    3.8,"",    5.7,"",
"Religion","    Other Christian and Christian-related traditions",,   595,"",   230,"",   365,"",    2.9,"",    2.4,"",    3.3,"",
"Religion","  Hindu",,   245,"",   125,"",   125,"",    1.2,"",    1.3,"",    1.1,"",
"Religion","  Jewish",,   115,"",    55,"",    55,"",    0.6,"",    0.6,"",    0.5,"",
"Religion","  Muslim",,   205,"",   110,"",    95,"",    1.0,"",    1.2,"",    0.8,"",
"Religion","  Sikh",,   905,"",   435,"",   465,"",    4.4,"",    4.6,"",    4.2,"",
"Religion","  Traditional (North American Indigenous) spirituality",,     0,"",     0,"",     0,"",    0.0,"",    0.0,"",    0.0,"",
"Religion","  Other religions and spiritual traditions",,   360,"",   165,"",   200,"",    1.7,"",    1.7,"",    1.8,"",
"Religion","  No religion and secular perspectives",,  9855,"",  4840,"",  5015,"",   47.6,"",   50.8,"",   44.8,"",
"Mobility status 1 year ago","Total - Mobility status 1 year ago - 25% sample data",163, 20620,"",  9465,"", 11150,"",  100.0,"",  100.0,"",  100.0,"",
"Mobility status 1 year ago","  Non-movers",, 17385,"",  7930,"",  9455,"",   84.3,"",   83.8,"",   84.8,"",
"Mobility status 1 year ago","  Movers",,  3235,"",  1540,"",  1695,"",   15.7,"",   16.3,"",   15.2,"",
"Mobility status 1 year ago","    Non-migrants",,  1045,"",   500,"",   545,"",    5.1,"",    5.3,"",    4.9,"",
"Mobility status 1 year ago","    Migrants",,  2185,"",  1040,"",  1150,"",   10.6,"",   11.0,"",   10.3,"",
"Mobility status 1 year ago","      Internal migrants",,  1920,"",   915,"",  1005,"",    9.3,"",    9.7,"",    9.0,"",
"Mobility status 1 year ago","        Intraprovincial migrants",,  1635,"",   775,"",   855,"",    7.9,"",    8.2,"",    7.7,"",
"Mobility status 1 year ago","        Interprovincial migrants",,   285,"",   145,"",   145,"",    1.4,"",    1.5,"",    1.3,"",
"Mobility status 1 year ago","      External migrants",,   270,"",   120,"",   145,"",    1.3,"",    1.3,"",    1.3,"",
"Mobility status 5 years ago","Total - Mobility status 5 years ago - 25% sample data",164, 20210,"",  9250,"", 10965,"",  100.0,"",  100.0,"",  100.0,"",
"Mobility status 5 years ago","  Non-movers",, 10295,"",  4615,"",  5675,"",   50.9,"",   49.9,"",   51.8,"",
"Mobility status 5 years ago","  Movers",,  9920,"",  4630,"",  5290,"",   49.1,"",   50.1,"",   48.2,"",
"Mobility status 5 years ago","    Non-migrants",,  1705,"",   765,"",   940,"",    8.4,"",    8.3,"",    8.6,"",
"Mobility status 5 years ago","    Migrants",,  8215,"",  3865,"",  4350,"",   40.6,"",   41.8,"",   39.7,"",
"Mobility status 5 years ago","      Internal migrants",,  7335,"",  3445,"",  3890,"",   36.3,"",   37.2,"",   35.5,"",
"Mobility status 5 years ago","        Intraprovincial migrants",,  6545,"",  3110,"",  3440,"",   32.4,"",   33.6,"",   31.4,"",
"Mobility status 5 years ago","        Interprovincial migrants",,   785,"",   340,"",   450,"",    3.9,"",    3.7,"",    4.1,"",
"Mobility status 5 years ago","      External migrants",,   880,"",   420,"",   460,"",    4.4,"",    4.5,"",    4.2,"",
"Secondary (high) school diploma or equivalency certificate","Total - Secondary (high) school diploma or equivalency certificate for the population aged 15 years and over in private households - 25% sample data",165, 18745,"",  8500,"", 10250,"",  100.0,"",  100.0,"",  100.0,"",
"Secondary (high) school diploma or equivalency certificate","  No high school diploma or equivalency certificate",,  2300,"",  1145,"",  1160,"",   12.3,"",   13.5,"",   11.3,"",
"Secondary (high) school diploma or equivalency certificate","  With high school diploma or equivalency certificate",166, 16450,"",  7360,"",  9090,"",   87.8,"",   86.6,"",   88.7,"",
"Secondary (high) school diploma or equivalency certificate","Total - Secondary (high) school diploma or equivalency certificate for the population aged 25 to 64 years in private households - 25% sample data",165, 10075,"",  4690,"",  5385,"",  100.0,"",  100.0,"",  100.0,"",
"Secondary (high) school diploma or equivalency certificate","  No high school diploma or equivalency certificate",,   705,"",   425,"",   280,"",    7.0,"",    9.1,"",    5.2,"",
"Secondary (high) school diploma or equivalency certificate","  With high school diploma or equivalency certificate",166,  9365,"",  4265,"",  5105,"",   93.0,"",   90.9,"",   94.8,"",
"Highest certificate, diploma or degree","Total - Highest certificate, diploma or degree for the population aged 15 years and over in private households - 25% sample data",165, 18750,"",  8500,"", 10250,"",  100.0,"",  100.0,"",  100.0,"",
"Highest certificate, diploma or degree","  No certificate, diploma or degree",,  1825,"",   855,"",   970,"",    9.7,"",   10.1,"",    9.5,"",
"Highest certificate, diploma or degree","  High (secondary) school diploma or equivalency certificate",167,  5675,"",  2525,"",  3150,"",   30.3,"",   29.7,"",   30.7,"",
"Highest certificate, diploma or degree","  Postsecondary certificate, diploma or degree",, 11250,"",  5120,"",  6130,"",   60.0,"",   60.2,"",   59.8,"",
"Highest certificate, diploma or degree","    Postsecondary certificate or diploma below bachelor level",,  5705,"",  2655,"",  3045,"",   30.4,"",   31.2,"",   29.7,"",
"Highest certificate, diploma or degree","      Apprenticeship or trades certificate or diploma",,  1490,"",  1000,"",   495,"",    7.9,"",   11.8,"",    4.8,"",
"Highest certificate, diploma or degree","        Non-apprenticeship trades certificate or diploma",168,   705,"",   335,"",   365,"",    3.8,"",    3.9,"",    3.6,"",
"Highest certificate, diploma or degree","        Apprenticeship certificate",169,   785,"",   660,"",   130,"",    4.2,"",    7.8,"",    1.3,"",
"Highest certificate, diploma or degree","      College, CEGEP or other non-university certificate or diploma",170,  3450,"",  1360,"",  2085,"",   18.4,"",   16.0,"",   20.3,"",
"Highest certificate, diploma or degree","      University certificate or diploma below bachelor level",,   770,"",   305,"",   465,"",    4.1,"",    3.6,"",    4.5,"",
"Highest certificate, diploma or degree","    Bachelor's degree or higher",,  5540,"",  2455,"",  3085,"",   29.5,"",   28.9,"",   30.1,"",
"Highest certificate, diploma or degree","      Bachelor's degree",,  3340,"",  1545,"",  1795,"",   17.8,"",   18.2,"",   17.5,"",
"Highest certificate, diploma or degree","      University certificate or diploma above bachelor level",,   520,"",   180,"",   345,"",    2.8,"",    2.1,"",    3.4,"",
"Highest certificate, diploma or degree","      Degree in medicine, dentistry, veterinary medicine or optometry",,   190,"",   105,"",    85,"",    1.0,"",    1.2,"",    0.8,"",
"Highest certificate, diploma or degree","      Master's degree",,  1285,"",   510,"",   770,"",    6.9,"",    6.0,"",    7.5,"",
"Highest certificate, diploma or degree","      Earned doctorate",171,   210,"",   110,"",   100,"",    1.1,"",    1.3,"",    1.0,"",
"Highest certificate, diploma or degree","Total - Highest certificate, diploma or degree for the population aged 25 to 64 years in private households - 25% sample data",165, 10075,"",  4690,"",  5385,"",  100.0,"",  100.0,"",  100.0,"",
"Highest certificate, diploma or degree","  No certificate, diploma or degree",,   510,"",   300,"",   205,"",    5.1,"",    6.4,"",    3.8,"",
"Highest certificate, diploma or degree","  High (secondary) school diploma or equivalency certificate",167,  2720,"",  1320,"",  1400,"",   27.0,"",   28.1,"",   26.0,"",
"Highest certificate, diploma or degree","  Postsecondary certificate, diploma or degree",,  6845,"",  3065,"",  3780,"",   67.9,"",   65.4,"",   70.2,"",
"Highest certificate, diploma or degree","    Postsecondary certificate or diploma below bachelor level",,  3365,"",  1625,"",  1745,"",   33.4,"",   34.6,"",   32.4,"",
"Highest certificate, diploma or degree","      Apprenticeship or trades certificate or diploma",,   835,"",   560,"",   275,"",    8.3,"",   11.9,"",    5.1,"",
"Highest certificate, diploma or degree","        Non-apprenticeship trades certificate or diploma",168,   425,"",   215,"",   205,"",    4.2,"",    4.6,"",    3.8,"",
"Highest certificate, diploma or degree","        Apprenticeship certificate",169,   410,"",   340,"",    70,"",    4.1,"",    7.2,"",    1.3,"",
"Highest certificate, diploma or degree","      College, CEGEP or other non-university certificate or diploma",170,  2050,"",   865,"",  1185,"",   20.3,"",   18.4,"",   22.0,"",
"Highest certificate, diploma or degree","      University certificate or diploma below bachelor level",,   485,"",   205,"",   280,"",    4.8,"",    4.4,"",    5.2,"",
"Highest certificate, diploma or degree","    Bachelor's degree or higher",,  3480,"",  1445,"",  2035,"",   34.5,"",   30.8,"",   37.8,"",
"Highest certificate, diploma or degree","      Bachelor's degree",,  2150,"",   945,"",  1210,"",   21.3,"",   20.1,"",   22.5,"",
"Highest certificate, diploma or degree","      University certificate or diploma above bachelor level",,   290,"",    75,"",   220,"",    2.9,"",    1.6,"",    4.1,"",
"Highest certificate, diploma or degree","      Degree in medicine, dentistry, veterinary medicine or optometry",,   115,"",    55,"",    60,"",    1.1,"",    1.2,"",    1.1,"",
"Highest certificate, diploma or degree","      Master's degree",,   800,"",   300,"",   500,"",    7.9,"",    6.4,"",    9.3,"",
"Highest certificate, diploma or degree","      Earned doctorate",171,   120,"",    70,"",    50,"",    1.2,"",    1.5,"",    0.9,"",
"Major field of study - Classification of Instructional Programs (CIP) 2021","Total - Major field of study - Classification of Instructional Programs (CIP) 2021 for the population aged 15 years and over in private households - 25% sample data",172, 18750,"",  8500,"", 10250,"",  100.0,"",  100.0,"",  100.0,"",
"Major field of study - Classification of Instructional Programs (CIP) 2021","  No postsecondary certificate, diploma or degree",173,  7500,"",  3385,"",  4120,"",   40.0,"",   39.8,"",   40.2,"",
"Major field of study - Classification of Instructional Programs (CIP) 2021","  Education",,  1085,"",   215,"",   870,"",    5.8,"",    2.5,"",    8.5,"",
"Major field of study - Classification of Instructional Programs (CIP) 2021","    13. Education",,  1085,"",   215,"",   870,"",    5.8,"",    2.5,"",    8.5,"",
"Major field of study - Classification of Instructional Programs (CIP) 2021","  Visual and performing arts, and communications technologies",,   500,"",   210,"",   285,"",    2.7,"",    2.5,"",    2.8,"",
"Major field of study - Classification of Instructional Programs (CIP) 2021","    10. Communications technologies/technicians and support services",,    70,"",    60,"",    15,"",    0.4,"",    0.7,"",    0.1,"",
"Major field of study - Classification of Instructional Programs (CIP) 2021","    50. Visual and performing arts",,   430,"",   155,"",   275,"",    2.3,"",    1.8,"",    2.7,"",
"Major field of study - Classification of Instructional Programs (CIP) 2021","  Humanities",,   725,"",   290,"",   430,"",    3.9,"",    3.4,"",    4.2,"",
"Major field of study - Classification of Instructional Programs (CIP) 2021","    16. Indigenous and foreign languages, literatures, and linguistics",,    90,"",    15,"",    70,"",    0.5,"",    0.2,"",    0.7,"",
"Major field of study - Classification of Instructional Programs (CIP) 2021","    23. English language and literature/letters",,   210,"",    70,"",   140,"",    1.1,"",    0.8,"",    1.4,"",
"Major field of study - Classification of Instructional Programs (CIP) 2021","    24. Liberal arts and sciences, general studies and humanities",,   235,"",   100,"",   135,"",    1.3,"",    1.2,"",    1.3,"",
"Major field of study - Classification of Instructional Programs (CIP) 2021","    30A Interdisciplinary humanities",174,    20,"",    10,"",     0,"",    0.1,"",    0.1,"",    0.0,"",
"Major field of study - Classification of Instructional Programs (CIP) 2021","    38. Philosophy and religious studies",,    45,"",    20,"",    30,"",    0.2,"",    0.2,"",    0.3,"",
"Major field of study - Classification of Instructional Programs (CIP) 2021","    39. Theology and religious vocations",,    35,"",    20,"",    15,"",    0.2,"",    0.2,"",    0.1,"",
"Major field of study - Classification of Instructional Programs (CIP) 2021","    54. History",,    60,"",    50,"",    15,"",    0.3,"",    0.6,"",    0.1,"",
"Major field of study - Classification of Instructional Programs (CIP) 2021","    55. French language and literature/lettersCAN",,    20,"",     0,"",    20,"",    0.1,"",    0.0,"",    0.2,"",
"Major field of study - Classification of Instructional Programs (CIP) 2021","  Social and behavioural sciences and law",,  1350,"",   485,"",   865,"",    7.2,"",    5.7,"",    8.4,"",
"Major field of study - Classification of Instructional Programs (CIP) 2021","    05. Area, ethnic, cultural, gender, and group studies",,    15,"",     0,"",    10,"",    0.1,"",    0.0,"",    0.1,"",
"Major field of study - Classification of Instructional Programs (CIP) 2021","    09. Communication, journalism and related programs",,   135,"",    40,"",   105,"",    0.7,"",    0.5,"",    1.0,"",
"Major field of study - Classification of Instructional Programs (CIP) 2021","    19. Family and consumer sciences/human sciences",,   110,"",     0,"",   110,"",    0.6,"",    0.0,"",    1.1,"",
"Major field of study - Classification of Instructional Programs (CIP) 2021","    22. Legal professions and studies",,   220,"",    95,"",   125,"",    1.2,"",    1.1,"",    1.2,"",
"Major field of study - Classification of Instructional Programs (CIP) 2021","    30B Interdisciplinary social and behavioural sciences",175,    20,"",     0,"",    20,"",    0.1,"",    0.0,"",    0.2,"",
"Major field of study - Classification of Instructional Programs (CIP) 2021","    42. Psychology",,   330,"",    85,"",   240,"",    1.8,"",    1.0,"",    2.3,"",
"Major field of study - Classification of Instructional Programs (CIP) 2021","    45. Social sciences",,   515,"",   255,"",   260,"",    2.7,"",    3.0,"",    2.5,"",
"Major field of study - Classification of Instructional Programs (CIP) 2021","  Business, management and public administration",,  2415,"",  1035,"",  1380,"",   12.9,"",   12.2,"",   13.5,"",
"Major field of study - Classification of Instructional Programs (CIP) 2021","    30.16 Accounting and computer science",,    10,"",     0,"",     0,"",    0.1,"",    0.0,"",    0.0,"",
"Major field of study - Classification of Instructional Programs (CIP) 2021","    44. Public administration and social service professions",,    95,"",    10,"",    90,"",    0.5,"",    0.1,"",    0.9,"",
"Major field of study - Classification of Instructional Programs (CIP) 2021","    52. Business, management, marketing and related support services",,  2310,"",  1020,"",  1290,"",   12.3,"",   12.0,"",   12.6,"",
"Major field of study - Classification of Instructional Programs (CIP) 2021","  Physical and life sciences and technologies",,   415,"",   220,"",   195,"",    2.2,"",    2.6,"",    1.9,"",
"Major field of study - Classification of Instructional Programs (CIP) 2021","    26. Biological and biomedical sciences",,   165,"",    70,"",    95,"",    0.9,"",    0.8,"",    0.9,"",
"Major field of study - Classification of Instructional Programs (CIP) 2021","    30.01 Biological and physical sciences",,   100,"",    35,"",    60,"",    0.5,"",    0.4,"",    0.6,"",
"Major field of study - Classification of Instructional Programs (CIP) 2021","    30C Other interdisciplinary physical and life sciences",176,     0,"",     0,"",     0,"",    0.0,"",    0.0,"",    0.0,"",
"Major field of study - Classification of Instructional Programs (CIP) 2021","    40. Physical sciences",,   125,"",   105,"",    20,"",    0.7,"",    1.2,"",    0.2,"",
"Major field of study - Classification of Instructional Programs (CIP) 2021","    41. Science technologies/technicians",,    20,"",     0,"",    20,"",    0.1,"",    0.0,"",    0.2,"",
"Major field of study - Classification of Instructional Programs (CIP) 2021","  Mathematics, computer and information sciences",,   405,"",   235,"",   175,"",    2.2,"",    2.8,"",    1.7,"",
"Major field of study - Classification of Instructional Programs (CIP) 2021","    11. Computer and information sciences and support services",,   290,"",   185,"",   105,"",    1.5,"",    2.2,"",    1.0,"",
"Major field of study - Classification of Instructional Programs (CIP) 2021","    25. Library science",,    40,"",     0,"",    40,"",    0.2,"",    0.0,"",    0.4,"",
"Major field of study - Classification of Instructional Programs (CIP) 2021","    27. Mathematics and statistics",,    70,"",    50,"",    20,"",    0.4,"",    0.6,"",    0.2,"",
"Major field of study - Classification of Instructional Programs (CIP) 2021","    30D Interdisciplinary mathematics, computer and information sciences",177,     0,"",     0,"",     0,"",    0.0,"",    0.0,"",    0.0,"",
"Major field of study - Classification of Instructional Programs (CIP) 2021","  Architecture, engineering, and related trades",,  1730,"",  1580,"",   150,"",    9.2,"",   18.6,"",    1.5,"",
"Major field of study - Classification of Instructional Programs (CIP) 2021","    04. Architecture and related services",,    60,"",    35,"",    25,"",    0.3,"",    0.4,"",    0.2,"",
"Major field of study - Classification of Instructional Programs (CIP) 2021","    14. Engineering",,   380,"",   325,"",    55,"",    2.0,"",    3.8,"",    0.5,"",
"Major field of study - Classification of Instructional Programs (CIP) 2021","    15. Engineering/engineering-related technologies/technicians",,   395,"",   350,"",    45,"",    2.1,"",    4.1,"",    0.4,"",
"Major field of study - Classification of Instructional Programs (CIP) 2021","    30.12 Historic preservation and conservation",,     0,"",     0,"",     0,"",    0.0,"",    0.0,"",    0.0,"",
"Major field of study - Classification of Instructional Programs (CIP) 2021","    46. Construction trades",,   475,"",   470,"",     0,"",    2.5,"",    5.5,"",    0.0,"",
"Major field of study - Classification of Instructional Programs (CIP) 2021","    47. Mechanic and repair technologies/technicians",,   240,"",   235,"",     0,"",    1.3,"",    2.8,"",    0.0,"",
"Major field of study - Classification of Instructional Programs (CIP) 2021","    48. Precision production",,   185,"",   170,"",    15,"",    1.0,"",    2.0,"",    0.1,"",
"Major field of study - Classification of Instructional Programs (CIP) 2021","  Agriculture, natural resources and conservation",,   175,"",   105,"",    70,"",    0.9,"",    1.2,"",    0.7,"",
"Major field of study - Classification of Instructional Programs (CIP) 2021","    01. Agricultural and veterinary sciences/services/operations and related fields",178,   130,"",    80,"",    50,"",    0.7,"",    0.9,"",    0.5,"",
"Major field of study - Classification of Instructional Programs (CIP) 2021","    03. Natural resources and conservation",,    45,"",    25,"",    20,"",    0.2,"",    0.3,"",    0.2,"",
"Major field of study - Classification of Instructional Programs (CIP) 2021","  Health and related fields",,  1785,"",   380,"",  1405,"",    9.5,"",    4.5,"",   13.7,"",
"Major field of study - Classification of Instructional Programs (CIP) 2021","    30.37 Design for human health",,     0,"",     0,"",     0,"",    0.0,"",    0.0,"",    0.0,"",
"Major field of study - Classification of Instructional Programs (CIP) 2021","    31. Parks, recreation, leisure, fitness, and kinesiology",,   130,"",    80,"",    55,"",    0.7,"",    0.9,"",    0.5,"",
"Major field of study - Classification of Instructional Programs (CIP) 2021","    51. Health professions and related programs",178,  1580,"",   255,"",  1325,"",    8.4,"",    3.0,"",   12.9,"",
"Major field of study - Classification of Instructional Programs (CIP) 2021","    60. Health professions residency/fellowship programs",,     0,"",     0,"",     0,"",    0.0,"",    0.0,"",    0.0,"",
"Major field of study - Classification of Instructional Programs (CIP) 2021","    61. Medical residency/fellowship programs",,    70,"",    45,"",    25,"",    0.4,"",    0.5,"",    0.2,"",
"Major field of study - Classification of Instructional Programs (CIP) 2021","  Personal, protective and transportation services",,   665,"",   360,"",   305,"",    3.5,"",    4.2,"",    3.0,"",
"Major field of study - Classification of Instructional Programs (CIP) 2021","    12. Culinary, entertainment, and personal services",,   340,"",    75,"",   265,"",    1.8,"",    0.9,"",    2.6,"",
"Major field of study - Classification of Instructional Programs (CIP) 2021","    28. Military science, leadership and operational art",,     0,"",     0,"",     0,"",    0.0,"",    0.0,"",    0.0,"",
"Major field of study - Classification of Instructional Programs (CIP) 2021","    29. Military technologies and applied sciences",,     0,"",     0,"",     0,"",    0.0,"",    0.0,"",    0.0,"",
"Major field of study - Classification of Instructional Programs (CIP) 2021","    43. Security and protective services",,   115,"",    85,"",    40,"",    0.6,"",    1.0,"",    0.4,"",
"Major field of study - Classification of Instructional Programs (CIP) 2021","    49. Transportation and materials moving",,   195,"",   195,"",     0,"",    1.0,"",    2.3,"",    0.0,"",
"Major field of study - Classification of Instructional Programs (CIP) 2021","  Other",179,     0,"",     0,"",     0,"",    0.0,"",    0.0,"",    0.0,"",
"Major field of study - Classification of Instructional Programs (CIP) 2021","Total - Major field of study - Classification of Instructional Programs (CIP) 2021 for the population aged 25 to 64 years in private households - 25% sample data",172, 10075,"",  4685,"",  5385,"",  100.0,"",  100.0,"",  100.0,"",
"Major field of study - Classification of Instructional Programs (CIP) 2021","  No postsecondary certificate, diploma or degree",173,  3230,"",  1620,"",  1605,"",   32.1,"",   34.6,"",   29.8,"",
"Major field of study - Classification of Instructional Programs (CIP) 2021","  Education",,   480,"",    95,"",   390,"",    4.8,"",    2.0,"",    7.2,"",
"Major field of study - Classification of Instructional Programs (CIP) 2021","    13. Education",,   480,"",    95,"",   390,"",    4.8,"",    2.0,"",    7.2,"",
"Major field of study - Classification of Instructional Programs (CIP) 2021","  Visual and performing arts, and communications technologies",,   370,"",   155,"",   215,"",    3.7,"",    3.3,"",    4.0,"",
"Major field of study - Classification of Instructional Programs (CIP) 2021","    10. Communications technologies/technicians and support services",,    35,"",    25,"",    15,"",    0.3,"",    0.5,"",    0.3,"",
"Major field of study - Classification of Instructional Programs (CIP) 2021","    50. Visual and performing arts",,   330,"",   130,"",   200,"",    3.3,"",    2.8,"",    3.7,"",
"Major field of study - Classification of Instructional Programs (CIP) 2021","  Humanities",,   395,"",   150,"",   245,"",    3.9,"",    3.2,"",    4.5,"",
"Major field of study - Classification of Instructional Programs (CIP) 2021","    16. Indigenous and foreign languages, literatures, and linguistics",,    60,"",    15,"",    35,"",    0.6,"",    0.3,"",    0.6,"",
"Major field of study - Classification of Instructional Programs (CIP) 2021","    23. English language and literature/letters",,   135,"",    50,"",    90,"",    1.3,"",    1.1,"",    1.7,"",
"Major field of study - Classification of Instructional Programs (CIP) 2021","    24. Liberal arts and sciences, general studies and humanities",,   125,"",    45,"",    80,"",    1.2,"",    1.0,"",    1.5,"",
"Major field of study - Classification of Instructional Programs (CIP) 2021","    30A Interdisciplinary humanities",174,    10,"",     0,"",     0,"",    0.1,"",    0.0,"",    0.0,"",
"Major field of study - Classification of Instructional Programs (CIP) 2021","    38. Philosophy and religious studies",,    10,"",     0,"",    10,"",    0.1,"",    0.0,"",    0.2,"",
"Major field of study - Classification of Instructional Programs (CIP) 2021","    39. Theology and religious vocations",,    10,"",    10,"",     0,"",    0.1,"",    0.2,"",    0.0,"",
"Major field of study - Classification of Instructional Programs (CIP) 2021","    54. History",,    30,"",    25,"",     0,"",    0.3,"",    0.5,"",    0.0,"",
"Major field of study - Classification of Instructional Programs (CIP) 2021","    55. French language and literature/lettersCAN",,    15,"",     0,"",    15,"",    0.1,"",    0.0,"",    0.3,"",
"Major field of study - Classification of Instructional Programs (CIP) 2021","  Social and behavioural sciences and law",,   905,"",   310,"",   595,"",    9.0,"",    6.6,"",   11.0,"",
"Major field of study - Classification of Instructional Programs (CIP) 2021","    05. Area, ethnic, cultural, gender, and group studies",,    15,"",     0,"",    10,"",    0.1,"",    0.0,"",    0.2,"",
"Major field of study - Classification of Instructional Programs (CIP) 2021","    09. Communication, journalism and related programs",,   100,"",    25,"",    80,"",    1.0,"",    0.5,"",    1.5,"",
"Major field of study - Classification of Instructional Programs (CIP) 2021","    19. Family and consumer sciences/human sciences",,    55,"",     0,"",    55,"",    0.5,"",    0.0,"",    1.0,"",
"Major field of study - Classification of Instructional Programs (CIP) 2021","    22. Legal professions and studies",,   130,"",    45,"",    85,"",    1.3,"",    1.0,"",    1.6,"",
"Major field of study - Classification of Instructional Programs (CIP) 2021","    30B Interdisciplinary social and behavioural sciences",175,    20,"",     0,"",    15,"",    0.2,"",    0.0,"",    0.3,"",
"Major field of study - Classification of Instructional Programs (CIP) 2021","    42. Psychology",,   245,"",    60,"",   185,"",    2.4,"",    1.3,"",    3.4,"",
"Major field of study - Classification of Instructional Programs (CIP) 2021","    45. Social sciences",,   345,"",   170,"",   170,"",    3.4,"",    3.6,"",    3.2,"",
"Major field of study - Classification of Instructional Programs (CIP) 2021","  Business, management and public administration",,  1530,"",   630,"",   900,"",   15.2,"",   13.4,"",   16.7,"",
"Major field of study - Classification of Instructional Programs (CIP) 2021","    30.16 Accounting and computer science",,    10,"",     0,"",     0,"",    0.1,"",    0.0,"",    0.0,"",
"Major field of study - Classification of Instructional Programs (CIP) 2021","    44. Public administration and social service professions",,    45,"",     0,"",    40,"",    0.4,"",    0.0,"",    0.7,"",
"Major field of study - Classification of Instructional Programs (CIP) 2021","    52. Business, management, marketing and related support services",,  1480,"",   625,"",   855,"",   14.7,"",   13.3,"",   15.9,"",
"Major field of study - Classification of Instructional Programs (CIP) 2021","  Physical and life sciences and technologies",,   235,"",    95,"",   140,"",    2.3,"",    2.0,"",    2.6,"",
"Major field of study - Classification of Instructional Programs (CIP) 2021","    26. Biological and biomedical sciences",,   125,"",    45,"",    80,"",    1.2,"",    1.0,"",    1.5,"",
"Major field of study - Classification of Instructional Programs (CIP) 2021","    30.01 Biological and physical sciences",,    55,"",    10,"",    40,"",    0.5,"",    0.2,"",    0.7,"",
"Major field of study - Classification of Instructional Programs (CIP) 2021","    30C Other interdisciplinary physical and life sciences",176,     0,"",     0,"",     0,"",    0.0,"",    0.0,"",    0.0,"",
"Major field of study - Classification of Instructional Programs (CIP) 2021","    40. Physical sciences",,    50,"",    35,"",    15,"",    0.5,"",    0.7,"",    0.3,"",
"Major field of study - Classification of Instructional Programs (CIP) 2021","    41. Science technologies/technicians",,     0,"",     0,"",     0,"",    0.0,"",    0.0,"",    0.0,"",
"Major field of study - Classification of Instructional Programs (CIP) 2021","  Mathematics, computer and information sciences",,   295,"",   180,"",   115,"",    2.9,"",    3.8,"",    2.1,"",
"Major field of study - Classification of Instructional Programs (CIP) 2021","    11. Computer and information sciences and support services",,   240,"",   150,"",    85,"",    2.4,"",    3.2,"",    1.6,"",
"Major field of study - Classification of Instructional Programs (CIP) 2021","    25. Library science",,    15,"",     0,"",    15,"",    0.1,"",    0.0,"",    0.3,"",
"Major field of study - Classification of Instructional Programs (CIP) 2021","    27. Mathematics and statistics",,    40,"",    30,"",    15,"",    0.4,"",    0.6,"",    0.3,"",
"Major field of study - Classification of Instructional Programs (CIP) 2021","    30D Interdisciplinary mathematics, computer and information sciences",177,     0,"",     0,"",     0,"",    0.0,"",    0.0,"",    0.0,"",
"Major field of study - Classification of Instructional Programs (CIP) 2021","  Architecture, engineering, and related trades",,  1030,"",   915,"",   115,"",   10.2,"",   19.5,"",    2.1,"",
"Major field of study - Classification of Instructional Programs (CIP) 2021","    04. Architecture and related services",,    30,"",    10,"",    25,"",    0.3,"",    0.2,"",    0.5,"",
"Major field of study - Classification of Instructional Programs (CIP) 2021","    14. Engineering",,   240,"",   190,"",    45,"",    2.4,"",    4.1,"",    0.8,"",
"Major field of study - Classification of Instructional Programs (CIP) 2021","    15. Engineering/engineering-related technologies/technicians",,   220,"",   195,"",    30,"",    2.2,"",    4.2,"",    0.6,"",
"Major field of study - Classification of Instructional Programs (CIP) 2021","    30.12 Historic preservation and conservation",,     0,"",     0,"",     0,"",    0.0,"",    0.0,"",    0.0,"",
"Major field of study - Classification of Instructional Programs (CIP) 2021","    46. Construction trades",,   330,"",   325,"",     0,"",    3.3,"",    6.9,"",    0.0,"",
"Major field of study - Classification of Instructional Programs (CIP) 2021","    47. Mechanic and repair technologies/technicians",,   115,"",   110,"",     0,"",    1.1,"",    2.3,"",    0.0,"",
"Major field of study - Classification of Instructional Programs (CIP) 2021","    48. Precision production",,    90,"",    85,"",    10,"",    0.9,"",    1.8,"",    0.2,"",
"Major field of study - Classification of Instructional Programs (CIP) 2021","  Agriculture, natural resources and conservation",,   120,"",    80,"",    40,"",    1.2,"",    1.7,"",    0.7,"",
"Major field of study - Classification of Instructional Programs (CIP) 2021","    01. Agricultural and veterinary sciences/services/operations and related fields",178,    85,"",    55,"",    30,"",    0.8,"",    1.2,"",    0.6,"",
"Major field of study - Classification of Instructional Programs (CIP) 2021","    03. Natural resources and conservation",,    40,"",    25,"",    15,"",    0.4,"",    0.5,"",    0.3,"",
"Major field of study - Classification of Instructional Programs (CIP) 2021","  Health and related fields",,  1080,"",   250,"",   830,"",   10.7,"",    5.3,"",   15.4,"",
"Major field of study - Classification of Instructional Programs (CIP) 2021","    30.37 Design for human health",,     0,"",     0,"",     0,"",    0.0,"",    0.0,"",    0.0,"",
"Major field of study - Classification of Instructional Programs (CIP) 2021","    31. Parks, recreation, leisure, fitness, and kinesiology",,   105,"",    55,"",    50,"",    1.0,"",    1.2,"",    0.9,"",
"Major field of study - Classification of Instructional Programs (CIP) 2021","    51. Health professions and related programs",178,   935,"",   165,"",   760,"",    9.3,"",    3.5,"",   14.1,"",
"Major field of study - Classification of Instructional Programs (CIP) 2021","    60. Health professions residency/fellowship programs",,     0,"",     0,"",     0,"",    0.0,"",    0.0,"",    0.0,"",
"Major field of study - Classification of Instructional Programs (CIP) 2021","    61. Medical residency/fellowship programs",,    40,"",    25,"",    20,"",    0.4,"",    0.5,"",    0.4,"",
"Major field of study - Classification of Instructional Programs (CIP) 2021","  Personal, protective and transportation services",,   400,"",   205,"",   190,"",    4.0,"",    4.4,"",    3.5,"",
"Major field of study - Classification of Instructional Programs (CIP) 2021","    12. Culinary, entertainment, and personal services",,   195,"",    35,"",   155,"",    1.9,"",    0.7,"",    2.9,"",
"Major field of study - Classification of Instructional Programs (CIP) 2021","    28. Military science, leadership and operational art",,     0,"",     0,"",     0,"",    0.0,"",    0.0,"",    0.0,"",
"Major field of study - Classification of Instructional Programs (CIP) 2021","    29. Military technologies and applied sciences",,     0,"",     0,"",     0,"",    0.0,"",    0.0,"",    0.0,"",
"Major field of study - Classification of Instructional Programs (CIP) 2021","    43. Security and protective services",,   100,"",    65,"",    35,"",    1.0,"",    1.4,"",    0.6,"",
"Major field of study - Classification of Instructional Programs (CIP) 2021","    49. Transportation and materials moving",,   105,"",   105,"",     0,"",    1.0,"",    2.2,"",    0.0,"",
"Major field of study - Classification of Instructional Programs (CIP) 2021","  Other",179,     0,"",     0,"",     0,"",    0.0,"",    0.0,"",    0.0,"",
"Location of study compared with province or territory of residence","Total - Location of study compared with province or territory of residence for the population aged 25 to 64 years in private households - 25% sample data",180, 10075,"",  4685,"",  5385,"",  100.0,"",  100.0,"",  100.0,"",
"Location of study compared with province or territory of residence","  No postsecondary certificate, diploma or degree",,  3230,"",  1620,"",  1605,"",   32.1,"",   34.6,"",   29.8,"",
"Location of study compared with province or territory of residence","  Postsecondary certificate, diploma or degree",181,  6845,"",  3065,"",  3775,"",   67.9,"",   65.4,"",   70.1,"",
"Location of study compared with province or territory of residence","    Location of study inside Canada",,  5115,"",  2320,"",  2790,"",   50.8,"",   49.5,"",   51.8,"",
"Location of study compared with province or territory of residence","      Same as province or territory of residence",,  3975,"",  1755,"",  2220,"",   39.5,"",   37.5,"",   41.2,"",
"Location of study compared with province or territory of residence","      Different than province or territory of residence",,  1140,"",   565,"",   575,"",   11.3,"",   12.1,"",   10.7,"",
"Location of study compared with province or territory of residence","    Location of study outside Canada",182,  1730,"",   745,"",   985,"",   17.2,"",   15.9,"",   18.3,"",
"Location of study compared with province or territory of residence","      Americas",,   480,"",   195,"",   285,"",    4.8,"",    4.2,"",    5.3,"",
"Location of study compared with province or territory of residence","        United States of America",,   350,"",   150,"",   200,"",    3.5,"",    3.2,"",    3.7,"",
"Location of study compared with province or territory of residence","        Mexico",,    45,"",    20,"",    25,"",    0.4,"",    0.4,"",    0.5,"",
"Location of study compared with province or territory of residence","        Cuba",,     0,"",     0,"",     0,"",    0.0,"",    0.0,"",    0.0,"",
"Location of study compared with province or territory of residence","        Haiti",,     0,"",     0,"",     0,"",    0.0,"",    0.0,"",    0.0,"",
"Location of study compared with province or territory of residence","        Jamaica",,     0,"",     0,"",     0,"",    0.0,"",    0.0,"",    0.0,"",
"Location of study compared with province or territory of residence","        Brazil",,    45,"",    20,"",    30,"",    0.4,"",    0.4,"",    0.6,"",
"Location of study compared with province or territory of residence","        Colombia",,     0,"",     0,"",     0,"",    0.0,"",    0.0,"",    0.0,"",
"Location of study compared with province or territory of residence","        Peru",,     0,"",     0,"",     0,"",    0.0,"",    0.0,"",    0.0,"",
"Location of study compared with province or territory of residence","        Venezuela",95,     0,"",     0,"",     0,"",    0.0,"",    0.0,"",    0.0,"",
"Location of study compared with province or territory of residence","        Other locations of study in Americas",,    25,"",    10,"",    20,"",    0.2,"",    0.2,"",    0.4,"",
"Location of study compared with province or territory of residence","      Europe",,   360,"",   170,"",   190,"",    3.6,"",    3.6,"",    3.5,"",
"Location of study compared with province or territory of residence","        Belgium",,     0,"",     0,"",     0,"",    0.0,"",    0.0,"",    0.0,"",
"Location of study compared with province or territory of residence","        France",,    20,"",    15,"",     0,"",    0.2,"",    0.3,"",    0.0,"",
"Location of study compared with province or territory of residence","        Germany",,    30,"",    15,"",    15,"",    0.3,"",    0.3,"",    0.3,"",
"Location of study compared with province or territory of residence","        Netherlands",,    10,"",     0,"",     0,"",    0.1,"",    0.0,"",    0.0,"",
"Location of study compared with province or territory of residence","        Switzerland",,    10,"",     0,"",    10,"",    0.1,"",    0.0,"",    0.2,"",
"Location of study compared with province or territory of residence","        Hungary",,     0,"",     0,"",     0,"",    0.0,"",    0.0,"",    0.0,"",
"Location of study compared with province or territory of residence","        Moldova",183,     0,"",     0,"",     0,"",    0.0,"",    0.0,"",    0.0,"",
"Location of study compared with province or territory of residence","        Poland",,    15,"",    10,"",     0,"",    0.1,"",    0.2,"",    0.0,"",
"Location of study compared with province or territory of residence","        Romania",,    20,"",    10,"",    10,"",    0.2,"",    0.2,"",    0.2,"",
"Location of study compared with province or territory of residence","        Russian Federation",,    30,"",    10,"",    20,"",    0.3,"",    0.2,"",    0.4,"",
"Location of study compared with province or territory of residence","        Ukraine",,    20,"",     0,"",    15,"",    0.2,"",    0.0,"",    0.3,"",
"Location of study compared with province or territory of residence","        Ireland",96,    20,"",     0,"",    10,"",    0.2,"",    0.0,"",    0.2,"",
"Location of study compared with province or territory of residence","        United Kingdom",87,   130,"",    70,"",    70,"",    1.3,"",    1.5,"",    1.3,"",
"Location of study compared with province or territory of residence","        Bosnia and Herzegovina",,    10,"",    10,"",     0,"",    0.1,"",    0.2,"",    0.0,"",
"Location of study compared with province or territory of residence","        Italy",,     0,"",     0,"",     0,"",    0.0,"",    0.0,"",    0.0,"",
"Location of study compared with province or territory of residence","        Serbia",86,    10,"",     0,"",     0,"",    0.1,"",    0.0,"",    0.0,"",
"Location of study compared with province or territory of residence","        Other locations of study in Europe",,    35,"",    25,"",    10,"",    0.3,"",    0.5,"",    0.2,"",
"Location of study compared with province or territory of residence","      Africa",,    45,"",    25,"",    15,"",    0.4,"",    0.5,"",    0.3,"",
"Location of study compared with province or territory of residence","        Nigeria",,     0,"",     0,"",     0,"",    0.0,"",    0.0,"",    0.0,"",
"Location of study compared with province or territory of residence","        Algeria",,     0,"",     0,"",     0,"",    0.0,"",    0.0,"",    0.0,"",
"Location of study compared with province or territory of residence","        Morocco",,     0,"",     0,"",     0,"",    0.0,"",    0.0,"",    0.0,"",
"Location of study compared with province or territory of residence","        Tunisia",,     0,"",     0,"",     0,"",    0.0,"",    0.0,"",    0.0,"",
"Location of study compared with province or territory of residence","        Egypt",,     0,"",     0,"",     0,"",    0.0,"",    0.0,"",    0.0,"",
"Location of study compared with province or territory of residence","        South Africa, Republic of",,    35,"",    20,"",    15,"",    0.3,"",    0.4,"",    0.3,"",
"Location of study compared with province or territory of residence","        Other locations of study in Africa",,     0,"",     0,"",     0,"",    0.0,"",    0.0,"",    0.0,"",
"Location of study compared with province or territory of residence","      Asia",,   800,"",   325,"",   470,"",    7.9,"",    6.9,"",    8.7,"",
"Location of study compared with province or territory of residence","        Iran",88,     0,"",     0,"",     0,"",    0.0,"",    0.0,"",    0.0,"",
"Location of study compared with province or territory of residence","        Iraq",,     0,"",     0,"",     0,"",    0.0,"",    0.0,"",    0.0,"",
"Location of study compared with province or territory of residence","        Israel",,     0,"",     0,"",     0,"",    0.0,"",    0.0,"",    0.0,"",
"Location of study compared with province or territory of residence","        Lebanon",,     0,"",     0,"",     0,"",    0.0,"",    0.0,"",    0.0,"",
"Location of study compared with province or territory of residence","        Syria",89,     0,"",     0,"",     0,"",    0.0,"",    0.0,"",    0.0,"",
"Location of study compared with province or territory of residence","        Turkey",,     0,"",     0,"",     0,"",    0.0,"",    0.0,"",    0.0,"",
"Location of study compared with province or territory of residence","        China",90,   395,"",   155,"",   235,"",    3.9,"",    3.3,"",    4.4,"",
"Location of study compared with province or territory of residence","        Taiwan",,    35,"",    15,"",    20,"",    0.3,"",    0.3,"",    0.4,"",
"Location of study compared with province or territory of residence","        Hong Kong",91,    10,"",     0,"",     0,"",    0.1,"",    0.0,"",    0.0,"",
"Location of study compared with province or territory of residence","        Japan",,    20,"",     0,"",    20,"",    0.2,"",    0.0,"",    0.4,"",
"Location of study compared with province or territory of residence","        Korea, South",92,    45,"",    10,"",    35,"",    0.4,"",    0.2,"",    0.6,"",
"Location of study compared with province or territory of residence","        Philippines",,   140,"",    45,"",    90,"",    1.4,"",    1.0,"",    1.7,"",
"Location of study compared with province or territory of residence","        Viet Nam",,     0,"",     0,"",     0,"",    0.0,"",    0.0,"",    0.0,"",
"Location of study compared with province or territory of residence","        Bangladesh",,     0,"",     0,"",     0,"",    0.0,"",    0.0,"",    0.0,"",
"Location of study compared with province or territory of residence","        Sri Lanka",,     0,"",     0,"",     0,"",    0.0,"",    0.0,"",    0.0,"",
"Location of study compared with province or territory of residence","        India",,   120,"",    60,"",    55,"",    1.2,"",    1.3,"",    1.0,"",
"Location of study compared with province or territory of residence","        Pakistan",,     0,"",     0,"",     0,"",    0.0,"",    0.0,"",    0.0,"",
"Location of study compared with province or territory of residence","        Other locations of study in Asia",,    10,"",    10,"",    10,"",    0.1,"",    0.2,"",    0.2,"",
"Location of study compared with province or territory of residence","      Oceania",,    45,"",    25,"",    30,"",    0.4,"",    0.5,"",    0.6,"",
"Location of study compared with province or territory of residence","        Australia",,    40,"",    15,"",    25,"",    0.4,"",    0.3,"",    0.5,"",
"Location of study compared with province or territory of residence","        New Zealand",,     0,"",     0,"",     0,"",    0.0,"",    0.0,"",    0.0,"",
"Location of study compared with province or territory of residence","        Other locations of study in Oceania",,     0,"",     0,"",     0,"",    0.0,"",    0.0,"",    0.0,"",
"Labour force status","Total - Population aged 15 years and over by labour force status - 25% sample data",184, 18750,"",  8500,"", 10250,"",,"...",,"...",,"...",
"Labour force status","  In the labour force",, 10015,"",  5020,"",  4995,"",,"...",,"...",,"...",
"Labour force status","    Employed",,  9210,"",  4625,"",  4585,"",,"...",,"...",,"...",
"Labour force status","    Unemployed",,   805,"",   395,"",   410,"",,"...",,"...",,"...",
"Labour force status","  Not in the labour force",,  8730,"",  3480,"",  5255,"",,"...",,"...",,"...",
"Labour force status","Participation rate",,   53.4,"",   59.1,"",   48.7,"",   53.4,"",   59.1,"",   48.7,"",
"Labour force status","Employment rate",,   49.1,"",   54.4,"",   44.7,"",   49.1,"",   54.4,"",   44.7,"",
"Labour force status","Unemployment rate",,    8.0,"",    7.9,"",    8.2,"",    8.0,"",    7.9,"",    8.2,"",
"Work activity during the reference year","Total - Population aged 15 years and over by work activity during the reference year - 25% sample data",185, 18750,"",  8500,"", 10250,"",  100.0,"",  100.0,"",  100.0,"",
"Work activity during the reference year","  Did not work",186,  8545,"",  3440,"",  5110,"",   45.6,"",   40.5,"",   49.9,"",
"Work activity during the reference year","  Worked",, 10200,"",  5060,"",  5140,"",   54.4,"",   59.5,"",   50.1,"",
"Work activity during the reference year","    Worked full year full time",187,  5185,"",  2895,"",  2285,"",   27.7,"",   34.1,"",   22.3,"",
"Work activity during the reference year","    Worked part year and/or part time",188,  5020,"",  2165,"",  2855,"",   26.8,"",   25.5,"",   27.9,"",
"Work activity during the reference year","    Average weeks worked in reference year",,   40.6,"",   41.7,"",   39.5,"",   40.6,"",   41.7,"",   39.5,"",
"Class of worker including job permanency","Total - Labour force aged 15 years and over by class of worker including job permanency - 25% sample data",189, 10020,"",  5025,"",  4995,"",  100.0,"",  100.0,"",  100.0,"",
"Class of worker including job permanency","  Class of worker - not applicable",190,   195,"",    85,"",   105,"",    1.9,"",    1.7,"",    2.1,"",
"Class of worker including job permanency","  All classes of workers",191,  9825,"",  4935,"",  4890,"",   98.1,"",   98.2,"",   97.9,"",
"Class of worker including job permanency","    Employee",,  7385,"",  3475,"",  3905,"",   73.7,"",   69.2,"",   78.2,"",
"Class of worker including job permanency","      Permanent position",,  6290,"",  3035,"",  3260,"",   62.8,"",   60.4,"",   65.3,"",
"Class of worker including job permanency","      Temporary position",,  1095,"",   445,"",   650,"",   10.9,"",    8.9,"",   13.0,"",
"Class of worker including job permanency","        Fixed term (1 year or more)",,   370,"",   130,"",   240,"",    3.7,"",    2.6,"",    4.8,"",
"Class of worker including job permanency","        Casual, seasonal or short-term position (less than 1 year)",,   720,"",   315,"",   410,"",    7.2,"",    6.3,"",    8.2,"",
"Class of worker including job permanency","    Self-employed",192,  2445,"",  1455,"",   985,"",   24.4,"",   29.0,"",   19.7,"",
"Occupation - Broad category - National Occupational Classification (NOC) 2021","Total - Labour force aged 15 years and over by occupation - Broad category - National Occupational Classification (NOC) 2021 - 25% sample data",193, 10020,"",  5025,"",  4995,"",  100.0,"",  100.0,"",  100.0,"",
"Occupation - Broad category - National Occupational Classification (NOC) 2021","  Occupation - not applicable",190,   195,"",    85,"",   105,"",    1.9,"",    1.7,"",    2.1,"",
"Occupation - Broad category - National Occupational Classification (NOC) 2021","  All occupations",191,  9825,"",  4935,"",  4890,"",   98.1,"",   98.2,"",   97.9,"",
"Occupation - Broad category - National Occupational Classification (NOC) 2021","    0 Legislative and senior management occupations",,   295,"",   230,"",    65,"",    2.9,"",    4.6,"",    1.3,"",
"Occupation - Broad category - National Occupational Classification (NOC) 2021","    1 Business, finance and administration occupations",,  1925,"",   595,"",  1330,"",   19.2,"",   11.8,"",   26.6,"",
"Occupation - Broad category - National Occupational Classification (NOC) 2021","    2 Natural and applied sciences and related occupations",,   680,"",   520,"",   160,"",    6.8,"",   10.3,"",    3.2,"",
"Occupation - Broad category - National Occupational Classification (NOC) 2021","    3 Health occupations",,   700,"",   140,"",   565,"",    7.0,"",    2.8,"",   11.3,"",
"Occupation - Broad category - National Occupational Classification (NOC) 2021","    4 Occupations in education, law and social, community and government services",,  1340,"",   440,"",   905,"",   13.4,"",    8.8,"",   18.1,"",
"Occupation - Broad category - National Occupational Classification (NOC) 2021","    5 Occupations in art, culture, recreation and sport",,   520,"",   260,"",   260,"",    5.2,"",    5.2,"",    5.2,"",
"Occupation - Broad category - National Occupational Classification (NOC) 2021","    6 Sales and service occupations",,  2415,"",  1035,"",  1380,"",   24.1,"",   20.6,"",   27.6,"",
"Occupation - Broad category - National Occupational Classification (NOC) 2021","    7 Trades, transport and equipment operators and related occupations",,  1640,"",  1480,"",   160,"",   16.4,"",   29.5,"",    3.2,"",
"Occupation - Broad category - National Occupational Classification (NOC) 2021","    8 Natural resources, agriculture and related production occupations",,   105,"",    90,"",    15,"",    1.0,"",    1.8,"",    0.3,"",
"Occupation - Broad category - National Occupational Classification (NOC) 2021","    9 Occupations in manufacturing and utilities",,   205,"",   145,"",    60,"",    2.0,"",    2.9,"",    1.2,"",
"Industry - Sectors - North American Industry Classification System (NAICS) 2017","Total - Labour force aged 15 years and over by industry - Sectors - North American Industry Classification System (NAICS) 2017 - 25% sample data",194, 10020,"",  5025,"",  4995,"",  100.0,"",  100.0,"",  100.0,"",
"Industry - Sectors - North American Industry Classification System (NAICS) 2017","  Industry - not applicable",190,   195,"",    85,"",   105,"",    1.9,"",    1.7,"",    2.1,"",
"Industry - Sectors - North American Industry Classification System (NAICS) 2017","  All industries",191,  9825,"",  4935,"",  4890,"",   98.1,"",   98.2,"",   97.9,"",
"Industry - Sectors - North American Industry Classification System (NAICS) 2017","    11 Agriculture, forestry, fishing and hunting",,    95,"",    55,"",    35,"",    0.9,"",    1.1,"",    0.7,"",
"Industry - Sectors - North American Industry Classification System (NAICS) 2017","    21 Mining, quarrying, and oil and gas extraction",,    25,"",    25,"",     0,"",    0.2,"",    0.5,"",    0.0,"",
"Industry - Sectors - North American Industry Classification System (NAICS) 2017","    22 Utilities",,    75,"",    45,"",    35,"",    0.7,"",    0.9,"",    0.7,"",
"Industry - Sectors - North American Industry Classification System (NAICS) 2017","    23 Construction",,   985,"",   855,"",   130,"",    9.8,"",   17.0,"",    2.6,"",
"Industry - Sectors - North American Industry Classification System (NAICS) 2017","    31-33 Manufacturing",,   450,"",   310,"",   140,"",    4.5,"",    6.2,"",    2.8,"",
"Industry - Sectors - North American Industry Classification System (NAICS) 2017","    41 Wholesale trade",,   425,"",   270,"",   155,"",    4.2,"",    5.4,"",    3.1,"",
"Industry - Sectors - North American Industry Classification System (NAICS) 2017","    44-45 Retail trade",,  1020,"",   500,"",   520,"",   10.2,"",   10.0,"",   10.4,"",
"Industry - Sectors - North American Industry Classification System (NAICS) 2017","    48-49 Transportation and warehousing",,   595,"",   455,"",   145,"",    5.9,"",    9.1,"",    2.9,"",
"Industry - Sectors - North American Industry Classification System (NAICS) 2017","    51 Information and cultural industries",,   265,"",   165,"",   100,"",    2.6,"",    3.3,"",    2.0,"",
"Industry - Sectors - North American Industry Classification System (NAICS) 2017","    52 Finance and insurance",,   425,"",   185,"",   235,"",    4.2,"",    3.7,"",    4.7,"",
"Industry - Sectors - North American Industry Classification System (NAICS) 2017","    53 Real estate and rental and leasing",,   385,"",   160,"",   225,"",    3.8,"",    3.2,"",    4.5,"",
"Industry - Sectors - North American Industry Classification System (NAICS) 2017","    54 Professional, scientific and technical services",,   980,"",   535,"",   445,"",    9.8,"",   10.6,"",    8.9,"",
"Industry - Sectors - North American Industry Classification System (NAICS) 2017","    55 Management of companies and enterprises",,    15,"",    10,"",     0,"",    0.1,"",    0.2,"",    0.0,"",
"Industry - Sectors - North American Industry Classification System (NAICS) 2017","    56 Administrative and support, waste management and remediation services",,   360,"",   190,"",   170,"",    3.6,"",    3.8,"",    3.4,"",
"Industry - Sectors - North American Industry Classification System (NAICS) 2017","    61 Educational services",,   900,"",   270,"",   625,"",    9.0,"",    5.4,"",   12.5,"",
"Industry - Sectors - North American Industry Classification System (NAICS) 2017","    62 Health care and social assistance",,  1160,"",   220,"",   935,"",   11.6,"",    4.4,"",   18.7,"",
"Industry - Sectors - North American Industry Classification System (NAICS) 2017","    71 Arts, entertainment and recreation",,   280,"",   140,"",   140,"",    2.8,"",    2.8,"",    2.8,"",
"Industry - Sectors - North American Industry Classification System (NAICS) 2017","    72 Accommodation and food services",,   515,"",   175,"",   340,"",    5.1,"",    3.5,"",    6.8,"",
"Industry - Sectors - North American Industry Classification System (NAICS) 2017","    81 Other services (except public administration)",,   335,"",   100,"",   235,"",    3.3,"",    2.0,"",    4.7,"",
"Industry - Sectors - North American Industry Classification System (NAICS) 2017","    91 Public administration",,   530,"",   270,"",   260,"",    5.3,"",    5.4,"",    5.2,"",
"All languages used at work","Total - All languages used at work for the population in private households aged 15 years and over who worked since January 1, 2020 - 25% sample data",195, 10970,"",  5370,"",  5605,"",  100.0,"",  100.0,"",  100.0,"",
"All languages used at work","  English",, 10185,"",  5000,"",  5190,"",   92.8,"",   93.1,"",   92.6,"",
"All languages used at work","  French",,    25,"",     0,"",    25,"",    0.2,"",    0.0,"",    0.4,"",
"All languages used at work","  Non-official language",,   140,"",    90,"",    50,"",    1.3,"",    1.7,"",    0.9,"",
"All languages used at work","    Indigenous",39,     0,"",     0,"",     0,"",    0.0,"",    0.0,"",    0.0,"",
"All languages used at work","    Non-Indigenous",,   140,"",    90,"",    50,"",    1.3,"",    1.7,"",    0.9,"",
"All languages used at work","  English and French",,   105,"",    40,"",    65,"",    1.0,"",    0.7,"",    1.2,"",
"All languages used at work","  English and non-official language(s)",,   500,"",   220,"",   270,"",    4.6,"",    4.1,"",    4.8,"",
"All languages used at work","  French and non-official language(s)",,     0,"",     0,"",     0,"",    0.0,"",    0.0,"",    0.0,"",
"All languages used at work","  English, French and non-official language(s)",,     0,"",     0,"",     0,"",    0.0,"",    0.0,"",    0.0,"",
"All languages used at work","  Multiple non-official languages",,    10,"",    10,"",     0,"",    0.1,"",    0.2,"",    0.0,"",
"Language used most often at work","Total - Language used most often at work for the population aged 15 years and over who worked since January 1, 2020, in private households, 2021 Census - 25% sample data",196, 10970,"",  5370,"",  5605,"",  100.0,"",  100.0,"",  100.0,"",
"Language used most often at work","  Single responses",, 10855,"",  5325,"",  5530,"",   99.0,"",   99.2,"",   98.7,"",
"Language used most often at work","    Official languages",, 10580,"",  5175,"",  5405,"",   96.4,"",   96.4,"",   96.4,"",
"Language used most often at work","      English",, 10545,"",  5170,"",  5380,"",   96.1,"",   96.3,"",   96.0,"",
"Language used most often at work","      French",,    35,"",     0,"",    30,"",    0.3,"",    0.0,"",    0.5,"",
"Language used most often at work","    Non-official languages",,   275,"",   150,"",   120,"",    2.5,"",    2.8,"",    2.1,"",
"Language used most often at work","      Indigenous languages",39,     0,"",     0,"",     0,"",    0.0,"",    0.0,"",    0.0,"",
"Language used most often at work","        Algonquian languages",,     0,"",     0,"",     0,"",    0.0,"",    0.0,"",    0.0,"",
"Language used most often at work","          Blackfoot",,     0,"",     0,"",     0,"",    0.0,"",    0.0,"",    0.0,"",
"Language used most often at work","          Cree-Innu languages",,     0,"",     0,"",     0,"",    0.0,"",    0.0,"",    0.0,"",
"Language used most often at work","            Atikamekw",,     0,"",     0,"",     0,"",    0.0,"",    0.0,"",    0.0,"",
"Language used most often at work","            Cree languages",,     0,"",     0,"",     0,"",    0.0,"",    0.0,"",    0.0,"",
"Language used most often at work","              Ililimowin (Moose Cree)",,     0,"",     0,"",     0,"",    0.0,"",    0.0,"",    0.0,"",
"Language used most often at work","              Inu Ayimun (Southern East Cree)",,     0,"",     0,"",     0,"",    0.0,"",    0.0,"",    0.0,"",
"Language used most often at work","              Iyiyiw-Ayimiwin (Northern East Cree)",,     0,"",     0,"",     0,"",    0.0,"",    0.0,"",    0.0,"",
"Language used most often at work","              Nehinawewin (Swampy Cree)",,     0,"",     0,"",     0,"",    0.0,"",    0.0,"",    0.0,"",
"Language used most often at work","              Nehiyawewin (Plains Cree)",,     0,"",     0,"",     0,"",    0.0,"",    0.0,"",    0.0,"",
"Language used most often at work","              Nihithawiwin (Woods Cree)",,     0,"",     0,"",     0,"",    0.0,"",    0.0,"",    0.0,"",
"Language used most often at work","              Cree, n.o.s.",,     0,"",     0,"",     0,"",    0.0,"",    0.0,"",    0.0,"",
"Language used most often at work","            Innu (Montagnais)",,     0,"",     0,"",     0,"",    0.0,"",    0.0,"",    0.0,"",
"Language used most often at work","            Naskapi",,     0,"",     0,"",     0,"",    0.0,"",    0.0,"",    0.0,"",
"Language used most often at work","          Eastern Algonquian languages",,     0,"",     0,"",     0,"",    0.0,"",    0.0,"",    0.0,"",
"Language used most often at work","            Mi'kmaq",,     0,"",     0,"",     0,"",    0.0,"",    0.0,"",    0.0,"",
"Language used most often at work","            Wolastoqewi (Malecite)",,     0,"",     0,"",     0,"",    0.0,"",    0.0,"",    0.0,"",
"Language used most often at work","          Ojibway-Potawatomi languages",,     0,"",     0,"",     0,"",    0.0,"",    0.0,"",    0.0,"",
"Language used most often at work","            Anicinabemowin (Algonquin)",,     0,"",     0,"",     0,"",    0.0,"",    0.0,"",    0.0,"",
"Language used most often at work","            Oji-Cree",,     0,"",     0,"",     0,"",    0.0,"",    0.0,"",    0.0,"",
"Language used most often at work","            Ojibway languages",,     0,"",     0,"",     0,"",    0.0,"",    0.0,"",    0.0,"",
"Language used most often at work","              Anishinaabemowin (Chippewa)",,     0,"",     0,"",     0,"",    0.0,"",    0.0,"",    0.0,"",
"Language used most often at work","              Daawaamwin (Odawa)",,     0,"",     0,"",     0,"",    0.0,"",    0.0,"",    0.0,"",
"Language used most often at work","              Saulteau (Western Ojibway)",,     0,"",     0,"",     0,"",    0.0,"",    0.0,"",    0.0,"",
"Language used most often at work","              Ojibway, n.o.s.",,     0,"",     0,"",     0,"",    0.0,"",    0.0,"",    0.0,"",
"Language used most often at work","          Algonquian languages, n.i.e.",,     0,"",     0,"",     0,"",    0.0,"",    0.0,"",    0.0,"",
"Language used most often at work","        Athabaskan languages",,     0,"",     0,"",     0,"",    0.0,"",    0.0,"",    0.0,"",
"Language used most often at work","          Northern Athabaskan languages",,     0,"",     0,"",     0,"",    0.0,"",    0.0,"",    0.0,"",
"Language used most often at work","            Dakelh (Carrier)",,     0,"",     0,"",     0,"",    0.0,"",    0.0,"",    0.0,"",
"Language used most often at work","            Dane-zaa (Beaver)",,     0,"",     0,"",     0,"",    0.0,"",    0.0,"",    0.0,"",
"Language used most often at work","            Dene, n.o.s.",,     0,"",     0,"",     0,"",    0.0,"",    0.0,"",    0.0,"",
"Language used most often at work","            Gwich'in",,     0,"",     0,"",     0,"",    0.0,"",    0.0,"",    0.0,"",
"Language used most often at work","            Slavey-Hare languages",,     0,"",     0,"",     0,"",    0.0,"",    0.0,"",    0.0,"",
"Language used most often at work","              Deh Gah Ghotie Zhatie (South Slavey)",,     0,"",     0,"",     0,"",    0.0,"",    0.0,"",    0.0,"",
"Language used most often at work","              Satuotine Yati (North Slavey)",,     0,"",     0,"",     0,"",    0.0,"",    0.0,"",    0.0,"",
"Language used most often at work","              Slavey, n.o.s.",,     0,"",     0,"",     0,"",    0.0,"",    0.0,"",    0.0,"",
"Language used most often at work","            Tahltan languages",,     0,"",     0,"",     0,"",    0.0,"",    0.0,"",    0.0,"",
"Language used most often at work","            Tlicho (Dogrib)",,     0,"",     0,"",     0,"",    0.0,"",    0.0,"",    0.0,"",
"Language used most often at work","            Tse'khene (Sekani)",,     0,"",     0,"",     0,"",    0.0,"",    0.0,"",    0.0,"",
"Language used most often at work","            Tsilhqot'in (Chilcotin)",,     0,"",     0,"",     0,"",    0.0,"",    0.0,"",    0.0,"",
"Language used most often at work","            Tsuu T'ina (Sarsi)",,     0,"",     0,"",     0,"",    0.0,"",    0.0,"",    0.0,"",
"Language used most often at work","            Tutchone languages",,     0,"",     0,"",     0,"",    0.0,"",    0.0,"",    0.0,"",
"Language used most often at work","              Northern Tutchone",,     0,"",     0,"",     0,"",    0.0,"",    0.0,"",    0.0,"",
"Language used most often at work","              Southern Tutchone",,     0,"",     0,"",     0,"",    0.0,"",    0.0,"",    0.0,"",
"Language used most often at work","              Tutchone, n.o.s.",,     0,"",     0,"",     0,"",    0.0,"",    0.0,"",    0.0,"",
"Language used most often at work","            Wetsuwet'en-Babine",,     0,"",     0,"",     0,"",    0.0,"",    0.0,"",    0.0,"",
"Language used most often at work","          Tlingit",,     0,"",     0,"",     0,"",    0.0,"",    0.0,"",    0.0,"",
"Language used most often at work","          Athabaskan languages, n.i.e.",,     0,"",     0,"",     0,"",    0.0,"",    0.0,"",    0.0,"",
"Language used most often at work","        Haida",,     0,"",     0,"",     0,"",    0.0,"",    0.0,"",    0.0,"",
"Language used most often at work","        Inuktut (Inuit) languages",,     0,"",     0,"",     0,"",    0.0,"",    0.0,"",    0.0,"",
"Language used most often at work","          Inuinnaqtun (Inuvialuktun)",,     0,"",     0,"",     0,"",    0.0,"",    0.0,"",    0.0,"",
"Language used most often at work","            Inuinnaqtun",,     0,"",     0,"",     0,"",    0.0,"",    0.0,"",    0.0,"",
"Language used most often at work","            Inuvialuktun",,     0,"",     0,"",     0,"",    0.0,"",    0.0,"",    0.0,"",
"Language used most often at work","          Inuktitut",,     0,"",     0,"",     0,"",    0.0,"",    0.0,"",    0.0,"",
"Language used most often at work","          Inuktut (Inuit) languages, n.i.e.",,     0,"",     0,"",     0,"",    0.0,"",    0.0,"",    0.0,"",
"Language used most often at work","        Iroquoian languages",,     0,"",     0,"",     0,"",    0.0,"",    0.0,"",    0.0,"",
"Language used most often at work","          Mohawk",,     0,"",     0,"",     0,"",    0.0,"",    0.0,"",    0.0,"",
"Language used most often at work","          Oneida",,     0,"",     0,"",     0,"",    0.0,"",    0.0,"",    0.0,"",
"Language used most often at work","          Iroquoian languages, n.i.e.",,     0,"",     0,"",     0,"",    0.0,"",    0.0,"",    0.0,"",
"Language used most often at work","        Ktunaxa (Kutenai)",,     0,"",     0,"",     0,"",    0.0,"",    0.0,"",    0.0,"",
"Language used most often at work","        Michif",,     0,"",     0,"",     0,"",    0.0,"",    0.0,"",    0.0,"",
"Language used most often at work","        Salish languages",,     0,"",     0,"",     0,"",    0.0,"",    0.0,"",    0.0,"",
"Language used most often at work","          Halkomelem",,     0,"",     0,"",     0,"",    0.0,"",    0.0,"",    0.0,"",
"Language used most often at work","          Lillooet",,     0,"",     0,"",     0,"",    0.0,"",    0.0,"",    0.0,"",
"Language used most often at work","          Ntlakapamux (Thompson)",,     0,"",     0,"",     0,"",    0.0,"",    0.0,"",    0.0,"",
"Language used most often at work","          Secwepemctsin (Shuswap)",,     0,"",     0,"",     0,"",    0.0,"",    0.0,"",    0.0,"",
"Language used most often at work","          Squamish",,     0,"",     0,"",     0,"",    0.0,"",    0.0,"",    0.0,"",
"Language used most often at work","          Straits",,     0,"",     0,"",     0,"",    0.0,"",    0.0,"",    0.0,"",
"Language used most often at work","          Syilx (Okanagan)",,     0,"",     0,"",     0,"",    0.0,"",    0.0,"",    0.0,"",
"Language used most often at work","          Salish languages, n.i.e.",,     0,"",     0,"",     0,"",    0.0,"",    0.0,"",    0.0,"",
"Language used most often at work","        Siouan languages",,     0,"",     0,"",     0,"",    0.0,"",    0.0,"",    0.0,"",
"Language used most often at work","          Assiniboine",,     0,"",     0,"",     0,"",    0.0,"",    0.0,"",    0.0,"",
"Language used most often at work","          Dakota",,     0,"",     0,"",     0,"",    0.0,"",    0.0,"",    0.0,"",
"Language used most often at work","          Stoney",,     0,"",     0,"",     0,"",    0.0,"",    0.0,"",    0.0,"",
"Language used most often at work","          Siouan languages, n.i.e.",,     0,"",     0,"",     0,"",    0.0,"",    0.0,"",    0.0,"",
"Language used most often at work","        Tsimshian languages",,     0,"",     0,"",     0,"",    0.0,"",    0.0,"",    0.0,"",
"Language used most often at work","          Gitxsan (Gitksan)",,     0,"",     0,"",     0,"",    0.0,"",    0.0,"",    0.0,"",
"Language used most often at work","          Nisga'a",,     0,"",     0,"",     0,"",    0.0,"",    0.0,"",    0.0,"",
"Language used most often at work","          Tsimshian",,     0,"",     0,"",     0,"",    0.0,"",    0.0,"",    0.0,"",
"Language used most often at work","        Wakashan languages",,     0,"",     0,"",     0,"",    0.0,"",    0.0,"",    0.0,"",
"Language used most often at work","          Haisla",,     0,"",     0,"",     0,"",    0.0,"",    0.0,"",    0.0,"",
"Language used most often at work","          Heiltsuk",,     0,"",     0,"",     0,"",    0.0,"",    0.0,"",    0.0,"",
"Language used most often at work","          Kwak'wala (Kwakiutl)",,     0,"",     0,"",     0,"",    0.0,"",    0.0,"",    0.0,"",
"Language used most often at work","          Nuu-chah-nulth (Nootka)",,     0,"",     0,"",     0,"",    0.0,"",    0.0,"",    0.0,"",
"Language used most often at work","          Wakashan languages, n.i.e.",,     0,"",     0,"",     0,"",    0.0,"",    0.0,"",    0.0,"",
"Language used most often at work","        Indigenous languages, n.i.e.",,     0,"",     0,"",     0,"",    0.0,"",    0.0,"",    0.0,"",
"Language used most often at work","        Indigenous languages, n.o.s.",,     0,"",     0,"",     0,"",    0.0,"",    0.0,"",    0.0,"",
"Language used most often at work","      Non-Indigenous languages",,   275,"",   150,"",   120,"",    2.5,"",    2.8,"",    2.1,"",
"Language used most often at work","        Afro-Asiatic languages",,     0,"",     0,"",     0,"",    0.0,"",    0.0,"",    0.0,"",
"Language used most often at work","          Berber languages",,     0,"",     0,"",     0,"",    0.0,"",    0.0,"",    0.0,"",
"Language used most often at work","            Kabyle",,     0,"",     0,"",     0,"",    0.0,"",    0.0,"",    0.0,"",
"Language used most often at work","            Tamazight",,     0,"",     0,"",     0,"",    0.0,"",    0.0,"",    0.0,"",
"Language used most often at work","            Berber languages, n.i.e.",,     0,"",     0,"",     0,"",    0.0,"",    0.0,"",    0.0,"",
"Language used most often at work","          Chadic languages",,     0,"",     0,"",     0,"",    0.0,"",    0.0,"",    0.0,"",
"Language used most often at work","          Coptic",,     0,"",     0,"",     0,"",    0.0,"",    0.0,"",    0.0,"",
"Language used most often at work","          Cushitic languages",,     0,"",     0,"",     0,"",    0.0,"",    0.0,"",    0.0,"",
"Language used most often at work","            Bilen",,     0,"",     0,"",     0,"",    0.0,"",    0.0,"",    0.0,"",
"Language used most often at work","            Oromo",,     0,"",     0,"",     0,"",    0.0,"",    0.0,"",    0.0,"",
"Language used most often at work","            Somali",,     0,"",     0,"",     0,"",    0.0,"",    0.0,"",    0.0,"",
"Language used most often at work","            Cushitic languages, n.i.e.",,     0,"",     0,"",     0,"",    0.0,"",    0.0,"",    0.0,"",
"Language used most often at work","          Semitic languages",,     0,"",     0,"",     0,"",    0.0,"",    0.0,"",    0.0,"",
"Language used most often at work","            Amharic",,     0,"",     0,"",     0,"",    0.0,"",    0.0,"",    0.0,"",
"Language used most often at work","            Arabic",,     0,"",     0,"",     0,"",    0.0,"",    0.0,"",    0.0,"",
"Language used most often at work","            Aramaic languages",,     0,"",     0,"",     0,"",    0.0,"",    0.0,"",    0.0,"",
"Language used most often at work","              Assyrian Neo-Aramaic",,     0,"",     0,"",     0,"",    0.0,"",    0.0,"",    0.0,"",
"Language used most often at work","              Chaldean Neo-Aramaic",,     0,"",     0,"",     0,"",    0.0,"",    0.0,"",    0.0,"",
"Language used most often at work","              Aramaic, n.o.s.",,     0,"",     0,"",     0,"",    0.0,"",    0.0,"",    0.0,"",
"Language used most often at work","            Hebrew",,     0,"",     0,"",     0,"",    0.0,"",    0.0,"",    0.0,"",
"Language used most often at work","            Tigrigna",,     0,"",     0,"",     0,"",    0.0,"",    0.0,"",    0.0,"",
"Language used most often at work","            Semitic languages, n.i.e.",,     0,"",     0,"",     0,"",    0.0,"",    0.0,"",    0.0,"",
"Language used most often at work","        Austro-Asiatic languages",,     0,"",     0,"",     0,"",    0.0,"",    0.0,"",    0.0,"",
"Language used most often at work","          Khmer (Cambodian)",,     0,"",     0,"",     0,"",    0.0,"",    0.0,"",    0.0,"",
"Language used most often at work","          Vietnamese",,     0,"",     0,"",     0,"",    0.0,"",    0.0,"",    0.0,"",
"Language used most often at work","          Austro-Asiatic languages, n.i.e.",,     0,"",     0,"",     0,"",    0.0,"",    0.0,"",    0.0,"",
"Language used most often at work","        Austronesian languages",,     0,"",     0,"",     0,"",    0.0,"",    0.0,"",    0.0,"",
"Language used most often at work","          Bikol",,     0,"",     0,"",     0,"",    0.0,"",    0.0,"",    0.0,"",
"Language used most often at work","          Bisaya, n.o.s.",,     0,"",     0,"",     0,"",    0.0,"",    0.0,"",    0.0,"",
"Language used most often at work","          Cebuano",,     0,"",     0,"",     0,"",    0.0,"",    0.0,"",    0.0,"",
"Language used most often at work","          Hiligaynon",,     0,"",     0,"",     0,"",    0.0,"",    0.0,"",    0.0,"",
"Language used most often at work","          Ilocano",,     0,"",     0,"",     0,"",    0.0,"",    0.0,"",    0.0,"",
"Language used most often at work","          Indonesian",,     0,"",     0,"",     0,"",    0.0,"",    0.0,"",    0.0,"",
"Language used most often at work","          Kankanaey",,     0,"",     0,"",     0,"",    0.0,"",    0.0,"",    0.0,"",
"Language used most often at work","          Malagasy languages",,     0,"",     0,"",     0,"",    0.0,"",    0.0,"",    0.0,"",
"Language used most often at work","          Malay",,     0,"",     0,"",     0,"",    0.0,"",    0.0,"",    0.0,"",
"Language used most often at work","          Pampangan (Kapampangan, Pampango)",,     0,"",     0,"",     0,"",    0.0,"",    0.0,"",    0.0,"",
"Language used most often at work","          Pangasinan",,     0,"",     0,"",     0,"",    0.0,"",    0.0,"",    0.0,"",
"Language used most often at work","          Tagalog (Pilipino, Filipino)",,     0,"",     0,"",     0,"",    0.0,"",    0.0,"",    0.0,"",
"Language used most often at work","          Austronesian languages, n.i.e.",,     0,"",     0,"",     0,"",    0.0,"",    0.0,"",    0.0,"",
"Language used most often at work","        Creole languages",,     0,"",     0,"",     0,"",    0.0,"",    0.0,"",    0.0,"",
"Language used most often at work","          Haitian Creole",,     0,"",     0,"",     0,"",    0.0,"",    0.0,"",    0.0,"",
"Language used most often at work","          Jamaican English Creole",,     0,"",     0,"",     0,"",    0.0,"",    0.0,"",    0.0,"",
"Language used most often at work","          Morisyen",,     0,"",     0,"",     0,"",    0.0,"",    0.0,"",    0.0,"",
"Language used most often at work","          Creole, n.o.s.",,     0,"",     0,"",     0,"",    0.0,"",    0.0,"",    0.0,"",
"Language used most often at work","          Creole languages, n.i.e.",,     0,"",     0,"",     0,"",    0.0,"",    0.0,"",    0.0,"",
"Language used most often at work","        Dravidian languages",,     0,"",     0,"",     0,"",    0.0,"",    0.0,"",    0.0,"",
"Language used most often at work","          Kannada",,     0,"",     0,"",     0,"",    0.0,"",    0.0,"",    0.0,"",
"Language used most often at work","          Malayalam",,     0,"",     0,"",     0,"",    0.0,"",    0.0,"",    0.0,"",
"Language used most often at work","          Tamil",,     0,"",     0,"",     0,"",    0.0,"",    0.0,"",    0.0,"",
"Language used most often at work","          Telugu",,     0,"",     0,"",     0,"",    0.0,"",    0.0,"",    0.0,"",
"Language used most often at work","          Dravidian languages, n.i.e.",,     0,"",     0,"",     0,"",    0.0,"",    0.0,"",    0.0,"",
"Language used most often at work","        Georgian",,     0,"",     0,"",     0,"",    0.0,"",    0.0,"",    0.0,"",
"Language used most often at work","        Indo-European languages",,    35,"",    20,"",    15,"",    0.3,"",    0.4,"",    0.3,"",
"Language used most often at work","          Albanian",,     0,"",     0,"",     0,"",    0.0,"",    0.0,"",    0.0,"",
"Language used most often at work","          Armenian",,     0,"",     0,"",     0,"",    0.0,"",    0.0,"",    0.0,"",
"Language used most often at work","          Balto-Slavic languages",,     0,"",     0,"",     0,"",    0.0,"",    0.0,"",    0.0,"",
"Language used most often at work","            Baltic languages",,     0,"",     0,"",     0,"",    0.0,"",    0.0,"",    0.0,"",
"Language used most often at work","              Latvian",,     0,"",     0,"",     0,"",    0.0,"",    0.0,"",    0.0,"",
"Language used most often at work","              Lithuanian",,     0,"",     0,"",     0,"",    0.0,"",    0.0,"",    0.0,"",
"Language used most often at work","            Slavic languages",,     0,"",     0,"",     0,"",    0.0,"",    0.0,"",    0.0,"",
"Language used most often at work","              Bulgarian",,     0,"",     0,"",     0,"",    0.0,"",    0.0,"",    0.0,"",
"Language used most often at work","              Czech",,     0,"",     0,"",     0,"",    0.0,"",    0.0,"",    0.0,"",
"Language used most often at work","              Macedonian",,     0,"",     0,"",     0,"",    0.0,"",    0.0,"",    0.0,"",
"Language used most often at work","              Polish",,     0,"",     0,"",     0,"",    0.0,"",    0.0,"",    0.0,"",
"Language used most often at work","              Russian",,     0,"",     0,"",     0,"",    0.0,"",    0.0,"",    0.0,"",
"Language used most often at work","              Serbo-Croatian",,     0,"",     0,"",     0,"",    0.0,"",    0.0,"",    0.0,"",
"Language used most often at work","                Bosnian",,     0,"",     0,"",     0,"",    0.0,"",    0.0,"",    0.0,"",
"Language used most often at work","                Croatian",,     0,"",     0,"",     0,"",    0.0,"",    0.0,"",    0.0,"",
"Language used most often at work","                Serbian",,     0,"",     0,"",     0,"",    0.0,"",    0.0,"",    0.0,"",
"Language used most often at work","                Serbo-Croatian, n.i.e.",,     0,"",     0,"",     0,"",    0.0,"",    0.0,"",    0.0,"",
"Language used most often at work","              Slovak",,     0,"",     0,"",     0,"",    0.0,"",    0.0,"",    0.0,"",
"Language used most often at work","              Slovene (Slovenian)",,     0,"",     0,"",     0,"",    0.0,"",    0.0,"",    0.0,"",
"Language used most often at work","              Ukrainian",,     0,"",     0,"",     0,"",    0.0,"",    0.0,"",    0.0,"",
"Language used most often at work","              Slavic languages, n.i.e.",,     0,"",     0,"",     0,"",    0.0,"",    0.0,"",    0.0,"",
"Language used most often at work","          Celtic languages",,     0,"",     0,"",     0,"",    0.0,"",    0.0,"",    0.0,"",
"Language used most often at work","            Scottish Gaelic",,     0,"",     0,"",     0,"",    0.0,"",    0.0,"",    0.0,"",
"Language used most often at work","            Celtic languages, n.i.e.",,     0,"",     0,"",     0,"",    0.0,"",    0.0,"",    0.0,"",
"Language used most often at work","          Germanic languages",,     0,"",     0,"",     0,"",    0.0,"",    0.0,"",    0.0,"",
"Language used most often at work","            Frisian",,     0,"",     0,"",     0,"",    0.0,"",    0.0,"",    0.0,"",
"Language used most often at work","            High German languages",,     0,"",     0,"",     0,"",    0.0,"",    0.0,"",    0.0,"",
"Language used most often at work","              German",,     0,"",     0,"",     0,"",    0.0,"",    0.0,"",    0.0,"",
"Language used most often at work","              Pennsylvania German",,     0,"",     0,"",     0,"",    0.0,"",    0.0,"",    0.0,"",
"Language used most often at work","              Swiss German",,     0,"",     0,"",     0,"",    0.0,"",    0.0,"",    0.0,"",
"Language used most often at work","              Yiddish",,     0,"",     0,"",     0,"",    0.0,"",    0.0,"",    0.0,"",
"Language used most often at work","            Low Saxon-Low Franconian languages",,     0,"",     0,"",     0,"",    0.0,"",    0.0,"",    0.0,"",
"Language used most often at work","              Afrikaans",,     0,"",     0,"",     0,"",    0.0,"",    0.0,"",    0.0,"",
"Language used most often at work","              Dutch",,     0,"",     0,"",     0,"",    0.0,"",    0.0,"",    0.0,"",
"Language used most often at work","              Low German, n.o.s.",,     0,"",     0,"",     0,"",    0.0,"",    0.0,"",    0.0,"",
"Language used most often at work","              Low Saxon",,     0,"",     0,"",     0,"",    0.0,"",    0.0,"",    0.0,"",
"Language used most often at work","              Plautdietsch",,     0,"",     0,"",     0,"",    0.0,"",    0.0,"",    0.0,"",
"Language used most often at work","              Vlaams (Flemish)",,     0,"",     0,"",     0,"",    0.0,"",    0.0,"",    0.0,"",
"Language used most often at work","            Scandinavian languages",,     0,"",     0,"",     0,"",    0.0,"",    0.0,"",    0.0,"",
"Language used most often at work","              Danish",,     0,"",     0,"",     0,"",    0.0,"",    0.0,"",    0.0,"",
"Language used most often at work","              Icelandic",,     0,"",     0,"",     0,"",    0.0,"",    0.0,"",    0.0,"",
"Language used most often at work","              Norwegian",,     0,"",     0,"",     0,"",    0.0,"",    0.0,"",    0.0,"",
"Language used most often at work","              Swedish",,     0,"",     0,"",     0,"",    0.0,"",    0.0,"",    0.0,"",
"Language used most often at work","            Germanic languages, n.i.e.",,     0,"",     0,"",     0,"",    0.0,"",    0.0,"",    0.0,"",
"Language used most often at work","          Greek",,     0,"",     0,"",     0,"",    0.0,"",    0.0,"",    0.0,"",
"Language used most often at work","          Indo-Iranian languages",,    35,"",    20,"",    15,"",    0.3,"",    0.4,"",    0.3,"",
"Language used most often at work","            Indo-Aryan languages",,    35,"",    20,"",    15,"",    0.3,"",    0.4,"",    0.3,"",
"Language used most often at work","              Bengali",,     0,"",     0,"",     0,"",    0.0,"",    0.0,"",    0.0,"",
"Language used most often at work","              Gujarati",,     0,"",     0,"",     0,"",    0.0,"",    0.0,"",    0.0,"",
"Language used most often at work","              Hindi",,     0,"",     0,"",     0,"",    0.0,"",    0.0,"",    0.0,"",
"Language used most often at work","              Kacchi",,     0,"",     0,"",     0,"",    0.0,"",    0.0,"",    0.0,"",
"Language used most often at work","              Marathi",,     0,"",     0,"",     0,"",    0.0,"",    0.0,"",    0.0,"",
"Language used most often at work","              Nepali",,     0,"",     0,"",     0,"",    0.0,"",    0.0,"",    0.0,"",
"Language used most often at work","              Punjabi (Panjabi)",,    35,"",    20,"",    15,"",    0.3,"",    0.4,"",    0.3,"",
"Language used most often at work","              Sindhi",,     0,"",     0,"",     0,"",    0.0,"",    0.0,"",    0.0,"",
"Language used most often at work","              Sinhala (Sinhalese)",,     0,"",     0,"",     0,"",    0.0,"",    0.0,"",    0.0,"",
"Language used most often at work","              Urdu",,     0,"",     0,"",     0,"",    0.0,"",    0.0,"",    0.0,"",
"Language used most often at work","              Indo-Aryan languages, n.i.e.",,     0,"",     0,"",     0,"",    0.0,"",    0.0,"",    0.0,"",
"Language used most often at work","            Iranian languages",,     0,"",     0,"",     0,"",    0.0,"",    0.0,"",    0.0,"",
"Language used most often at work","              Kurdish",,     0,"",     0,"",     0,"",    0.0,"",    0.0,"",    0.0,"",
"Language used most often at work","              Pashto",,     0,"",     0,"",     0,"",    0.0,"",    0.0,"",    0.0,"",
"Language used most often at work","              Persian languages",,     0,"",     0,"",     0,"",    0.0,"",    0.0,"",    0.0,"",
"Language used most often at work","                Dari",,     0,"",     0,"",     0,"",    0.0,"",    0.0,"",    0.0,"",
"Language used most often at work","                Iranian Persian",,     0,"",     0,"",     0,"",    0.0,"",    0.0,"",    0.0,"",
"Language used most often at work","                Persian (Farsi), n.o.s.",,     0,"",     0,"",     0,"",    0.0,"",    0.0,"",    0.0,"",
"Language used most often at work","              Iranian languages, n.i.e.",,     0,"",     0,"",     0,"",    0.0,"",    0.0,"",    0.0,"",
"Language used most often at work","            Indo-Iranian languages, n.i.e.",,     0,"",     0,"",     0,"",    0.0,"",    0.0,"",    0.0,"",
"Language used most often at work","          Italic (Romance) languages",,     0,"",     0,"",     0,"",    0.0,"",    0.0,"",    0.0,"",
"Language used most often at work","            Catalan",,     0,"",     0,"",     0,"",    0.0,"",    0.0,"",    0.0,"",
"Language used most often at work","            Italian",,     0,"",     0,"",     0,"",    0.0,"",    0.0,"",    0.0,"",
"Language used most often at work","            Portuguese",,     0,"",     0,"",     0,"",    0.0,"",    0.0,"",    0.0,"",
"Language used most often at work","            Romanian",,     0,"",     0,"",     0,"",    0.0,"",    0.0,"",    0.0,"",
"Language used most often at work","            Spanish",,     0,"",     0,"",     0,"",    0.0,"",    0.0,"",    0.0,"",
"Language used most often at work","            Italic (Romance) languages, n.i.e.",,     0,"",     0,"",     0,"",    0.0,"",    0.0,"",    0.0,"",
"Language used most often at work","          Indo-European languages, n.i.e.",,     0,"",     0,"",     0,"",    0.0,"",    0.0,"",    0.0,"",
"Language used most often at work","        Japanese",,     0,"",     0,"",     0,"",    0.0,"",    0.0,"",    0.0,"",
"Language used most often at work","        Korean",,    10,"",    10,"",     0,"",    0.1,"",    0.2,"",    0.0,"",
"Language used most often at work","        Mongolian",,     0,"",     0,"",     0,"",    0.0,"",    0.0,"",    0.0,"",
"Language used most often at work","        Niger-Congo languages",,     0,"",     0,"",     0,"",    0.0,"",    0.0,"",    0.0,"",
"Language used most often at work","          Akan (Twi)",,     0,"",     0,"",     0,"",    0.0,"",    0.0,"",    0.0,"",
"Language used most often at work","          Edo",,     0,"",     0,"",     0,"",    0.0,"",    0.0,"",    0.0,"",
"Language used most often at work","          Fulah (Pular, Pulaar, Fulfulde)",,     0,"",     0,"",     0,"",    0.0,"",    0.0,"",    0.0,"",
"Language used most often at work","          Ga",,     0,"",     0,"",     0,"",    0.0,"",    0.0,"",    0.0,"",
"Language used most often at work","          Ganda",,     0,"",     0,"",     0,"",    0.0,"",    0.0,"",    0.0,"",
"Language used most often at work","          Igbo",,     0,"",     0,"",     0,"",    0.0,"",    0.0,"",    0.0,"",
"Language used most often at work","          Kinyarwanda (Rwanda)",,     0,"",     0,"",     0,"",    0.0,"",    0.0,"",    0.0,"",
"Language used most often at work","          Lingala",,     0,"",     0,"",     0,"",    0.0,"",    0.0,"",    0.0,"",
"Language used most often at work","          Rundi (Kirundi)",,     0,"",     0,"",     0,"",    0.0,"",    0.0,"",    0.0,"",
"Language used most often at work","          Shona",,     0,"",     0,"",     0,"",    0.0,"",    0.0,"",    0.0,"",
"Language used most often at work","          Swahili",,     0,"",     0,"",     0,"",    0.0,"",    0.0,"",    0.0,"",
"Language used most often at work","          Wolof",,     0,"",     0,"",     0,"",    0.0,"",    0.0,"",    0.0,"",
"Language used most often at work","          Yoruba",,     0,"",     0,"",     0,"",    0.0,"",    0.0,"",    0.0,"",
"Language used most often at work","          Niger-Congo languages, n.i.e.",,     0,"",     0,"",     0,"",    0.0,"",    0.0,"",    0.0,"",
"Language used most often at work","        Nilo-Saharan languages",,     0,"",     0,"",     0,"",    0.0,"",    0.0,"",    0.0,"",
"Language used most often at work","          Dinka",,     0,"",     0,"",     0,"",    0.0,"",    0.0,"",    0.0,"",
"Language used most often at work","          Nilo-Saharan languages, n.i.e.",,     0,"",     0,"",     0,"",    0.0,"",    0.0,"",    0.0,"",
"Language used most often at work","        Sign languages",,     0,"",     0,"",     0,"",    0.0,"",    0.0,"",    0.0,"",
"Language used most often at work","          American Sign Language",,     0,"",     0,"",     0,"",    0.0,"",    0.0,"",    0.0,"",
"Language used most often at work","          Quebec Sign Language",,     0,"",     0,"",     0,"",    0.0,"",    0.0,"",    0.0,"",
"Language used most often at work","          Sign languages, n.i.e.",,     0,"",     0,"",     0,"",    0.0,"",    0.0,"",    0.0,"",
"Language used most often at work","        Sino-Tibetan languages",,   225,"",   120,"",   105,"",    2.1,"",    2.2,"",    1.9,"",
"Language used most often at work","          Chinese languages",,   225,"",   120,"",   105,"",    2.1,"",    2.2,"",    1.9,"",
"Language used most often at work","            Hakka",,     0,"",     0,"",     0,"",    0.0,"",    0.0,"",    0.0,"",
"Language used most often at work","            Mandarin",,   200,"",   105,"",    90,"",    1.8,"",    2.0,"",    1.6,"",
"Language used most often at work","            Min Dong",,     0,"",     0,"",     0,"",    0.0,"",    0.0,"",    0.0,"",
"Language used most often at work","            Min Nan (Chaochow, Teochow, Fukien, Taiwanese)",,     0,"",     0,"",     0,"",    0.0,"",    0.0,"",    0.0,"",
"Language used most often at work","            Wu (Shanghainese)",,     0,"",     0,"",     0,"",    0.0,"",    0.0,"",    0.0,"",
"Language used most often at work","            Yue (Cantonese)",,    10,"",     0,"",     0,"",    0.1,"",    0.0,"",    0.0,"",
"Language used most often at work","            Chinese, n.o.s.",,     0,"",     0,"",     0,"",    0.0,"",    0.0,"",    0.0,"",
"Language used most often at work","            Chinese languages, n.i.e.",,     0,"",     0,"",     0,"",    0.0,"",    0.0,"",    0.0,"",
"Language used most often at work","          Tibeto-Burman languages",,     0,"",     0,"",     0,"",    0.0,"",    0.0,"",    0.0,"",
"Language used most often at work","            Burmese",,     0,"",     0,"",     0,"",    0.0,"",    0.0,"",    0.0,"",
"Language used most often at work","            Karenic languages",,     0,"",     0,"",     0,"",    0.0,"",    0.0,"",    0.0,"",
"Language used most often at work","              S'gaw Karen",,     0,"",     0,"",     0,"",    0.0,"",    0.0,"",    0.0,"",
"Language used most often at work","              Karenic languages, n.i.e.",,     0,"",     0,"",     0,"",    0.0,"",    0.0,"",    0.0,"",
"Language used most often at work","            Tibetan",,     0,"",     0,"",     0,"",    0.0,"",    0.0,"",    0.0,"",
"Language used most often at work","            Tibeto-Burman languages, n.i.e.",,     0,"",     0,"",     0,"",    0.0,"",    0.0,"",    0.0,"",
"Language used most often at work","          Sino-Tibetan languages, n.i.e.",,     0,"",     0,"",     0,"",    0.0,"",    0.0,"",    0.0,"",
"Language used most often at work","        Tai-Kadai languages",,     0,"",     0,"",     0,"",    0.0,"",    0.0,"",    0.0,"",
"Language used most often at work","          Lao",,     0,"",     0,"",     0,"",    0.0,"",    0.0,"",    0.0,"",
"Language used most often at work","          Thai",,     0,"",     0,"",     0,"",    0.0,"",    0.0,"",    0.0,"",
"Language used most often at work","          Tai-Kadai languages, n.i.e.",,     0,"",     0,"",     0,"",    0.0,"",    0.0,"",    0.0,"",
"Language used most often at work","        Turkic languages",,     0,"",     0,"",     0,"",    0.0,"",    0.0,"",    0.0,"",
"Language used most often at work","          Azerbaijani",,     0,"",     0,"",     0,"",    0.0,"",    0.0,"",    0.0,"",
"Language used most often at work","          Turkish",,     0,"",     0,"",     0,"",    0.0,"",    0.0,"",    0.0,"",
"Language used most often at work","          Uyghur",,     0,"",     0,"",     0,"",    0.0,"",    0.0,"",    0.0,"",
"Language used most often at work","          Uzbek",,     0,"",     0,"",     0,"",    0.0,"",    0.0,"",    0.0,"",
"Language used most often at work","          Turkic languages, n.i.e.",,     0,"",     0,"",     0,"",    0.0,"",    0.0,"",    0.0,"",
"Language used most often at work","        Uralic languages",,     0,"",     0,"",     0,"",    0.0,"",    0.0,"",    0.0,"",
"Language used most often at work","          Estonian",,     0,"",     0,"",     0,"",    0.0,"",    0.0,"",    0.0,"",
"Language used most often at work","          Finnish",,     0,"",     0,"",     0,"",    0.0,"",    0.0,"",    0.0,"",
"Language used most often at work","          Hungarian",,     0,"",     0,"",     0,"",    0.0,"",    0.0,"",    0.0,"",
"Language used most often at work","        Other languages, n.i.e.",,     0,"",     0,"",     0,"",    0.0,"",    0.0,"",    0.0,"",
"Language used most often at work","  Multiple responses",,   120,"",    45,"",    75,"",    1.1,"",    0.8,"",    1.3,"",
"Language used most often at work","    English and French",,    15,"",     0,"",    10,"",    0.1,"",    0.0,"",    0.2,"",
"Language used most often at work","    English and non-official language(s)",,   105,"",    40,"",    60,"",    1.0,"",    0.7,"",    1.1,"",
"Language used most often at work","    French and non-official language(s)",,     0,"",     0,"",     0,"",    0.0,"",    0.0,"",    0.0,"",
"Language used most often at work","    English, French and non-official language(s)",,     0,"",     0,"",     0,"",    0.0,"",    0.0,"",    0.0,"",
"Language used most often at work","    Multiple non-official languages",,     0,"",     0,"",     0,"",    0.0,"",    0.0,"",    0.0,"",
"Other language(s) used regularly at work","Total - Other language(s) used regularly at work for the population in private households aged 15 years and over who worked since January 1, 2020 - 25% sample data",197, 10970,"",  5370,"",  5605,"",  100.0,"",  100.0,"",  100.0,"",
"Other language(s) used regularly at work","  None",, 10460,"",  5135,"",  5320,"",   95.4,"",   95.6,"",   94.9,"",
"Other language(s) used regularly at work","  English",,    95,"",    40,"",    50,"",    0.9,"",    0.7,"",    0.9,"",
"Other language(s) used regularly at work","  French",,    90,"",    40,"",    55,"",    0.8,"",    0.7,"",    1.0,"",
"Other language(s) used regularly at work","  Non-official language",,   265,"",   135,"",   130,"",    2.4,"",    2.5,"",    2.3,"",
"Other language(s) used regularly at work","    Indigenous",39,     0,"",     0,"",     0,"",    0.0,"",    0.0,"",    0.0,"",
"Other language(s) used regularly at work","    Non-Indigenous",,   265,"",   135,"",   130,"",    2.4,"",    2.5,"",    2.3,"",
"Other language(s) used regularly at work","  English and French",,     0,"",     0,"",     0,"",    0.0,"",    0.0,"",    0.0,"",
"Other language(s) used regularly at work","  English and non-official language(s)",,    35,"",    15,"",    25,"",    0.3,"",    0.3,"",    0.4,"",
"Other language(s) used regularly at work","  French and non-official language(s)",,     0,"",     0,"",     0,"",    0.0,"",    0.0,"",    0.0,"",
"Other language(s) used regularly at work","  English, French and non-official language(s)",,     0,"",     0,"",     0,"",    0.0,"",    0.0,"",    0.0,"",
"Other language(s) used regularly at work","  Multiple non-official languages",,    20,"",     0,"",    15,"",    0.2,"",    0.0,"",    0.3,"",
"Place of work status","Total - Place of work status for the employed labour force aged 15 years and over - 25% sample data",198,  9210,"",  4630,"",  4585,"",  100.0,"",  100.0,"",  100.0,"",
"Place of work status","  Worked at home",,  2355,"",  1130,"",  1225,"",   25.6,"",   24.4,"",   26.7,"",
"Place of work status","  Worked outside Canada",,    90,"",    50,"",    40,"",    1.0,"",    1.1,"",    0.9,"",
"Place of work status","  No fixed workplace address",,  1370,"",  1045,"",   325,"",   14.9,"",   22.6,"",    7.1,"",
"Place of work status","  Usual place of work",,  5395,"",  2400,"",  2995,"",   58.6,"",   51.8,"",   65.3,"",
"Commuting destination","Total - Commuting destination for the employed labour force aged 15 years and over with a usual place of work - 25% sample data",199,  5390,"",  2400,"",  2995,"",  100.0,"",  100.0,"",  100.0,"",
"Commuting destination","  Commute within census subdivision (CSD) of residence",,  1040,"",   370,"",   675,"",   19.3,"",   15.4,"",   22.5,"",
"Commuting destination","  Commute to a different census subdivision (CSD) within census division (CD) of residence",,  4170,"",  1950,"",  2215,"",   77.4,"",   81.3,"",   74.0,"",
"Commuting destination","  Commute to a different census subdivision (CSD) and census division (CD) within province or territory of residence",,   150,"",    60,"",    90,"",    2.8,"",    2.5,"",    3.0,"",
"Commuting destination","  Commute to a different province or territory",,    35,"",    20,"",    15,"",    0.6,"",    0.8,"",    0.5,"",
"Main mode of commuting","Total - Main mode of commuting for the employed labour force aged 15 years and over with a usual place of work or no fixed workplace address - 25% sample data",200,  6765,"",  3440,"",  3320,"",  100.0,"",  100.0,"",  100.0,"",
"Main mode of commuting","  Car, truck or van",,  5630,"",  2960,"",  2670,"",   83.2,"",   86.0,"",   80.4,"",
"Main mode of commuting","    Car, truck or van - as a driver",,  5290,"",  2810,"",  2480,"",   78.2,"",   81.7,"",   74.7,"",
"Main mode of commuting","    Car, truck or van - as a passenger",,   340,"",   150,"",   190,"",    5.0,"",    4.4,"",    5.7,"",
"Main mode of commuting","  Public transit",,   385,"",   190,"",   200,"",    5.7,"",    5.5,"",    6.0,"",
"Main mode of commuting","  Walked",,   520,"",   175,"",   345,"",    7.7,"",    5.1,"",   10.4,"",
"Main mode of commuting","  Bicycle",,    40,"",    20,"",    20,"",    0.6,"",    0.6,"",    0.6,"",
"Main mode of commuting","  Other method",,   180,"",    90,"",    90,"",    2.7,"",    2.6,"",    2.7,"",
"Commuting duration","Total - Commuting duration for the employed labour force aged 15 years and over with a usual place of work or no fixed workplace address - 25% sample data",201,  6765,"",  3440,"",  3320,"",  100.0,"",  100.0,"",  100.0,"",
"Commuting duration","  Less than 15 minutes",,  1840,"",   650,"",  1190,"",   27.2,"",   18.9,"",   35.8,"",
"Commuting duration","  15 to 29 minutes",,  1660,"",   840,"",   820,"",   24.5,"",   24.4,"",   24.7,"",
"Commuting duration","  30 to 44 minutes",,  1880,"",  1105,"",   770,"",   27.8,"",   32.1,"",   23.2,"",
"Commuting duration","  45 to 59 minutes",,   790,"",   450,"",   345,"",   11.7,"",   13.1,"",   10.4,"",
"Commuting duration","  60 minutes and over",,   590,"",   400,"",   195,"",    8.7,"",   11.6,"",    5.9,"",
"Time leaving for work","Total - Time leaving for work for the employed labour force aged 15 years and over with a usual place of work or no fixed workplace address - 25% sample data",202,  6765,"",  3440,"",  3320,"",  100.0,"",  100.0,"",  100.0,"",
"Time leaving for work","  Between 5 a.m. and 5:59 a.m.",,   480,"",   345,"",   135,"",    7.1,"",   10.0,"",    4.1,"",
"Time leaving for work","  Between 6 a.m. and 6:59 a.m.",,   930,"",   675,"",   255,"",   13.7,"",   19.6,"",    7.7,"",
"Time leaving for work","  Between 7 a.m. and 7:59 a.m.",,  1540,"",   680,"",   860,"",   22.8,"",   19.8,"",   25.9,"",
"Time leaving for work","  Between 8 a.m. and 8:59 a.m.",,  1590,"",   735,"",   850,"",   23.5,"",   21.4,"",   25.6,"",
"Time leaving for work","  Between 9 a.m. and 11:59 a.m.",,  1295,"",   495,"",   800,"",   19.1,"",   14.4,"",   24.1,"",
"Time leaving for work","  Between 12 p.m. and 4:59 a.m.",,   930,"",   510,"",   420,"",   13.7,"",   14.8,"",   12.7,"",
"Children eligible for instruction in the minority official language","Total - Eligibility for instruction in the minority official language for the population in private households born in 2003 or later - 100% data",203,  2540,"",  1325,"",  1220,"",  100.0,"",  100.0,"",  100.0,"",
"Children eligible for instruction in the minority official language","  Children eligible for instruction in the minority official language",,   145,"",    75,"",    70,"",    5.7,"",    5.7,"",    5.7,"",
"Children eligible for instruction in the minority official language","  Children not eligible for instruction in the minority official language",,  2400,"",  1250,"",  1155,"",   94.5,"",   94.3,"",   94.7,"",
"Eligibility and instruction in the minority official language for school-aged children","Total - Eligibility and instruction in the minority official language, for the population in private households born between 2003 and 2015 (inclusive) - 100% data",204,  1950,"",  1025,"",   925,"",  100.0,"",  100.0,"",  100.0,"",
"Eligibility and instruction in the minority official language for school-aged children","  Children eligible for instruction in the minority official language",,   115,"",    65,"",    50,"",    5.9,"",    6.3,"",    5.4,"",
"Eligibility and instruction in the minority official language for school-aged children","    Eligible children who have been instructed in the minority official language at the primary or secondary level in Canada",,    50,"",    30,"",    20,"",    2.6,"",    2.9,"",    2.2,"",
"Eligibility and instruction in the minority official language for school-aged children","    Eligible children who have not been instructed in the minority official language at the primary or secondary level in Canada",,    70,"",    40,"",    30,"",    3.6,"",    3.9,"",    3.2,"",
"Eligibility and instruction in the minority official language for school-aged children","  Children not eligible for instruction in the minority official language",,  1830,"",   960,"",   870,"",   93.8,"",   93.7,"",   94.1,"",

Symbols:
...,"not applicable"


Notes:
1,2021 and 2016 population
,Statistics Canada is committed to protect the privacy of all Canadians and the confidentiality of the data they provide to us. As part of this commitment  some population counts of geographic areas are adjusted in order to ensure confidentiality.
,The adjustment to counts of the total population for any dissemination block is controlled to ensure that the population counts for dissemination areas will always be within 5 of the actual values. The adjustment has no impact on the population counts of census divisions and large census subdivisions.

2,Total private dwellings
,Private dwelling refers to a separate set of living quarters with a private entrance either from outside the building or from a common hall  lobby  vestibule or stairway inside the building. The entrance to the dwelling must be one that can be used without passing through the living quarters of some other person or group of persons.

3,Private dwellings occupied by usual residents
,A private dwelling occupied by usual residents refers to a private dwelling in which a person or a group of persons is permanently residing. Also included are private dwellings whose usual residents are temporarily absent on May 11  2021.

4,The category 'Movable dwelling' includes mobile homes and other movable dwellings such as houseboats  recreational vehicles and railroad cars.

5,A census family is defined as a married couple (with or without children)  a common-law couple (with or without children) or a one-parent family. For more information  refer to the Census Dictionary: Census family structure.

6,There is no age restriction on children. Includes children living with a grandparent or grandparents without a parent present.

7,Includes foster children.

8,Multigenerational households represent all households where there is at least one person who is both the grandparent of a person in the household and the parent of another person in the same household. They also represent all households where there is at least one person who is both the child of a person in the household and the grandchild of another person in the same household. In previous censuses  multigenerational households were only created based on the former definition  not the latter. As a result  there may be small differences in counts for 2011 and 2016 in archived tables.

9,Excludes multigenerational households.

10,Total income - The sum of certain incomes (in cash and  in some circumstances  in kind) of the statistical unit during a specified reference period. The components used to calculate total income vary between:


    *statistical units of social statistical programs such as persons  private households  census families and economic families;
,
    *statistical units of business statistical programs such as enterprises  companies  establishments and locations;
,
    *statistical units of farm statistical programs such as farm operator and farm family.
,

In the context of persons  total income refers to receipts from certain sources  before income taxes and deductions  during a specified reference period.

In the context of census families  total income refers to receipts from certain sources of all of its family members  before income taxes and deductions  during a specified reference period.

In the context of economic families  total income refers to receipts from certain sources of all of its family members  before income taxes and deductions  during a specified reference period.

In the context of households  total income refers to receipts from certain sources of all household members  before income taxes and deductions  during a specified reference period.

The monetary receipts included are those that tend to be of a regular and recurring nature. Receipts that are included as income are:


    *employment income from wages  salaries  tips  commissions and net income from self-employment (for both unincorporated farm and non-farm activities);
,
    *income from investment sources  such as dividends and interest on bonds  accounts  guaranteed investment certificates (GICs) and mutual funds;
,
    *income from employer and personal pension sources  such as private pensions and payments from annuities and registered retirement income funds (RRIFs);
,
    *other regular cash income  such as child support payments received  spousal support payments (alimony) received and scholarships;
,
    *income from government sources  such as social assistance  child benefits  Employment Insurance benefits  Old Age Security benefits  COVID-19 benefits and Canada Pension Plan and Québec Pension Plan benefits and disability income.
,

Receipts excluded from this income definition are:


    *one-time receipts  such as lottery winnings  gambling winnings  cash inheritances  lump-sum insurance settlements and tax-free savings account (TFSA) or registered retirement savings plan (RRSP) withdrawals;
,
    *capital gains because they are not by their nature regular and recurring. It is further assumed that they are more relevant to the concept of wealth than the concept of income;
,
    *employers' contributions to registered pension plans  Canada Pension Plan  Québec Pension Plan and Employment Insurance;
,
    *voluntary inter-household transfers  imputed rent  goods and services produced for barter and goods produced for own consumption.
,

After-tax income - Total income less income taxes of the statistical unit during a specified reference period. Income taxes refers to the sum of federal income taxes  provincial and territorial income taxes  less abatement where applicable. Provincial and territorial income taxes include health care premiums in certain jurisdictions. Abatement reduces the federal income taxes payable by persons residing in Quebec or in certain self-governing Yukon First Nation settlement lands.

Market income - The sum of employment income (wages  salaries and commissions  net self-employment income from farm or non-farm unincorporated business and/or professional practice)  investment income  private retirement income (retirement pensions  superannuation and annuities  including those from registered retirement savings plans [RRSPs] and registered retirement income funds [RRIFs]) and other money income from market sources during the reference period. It is equivalent to total income minus government transfers. It is also referred to as income before transfers and taxes.

Government transfers - All cash benefits received from federal  provincial  territorial or municipal governments during the reference period. It includes:


    *Old Age Security pension  Guaranteed Income Supplement  Allowance or Allowance for the Survivor;
,
    *retirement  disability and survivor benefits from Canada Pension Plan and Québec Pension Plan;
,
    *benefits from Employment Insurance and Québec parental insurance plan;
,
    *child benefits from federal and provincial programs;
,
    *social assistance benefits;
,
    *workers' compensation benefits;
,
    *Canada workers benefit (CWB);
,
    *Goods and services tax credit and harmonized sales tax credit;
,
    *other income from government sources.
,

For the 2021 Census  this includes various benefits from new and existing federal  provincial and territorial government income programs intended to provide financial support to individuals affected by the COVID-19 pandemic and the public health measures implemented to minimize the spread of the virus.

Employment income - All income received as wages  salaries and commissions from paid employment and net self-employment income from farm or non-farm unincorporated business and/or professional practice during the reference period.

For the 2021 Census  the reference period for income data is the calendar year 2020  unless otherwise specified.

Median income - The median income of a specified group is the amount that divides the income distribution of that group into two halves  i.e.  the incomes of half of the units in that group are below the median  while those of the other half are above the median. Median incomes of individuals are calculated for those with income (positive or negative).

11,Total income - The sum of certain incomes (in cash and  in some circumstances  in kind) of the statistical unit during a specified reference period. The components used to calculate total income vary between:


    *statistical units of social statistical programs such as persons  private households  census families and economic families;
,
    *statistical units of business statistical programs such as enterprises  companies  establishments and locations;
,
    *statistical units of farm statistical programs such as farm operator and farm family.
,

In the context of persons  total income refers to receipts from certain sources  before income taxes and deductions  during a specified reference period.

In the context of census families  total income refers to receipts from certain sources of all of its family members  before income taxes and deductions  during a specified reference period.

In the context of economic families  total income refers to receipts from certain sources of all of its family members  before income taxes and deductions  during a specified reference period.

In the context of households  total income refers to receipts from certain sources of all household members  before income taxes and deductions  during a specified reference period.

The monetary receipts included are those that tend to be of a regular and recurring nature. Receipts that are included as income are:


    *employment income from wages  salaries  tips  commissions and net income from self-employment (for both unincorporated farm and non-farm activities);
,
    *income from investment sources  such as dividends and interest on bonds  accounts  guaranteed investment certificates (GICs) and mutual funds;
,
    *income from employer and personal pension sources  such as private pensions and payments from annuities and registered retirement income funds (RRIFs);
,
    *other regular cash income  such as child support payments received  spousal support payments (alimony) received and scholarships;
,
    * income from government sources  such as social assistance  child benefits  Employment Insurance benefits  Old Age Security benefits  COVID-19 benefits and Canada Pension Plan and Québec Pension Plan benefits and disability income.
,

Receipts excluded from this income definition are:


    *one-time receipts  such as lottery winnings  gambling winnings  cash inheritances  lump-sum insurance settlements and tax-free savings account (TFSA) or registered retirement savings plan (RRSP) withdrawals;
,
    *capital gains because they are not by their nature regular and recurring. It is further assumed that they are more relevant to the concept of wealth than the concept of income;
    *employers' contributions to registered pension plans  Canada Pension Plan  Québec Pension Plan and Employment Insurance;
,
    *voluntary inter-household transfers  imputed rent  goods and services produced for barter and goods produced for own consumption.
,

After-tax income - Total income less income taxes of the statistical unit during a specified reference period. Income taxes refers to the sum of federal income taxes  provincial and territorial income taxes  less abatement where applicable. Provincial and territorial income taxes include health care premiums in certain jurisdictions. Abatement reduces the federal income taxes payable by persons residing in Quebec or in certain self-governing Yukon First Nation settlement lands.

Market income - The sum of employment income (wages  salaries and commissions  net self-employment income from farm or non-farm unincorporated business and/or professional practice)  investment income  private retirement income (retirement pensions  superannuation and annuities  including those from registered retirement savings plans [RRSPs] and registered retirement income funds [RRIFs]) and other money income from market sources during the reference period. It is equivalent to total income minus government transfers. It is also referred to as income before transfers and taxes.

Government transfers - All cash benefits received from federal  provincial  territorial or municipal governments during the reference period. It includes:


    *Old Age Security pension  Guaranteed Income Supplement  Allowance or Allowance for the Survivor;
,
    *retirement  disability and survivor benefits from Canada Pension Plan and Québec Pension Plan;
,
    *benefits from Employment Insurance and Québec parental insurance plan;
,
    *child benefits from federal and provincial programs;
,
    *social assistance benefits;
,
    *workers' compensation benefits;
,
    *Canada workers benefit (CWB);
,
    *Goods and services tax credit and harmonized sales tax credit;
,
    *other income from government sources.
,

For the 2021 Census  this includes various benefits from new and existing federal  provincial and territorial government income programs intended to provide financial support to individuals affected by the COVID-19 pandemic and the public health measures implemented to minimize the spread of the virus.

Employment income - All income received as wages  salaries and commissions from paid employment and net self-employment income from farm or non-farm unincorporated business and/or professional practice during the reference period.

For the 2021 Census  the reference period for income data is the calendar year 2020  unless otherwise specified.

Average income of a specified group is calculated by dividing the aggregate income of that group by the number of units in that group. Average incomes of individuals are calculated for those with income (positive or negative).




12,Employment income - All income received as wages  salaries and commissions from paid employment and net self-employment income from farm or non-farm unincorporated business and/or professional practice during the reference period. For the 2021 Census  the reference period for income data is the calendar year 2020  unless otherwise specified.

13,Full-year full-time workers - Persons aged 15 years and over who worked mostly full time (30 hours or more per week) and full year (49 weeks and over per year) in 2020. For more information  see variable work activity in 2020  Dictionary  Census of Population  2021.

14,Median income - The median income of a specified group is the amount that divides the income distribution of that group into two halves  i.e.  the incomes of half of the units in that group are below the median  while those of the other half are above the median. Median incomes of individuals are calculated for those with income (positive or negative).

15,Average income - Average income of a specified group is calculated by dividing the aggregate income of that group by the number of units in that group. Average incomes of individuals are calculated for those with income (positive or negative).

16,Part year or part time workers - Persons aged 15 years and over who worked mostly part time (less than 30 hours per week) or 48 weeks or less during 2020. For more information  see variable work activity in 2020  Dictionary  Census of Population  2021.

17,Composition of total income - The composition of the total income of a population group or a geographic area refers to the relative share of each income source or group of sources  expressed as a percentage of the aggregate total income of that group or area.

For the 2021 Census  the reference period for income data is the calendar year 2020  unless otherwise specified.

18,Market income - The sum of employment income (wages  salaries and commissions  net self-employment income from farm or non-farm unincorporated business and/or professional practice)  investment income  private retirement income (retirement pensions  superannuation and annuities  including those from registered retirement savings plans [RRSPs] and registered retirement income funds [RRIFs]) and other money income from market sources during the reference period. It is equivalent to total income minus government transfers. It is also referred to as income before transfers and taxes.

For the 2021 Census  the reference period for income data is the calendar year 2020  unless otherwise specified.

19,Employment income - All income received as wages  salaries and commissions from paid employment and net self-employment income from farm or non-farm unincorporated business and/or professional practice during the reference period. 

For the 2021 Census  the reference period for income data is the calendar year 2020  unless otherwise specified.

20,Government transfers - All cash benefits received from federal  provincial  territorial or municipal governments during the reference period. It includes:


    *Old Age Security pension  Guaranteed Income Supplement  Allowance or Allowance for the Survivor;
,
    *retirement  disability and survivor benefits from Canada Pension Plan and Québec Pension Plan;
,
    *benefits from Employment Insurance and Québec parental insurance plan;
,
    *child benefits from federal and provincial programs;
,
    *social assistance benefits;
,
    *workers' compensation benefits;
,
    *Canada workers benefit (CWB);
,
    *Goods and services tax credit and harmonized sales tax credit;
,
    *other income from government sources.
,

For the 2021 Census  this includes various benefits from new and existing federal  provincial and territorial government income programs intended to provide financial support to individuals affected by the COVID-19 pandemic and the public health measures implemented to minimize the spread of the virus.

For the 2021 Census  the reference period for income data is the calendar year 2020  unless otherwise specified.

21,Total income - The sum of certain incomes (in cash and  in some circumstances  in kind) of the statistical unit during a specified reference period. The components used to calculate total income vary between:


    *statistical units of social statistical programs such as persons  private households  census families and economic families;
,
    *statistical units of business statistical programs such as enterprises  companies  establishments and locations;
,
    *statistical units of farm statistical programs such as farm operator and farm family.
,

In the context of persons  total income refers to receipts from certain sources  before income taxes and deductions  during a specified reference period.

In the context of census families  total income refers to receipts from certain sources of all of its family members  before income taxes and deductions  during a specified reference period.

In the context of economic families  total income refers to receipts from certain sources of all of its family members  before income taxes and deductions  during a specified reference period.

In the context of households  total income refers to receipts from certain sources of all household members  before income taxes and deductions  during a specified reference period.

The monetary receipts included are those that tend to be of a regular and recurring nature. Receipts that are included as income are:


    *employment income from wages  salaries  tips  commissions and net income from self-employment (for both unincorporated farm and non-farm activities);
,
    *income from investment sources  such as dividends and interest on bonds  accounts  guaranteed investment certificates (GICs) and mutual funds;
,
    *income from employer and personal pension sources  such as private pensions and payments from annuities and registered retirement income funds (RRIFs);
,
    *other regular cash income  such as child support payments received  spousal support payments (alimony) received and scholarships;
,
    *income from government sources  such as social assistance  child benefits  Employment Insurance benefits  Old Age Security benefits  COVID-19 benefits and Canada Pension Plan and Québec Pension Plan benefits and disability income.
,

Receipts excluded from this income definition are:


    *one-time receipts  such as lottery winnings  gambling winnings  cash inheritances  lump-sum insurance settlements and tax-free savings account (TFSA) or registered retirement savings plan (RRSP) withdrawals;
,
    *capital gains because they are not by their nature regular and recurring. It is further assumed that they are more relevant to the concept of wealth than the concept of income;
,
    *employers' contributions to registered pension plans  Canada Pension Plan  Québec Pension Plan and Employment Insurance;
,
    *voluntary inter-household transfers  imputed rent  goods and services produced for barter and goods produced for own consumption.
,

For the 2021 Census  the reference period for income data is the calendar year 2020  unless otherwise specified.

22,After-tax income - After-tax income refers to total income less income taxes of the statistical unit during a specified reference period. Income taxes refers to the sum of federal income taxes  provincial and territorial income taxes  less abatement where applicable. Provincial and territorial income taxes include health care premiums in certain jurisdictions. Abatement reduces the federal income taxes payable by persons residing in Quebec or in certain self-governing Yukon First Nation settlement lands.

For the 2021 Census  the reference period for income data is the calendar year 2020  unless otherwise specified.

23,Total income - The sum of certain incomes (in cash and  in some circumstances  in kind) of the statistical unit during a specified reference period. The components used to calculate total income vary between:


    *statistical units of social statistical programs such as persons  private households  census families and economic families;
,
    *statistical units of business statistical programs such as enterprises  companies  establishments and locations;
,
    *statistical units of farm statistical programs such as farm operator and farm family.
,

In the context of persons  total income refers to receipts from certain sources  before income taxes and deductions  during a specified reference period.

In the context of census families  total income refers to receipts from certain sources of all of its family members  before income taxes and deductions  during a specified reference period.

In the context of economic families  total income refers to receipts from certain sources of all of its family members  before income taxes and deductions  during a specified reference period.

In the context of households  total income refers to receipts from certain sources of all household members  before income taxes and deductions  during a specified reference period.
The monetary receipts included are those that tend to be of a regular and recurring nature. Receipts that are included as income are:


    *employment income from wages  salaries  tips  commissions and net income from self-employment (for both unincorporated farm and non-farm activities);
,
    *income from investment sources  such as dividends and interest on bonds  accounts  guaranteed investment certificates (GICs) and mutual funds;
,
    *income from employer and personal pension sources  such as private pensions and payments from annuities and registered retirement income funds (RRIFs);
,
    *other regular cash income  such as child support payments received  spousal support payments (alimony) received and scholarships;
,
    *income from government sources  such as social assistance  child benefits  Employment Insurance benefits  Old Age Security benefits  Canada Pension Plan and Québec Pension Plan benefits and disability income.
,

Receipts excluded from this income definition are:


    *one-time receipts  such as lottery winnings  gambling winnings  cash inheritances  lump-sum insurance settlements and tax-free savings account (TFSA) or registered retirement savings plan (RRSP) withdrawals;
,
    *capital gains because they are not by their nature regular and recurring. It is further assumed that they are more relevant to the concept of wealth than the concept of income;
,
    *employers' contributions to registered pension plans  Canada Pension Plan  Québec Pension Plan and Employment Insurance;
,
    *voluntary inter-household transfers  imputed rent  goods and services produced for barter and goods produced for own consumption.
,

After-tax income - Total income less income taxes of the statistical unit during a specified reference period. Income taxes refers to the sum of federal income taxes  provincial and territorial income taxes  less abatement where applicable. Provincial and territorial income taxes include health care premiums in certain jurisdictions. Abatement reduces the federal income taxes payable by persons residing in Quebec or in certain self-governing Yukon First Nation settlement lands.

Market income - The sum of employment income (wages  salaries and commissions  net self-employment income from farm or non-farm unincorporated business and/or professional practice)  investment income  private retirement income (retirement pensions  superannuation and annuities  including those from registered retirement savings plans [RRSPs] and registered retirement income funds [RRIFs]) and other money income from market sources during the reference period. It is equivalent to total income minus government transfers. It is also referred to as income before transfers and taxes.

Government transfers - All cash benefits received from federal  provincial  territorial or municipal governments during the reference period. It includes:


    *Old Age Security pension  Guaranteed Income Supplement  Allowance or Allowance for the Survivor;
,
    *retirement  disability and survivor benefits from Canada Pension Plan and Québec Pension Plan;
,
    *benefits from Employment Insurance and Québec parental insurance plan;
,
    *child benefits from federal and provincial programs;
,
    *social assistance benefits;
,
    *workers' compensation benefits;
,
    *Canada workers benefit (CWB);
,
    *Goods and services tax credit and harmonized sales tax credit;
,
    *other income from government sources.
,

Employment income - All income received as wages  salaries and commissions from paid employment and net self-employment income from farm or non-farm unincorporated business and/or professional practice during the reference period.

Employment Insurance (EI) benefits - All Employment Insurance (EI) benefits received during the reference period  before income tax deductions. It includes benefits for unemployment  sickness  maternity  paternity  adoption  compassionate care  work sharing  retraining  and benefits to self-employed fishers received under the federal EI Program or the Québec parental insurance plan.

The reference period for these variables is calendar year 2019. These variables are intended for comparison with their 2020 equivalent and other 2019 income variables. Income for 2019 is presented in 2020 constant dollars.

Median income - The median income of a specified group is the amount that divides the income distribution of that group into two halves  i.e.  the incomes of half of the units in that group are below the median  while those of the other half are above the median. Median incomes of individuals are calculated for those with income (positive or negative).

24,Total income - The sum of certain incomes (in cash and  in some circumstances  in kind) of the statistical unit during a specified reference period. The components used to calculate total income vary between:

    *statistical units of social statistical programs such as persons  private households  census families and economic families;

,    *statistical units of business statistical programs such as enterprises  companies  establishments and locations;

,    *statistical units of farm statistical programs such as farm operator and farm family.

,In the context of persons  total income refers to receipts from certain sources  before income taxes and deductions  during a specified reference period.
In the context of census families  total income refers to receipts from certain sources of all of its family members  before income taxes and deductions  during a specified reference period.
In the context of economic families  total income refers to receipts from certain sources of all of its family members  before income taxes and deductions  during a specified reference period.
In the context of households  total income refers to receipts from certain sources of all household members  before income taxes and deductions  during a specified reference period.
The monetary receipts included are those that tend to be of a regular and recurring nature. Receipts that are included as income are:
    *employment income from wages  salaries  tips  commissions and net income from self-employment (for both unincorporated farm and non-farm activities);

,    *income from investment sources  such as dividends and interest on bonds  accounts  guaranteed investment certificates (GICs) and mutual funds;
,    *income from employer and personal pension sources  such as private pensions and payments from annuities and registered retirement income funds (RRIFs);
,    *other regular cash income  such as child support payments received  spousal support payments (alimony) received and scholarships;
,    *income from government sources  such as social assistance  child benefits  Employment Insurance benefits  Old Age Security benefits  Canada Pension Plan and Québec Pension Plan benefits and disability income.

,
Receipts excluded from this income definition are:
    *one-time receipts  such as lottery winnings  gambling winnings  cash inheritances  lump-sum insurance settlements and tax-free savings account (TFSA) or registered retirement savings plan (RRSP) withdrawals;
,    *capital gains because they are not by their nature regular and recurring. It is further assumed that they are more relevant to the concept of wealth than the concept of income;
,    *employers' contributions to registered pension plans  Canada Pension Plan  Québec Pension Plan and Employment Insurance;
,    *voluntary inter-household transfers  imputed rent  goods and services produced for barter and goods produced for own consumption.
,

After-tax income - Total income less income taxes of the statistical unit during a specified reference period. Income taxes refers to the sum of federal income taxes  provincial and territorial income taxes  less abatement where applicable. Provincial and territorial income taxes include health care premiums in certain jurisdictions. Abatement reduces the federal income taxes payable by persons residing in Quebec or in certain self-governing Yukon First Nation settlement lands.
Market income - The sum of employment income (wages  salaries and commissions  net self-employment income from farm or non-farm unincorporated business and/or professional practice)  investment income  private retirement income (retirement pensions  superannuation and annuities  including those from registered retirement savings plans [RRSPs] and registered retirement income funds [RRIFs]) and other money income from market sources during the reference period. It is equivalent to total income minus government transfers. It is also referred to as income before transfers and taxes.
Government transfers - All cash benefits received from federal  provincial  territorial or municipal governments during the reference period. It includes:
    *Old Age Security pension  Guaranteed Income Supplement  Allowance or Allowance for the Survivor;
,    *retirement  disability and survivor benefits from Canada Pension Plan and Québec Pension Plan;
,    *benefits from Employment Insurance and Québec parental insurance plan;
,    *child benefits from federal and provincial programs;
,    *social assistance benefits;
- workers' compensation benefits;
,    *Canada workers benefit (CWB);
,    *Goods and services tax credit and harmonized sales tax credit;
,    *other income from government sources.
,Employment income - All income received as wages  salaries and commissions from paid employment and net self-employment income from farm or non-farm unincorporated business and/or professional practice during the reference period.
Employment Insurance (EI) benefits - All Employment Insurance (EI) benefits received during the reference period  before income tax deductions. It includes benefits for unemployment  sickness  maternity  paternity  adoption  compassionate care  work sharing  retraining  and benefits to self-employed fishers received under the federal EI Program or the Québec parental insurance plan.
The reference period for these variables is calendar year 2019. These variables are intended for comparison with their 2020 equivalent and other 2019 income variables. Income for 2019 is presented in 2020 constant dollars.
Average income of a specified group is calculated by dividing the aggregate income of that group by the number of units in that group. Average incomes of individuals are calculated for those with income (positive or negative).

25,Employment income - All income received as wages  salaries and commissions from paid employment and net self-employment income from farm or non-farm unincorporated business and/or professional practice during the reference period. The reference period for this variable is calendar year 2019. The variable is intended for comparison with its 2020 equivalent and other 2019 income variables. Income for 2019 is presented in 2020 constant dollars.

26,Total income - The sum of certain incomes (in cash and  in some circumstances  in kind) of the statistical unit during a specified reference period. The components used to calculate total income vary between:


    *statistical units of social statistical programs such as persons  private households  census families and economic families;
,
    *statistical units of business statistical programs such as enterprises  companies  establishments and locations;
,
    *statistical units of farm statistical programs such as farm operator and farm family.
,

In the context of persons  total income refers to receipts from certain sources  before income taxes and deductions  during a specified reference period.

In the context of census families  total income refers to receipts from certain sources of all of its family members  before income taxes and deductions  during a specified reference period.

In the context of economic families  total income refers to receipts from certain sources of all of its family members  before income taxes and deductions  during a specified reference period.

In the context of households  total income refers to receipts from certain sources of all household members  before income taxes and deductions  during a specified reference period.

The monetary receipts included are those that tend to be of a regular and recurring nature. Receipts that are included as income are:


    *employment income from wages  salaries  tips  commissions and net income from self-employment (for both unincorporated farm and non-farm activities);
,
    *income from investment sources  such as dividends and interest on bonds  accounts  guaranteed investment certificates (GICs) and mutual funds;
,
    *income from employer and personal pension sources  such as private pensions and payments from annuities and registered retirement income funds (RRIFs);
,
    *other regular cash income  such as child support payments received  spousal support payments (alimony) received and scholarships;
,
    *income from government sources  such as social assistance  child benefits  Employment Insurance benefits  Old Age Security benefits  COVID-19 benefits and Canada Pension Plan and Québec Pension Plan benefits and disability income.
,

Receipts excluded from this income definition are:


    *one-time receipts  such as lottery winnings  gambling winnings  cash inheritances  lump-sum insurance settlements and tax-free savings account (TFSA) or registered retirement savings plan (RRSP) withdrawals;
,
    *capital gains because they are not by their nature regular and recurring. It is further assumed that they are more relevant to the concept of wealth than the concept of income;
,
    *employers' contributions to registered pension plans  Canada Pension Plan  Québec Pension Plan and Employment Insurance;
,
    *voluntary inter-household transfers  imputed rent  goods and services produced for barter and goods produced for own consumption.
,

After-tax income - Total income less income taxes of the statistical unit during a specified reference period. Income taxes refers to the sum of federal income taxes  provincial and territorial income taxes  less abatement where applicable. Provincial and territorial income taxes include health care premiums in certain jurisdictions. Abatement reduces the federal income taxes payable by persons residing in Quebec or in certain self-governing Yukon First Nation settlement lands.

For the 2021 Census  the reference period for income data is the calendar year 2020  unless otherwise specified.

Median income - The median income of a specified group is the amount that divides the income distribution of that group into two halves  i.e.  the incomes of half of the units in that group are below the median  while those of the other half are above the median. Median incomes of households are calculated for all units  whether or not they had income.

27,Total income - The sum of certain incomes (in cash and  in some circumstances  in kind) of the statistical unit during a specified reference period. The components used to calculate total income vary between:
    *statistical units of social statistical programs such as persons  private households  census families and economic families;
,    *statistical units of business statistical programs such as enterprises  companies  establishments and locations;
,    *statistical units of farm statistical programs such as farm operator and farm family.
,In the context of persons  total income refers to receipts from certain sources  before income taxes and deductions  during a specified reference period.
In the context of census families  total income refers to receipts from certain sources of all of its family members  before income taxes and deductions  during a specified reference period.
In the context of economic families  total income refers to receipts from certain sources of all of its family members  before income taxes and deductions  during a specified reference period.
In the context of households  total income refers to receipts from certain sources of all household members  before income taxes and deductions  during a specified reference period.
The monetary receipts included are those that tend to be of a regular and recurring nature. Receipts that are included as income are:
    *employment income from wages  salaries  tips  commissions and net income from self-employment (for both unincorporated farm and non-farm activities);
,    *income from investment sources  such as dividends and interest on bonds  accounts  guaranteed investment certificates (GICs) and mutual funds;
,    *income from employer and personal pension sources  such as private pensions and payments from annuities and registered retirement income funds (RRIFs);
,    *other regular cash income  such as child support payments received  spousal support payments (alimony) received and scholarships;
,    *income from government sources  such as social assistance  child benefits  Employment Insurance benefits  Old Age Security benefits  COVID-19 benefits and Canada Pension Plan and Québec Pension Plan benefits and disability income.
,Receipts excluded from this income definition are:
    *one-time receipts  such as lottery winnings  gambling winnings  cash inheritances  lump-sum insurance settlements and tax-free savings account (TFSA) or registered retirement savings plan (RRSP) withdrawals;
,    *capital gains because they are not by their nature regular and recurring. It is further assumed that they are more relevant to the concept of wealth than the concept of income;
,    *employers' contributions to registered pension plans  Canada Pension Plan  Québec Pension Plan and Employment Insurance;
,    *voluntary inter-household transfers  imputed rent  goods and services produced for barter and goods produced for own consumption.
,After-tax income - Total income less income taxes of the statistical unit during a specified reference period. Income taxes refers to the sum of federal income taxes  provincial and territorial income taxes  less abatement where applicable. Provincial and territorial income taxes include health care premiums in certain jurisdictions. Abatement reduces the federal income taxes payable by persons residing in Quebec or in certain self-governing Yukon First Nation settlement lands.
For the 2021 Census  the reference period for income data is the calendar year 2020  unless otherwise specified.
Average income - Average income of a specified group is calculated by dividing the aggregate income of that group by the number of units in that group. Average incomes of households are calculated for all units  whether or not they had income.

28,Total income - The sum of certain incomes (in cash and  in some circumstances  in kind) of the statistical unit during a specified reference period. The components used to calculate total income vary between:


    *statistical units of social statistical programs such as persons  private households  census families and economic families;
,
    *statistical units of business statistical programs such as enterprises  companies  establishments and locations;
,
    *statistical units of farm statistical programs such as farm operator and farm family.
,

In the context of persons  total income refers to receipts from certain sources  before income taxes and deductions  during a specified reference period.

In the context of census families  total income refers to receipts from certain sources of all of its family members  before income taxes and deductions  during a specified reference period.

In the context of economic families  total income refers to receipts from certain sources of all of its family members  before income taxes and deductions  during a specified reference period.

In the context of households  total income refers to receipts from certain sources of all household members  before income taxes and deductions  during a specified reference period.

The monetary receipts included are those that tend to be of a regular and recurring nature. Receipts that are included as income are:


    *employment income from wages  salaries  tips  commissions and net income from self-employment (for both unincorporated farm and non-farm activities);
,
    *income from investment sources  such as dividends and interest on bonds  accounts  guaranteed investment certificates (GICs) and mutual funds;
,
    *income from employer and personal pension sources  such as private pensions and payments from annuities and registered retirement income funds (RRIFs);
,
    *other regular cash income  such as child support payments received  spousal support payments (alimony) received and scholarships;
,
    *income from government sources  such as social assistance  child benefits  Employment Insurance benefits  Old Age Security benefits  COVID-19 benefits and Canada Pension Plan and Québec Pension Plan benefits and disability income.
,

Receipts excluded from this income definition are:


    *one-time receipts  such as lottery winnings  gambling winnings  cash inheritances  lump-sum insurance settlements and tax-free savings account (TFSA) or registered retirement savings plan (RRSP) withdrawals;
,
    *capital gains because they are not by their nature regular and recurring. It is further assumed that they are more relevant to the concept of wealth than the concept of income;
,
    *employers' contributions to registered pension plans  Canada Pension Plan  Québec Pension Plan and Employment Insurance;
,
    *voluntary inter-household transfers  imputed rent  goods and services produced for barter and goods produced for own consumption.
,

After-tax income - Total income less income taxes of the statistical unit during a specified reference period. Income taxes refers to the sum of federal income taxes  provincial and territorial income taxes  less abatement where applicable. Provincial and territorial income taxes include health care premiums in certain jurisdictions. Abatement reduces the federal income taxes payable by persons residing in Quebec or in certain self-governing Yukon First Nation settlement lands.

For the 2021 Census  the reference period for income data is the calendar year 2020  unless otherwise specified.

Median income - The median income of a specified group is the amount that divides the income distribution of that group into two halves  i.e.  the incomes of half of the units in that group are below the median  while those of the other half are above the median. Median incomes of families are calculated for all units  whether or not they had income.

Economic family structure - The combination of relatives that comprise a family. Classification on this variable considers the presence or absence of: married spouses or common-law partners; children; and other relatives. For more information  refer to the variable 'economic family structure ' Dictionary  Census of Population  2021.

29,Total income - The sum of certain incomes (in cash and  in some circumstances  in kind) of the statistical unit during a specified reference period. The components used to calculate total income vary between:


    *statistical units of social statistical programs such as persons  private households  census families and economic families;
,
    *statistical units of business statistical programs such as enterprises  companies  establishments and locations;
,
    *statistical units of farm statistical programs such as farm operator and farm family.
,

In the context of persons  total income refers to receipts from certain sources  before income taxes and deductions  during a specified reference period.

In the context of census families  total income refers to receipts from certain sources of all of its family members  before income taxes and deductions  during a specified reference period.

In the context of economic families  total income refers to receipts from certain sources of all of its family members  before income taxes and deductions  during a specified reference period.

In the context of households  total income refers to receipts from certain sources of all household members  before income taxes and deductions  during a specified reference period.

The monetary receipts included are those that tend to be of a regular and recurring nature. Receipts that are included as income are:


    *employment income from wages  salaries  tips  commissions and net income from self-employment (for both unincorporated farm and non-farm activities);
,
    *income from investment sources  such as dividends and interest on bonds  accounts  guaranteed investment certificates (GICs) and mutual funds;
,
    *income from employer and personal pension sources  such as private pensions and payments from annuities and registered retirement income funds (RRIFs);
,
    *other regular cash income  such as child support payments received  spousal support payments (alimony) received and scholarships;
,
    *income from government sources  such as social assistance  child benefits  Employment Insurance benefits  Old Age Security benefits  COVID-19 benefits and Canada Pension Plan and Québec Pension Plan benefits and disability income.
,

Receipts excluded from this income definition are:


    *one-time receipts  such as lottery winnings  gambling winnings  cash inheritances  lump-sum insurance settlements and tax-free savings account (TFSA) or registered retirement savings plan (RRSP) withdrawals;
,
    *capital gains because they are not by their nature regular and recurring. It is further assumed that they are more relevant to the concept of wealth than the concept of income;
,
    *employers' contributions to registered pension plans  Canada Pension Plan  Québec Pension Plan and Employment Insurance;
,
    *voluntary inter-household transfers  imputed rent  goods and services produced for barter and goods produced for own consumption.
,

After-tax income - Total income less income taxes of the statistical unit during a specified reference period. Income taxes refers to the sum of federal income taxes  provincial and territorial income taxes  less abatement where applicable. Provincial and territorial income taxes include health care premiums in certain jurisdictions. Abatement reduces the federal income taxes payable by persons residing in Quebec or in certain self-governing Yukon First Nation settlement lands.

For the 2021 Census  the reference period for income data is the calendar year 2020  unless otherwise specified.

Median income - The median income of a specified group is the amount that divides the income distribution of that group into two halves  i.e.  the incomes of half of the units in that group are below the median  while those of the other half are above the median. Median incomes of persons not in families are calculated for all units  whether or not they had income.


30,Calculation includes persons not in economic families without income (with an income of zero).

31,Total income - The sum of certain incomes (in cash and  in some circumstances  in kind) of the statistical unit during a specified reference period. The components used to calculate total income vary between:


    *statistical units of social statistical programs such as persons  private households  census families and economic families;
,
    *statistical units of business statistical programs such as enterprises  companies  establishments and locations;
,
    *statistical units of farm statistical programs such as farm operator and farm family.
,

In the context of persons  total income refers to receipts from certain sources  before income taxes and deductions  during a specified reference period.

In the context of census families  total income refers to receipts from certain sources of all of its family members  before income taxes and deductions  during a specified reference period.

In the context of economic families  total income refers to receipts from certain sources of all of its family members  before income taxes and deductions  during a specified reference period.

In the context of households  total income refers to receipts from certain sources of all household members  before income taxes and deductions  during a specified reference period.

The monetary receipts included are those that tend to be of a regular and recurring nature. Receipts that are included as income are:


    *employment income from wages  salaries  tips  commissions and net income from self-employment (for both unincorporated farm and non-farm activities);
,
    *income from investment sources  such as dividends and interest on bonds  accounts  guaranteed investment certificates (GICs) and mutual funds;
,
    *income from employer and personal pension sources  such as private pensions and payments from annuities and registered retirement income funds (RRIFs);
,
    *other regular cash income  such as child support payments received  spousal support payments (alimony) received and scholarships;
,
- income from government sources  such as social assistance  child benefits  Employment Insurance benefits  Old Age Security benefits  COVID-19 benefits and Canada Pension Plan and Québec Pension Plan benefits and disability income.
,

Receipts excluded from this income definition are:


    *one-time receipts  such as lottery winnings  gambling winnings  cash inheritances  lump-sum insurance settlements and tax-free savings account (TFSA) or registered retirement savings plan (RRSP) withdrawals;
,
    *capital gains because they are not by their nature regular and recurring. It is further assumed that they are more relevant to the concept of wealth than the concept of income;
,
    *employers' contributions to registered pension plans  Canada Pension Plan  Québec Pension Plan and Employment Insurance;
,
    *voluntary inter-household transfers  imputed rent  goods and services produced for barter and goods produced for own consumption.
,

After-tax income - Total income less income taxes of the statistical unit during a specified reference period. Income taxes refers to the sum of federal income taxes  provincial and territorial income taxes  less abatement where applicable. Provincial and territorial income taxes include health care premiums in certain jurisdictions. Abatement reduces the federal income taxes payable by persons residing in Quebec or in certain self-governing Yukon First Nation settlement lands.

For the 2021 Census  the reference period for income data is the calendar year 2020  unless otherwise specified.

Average income - The average income of a specified group is calculated by dividing the aggregate income of that group by the number of units in that group. Average incomes of families are calculated for all units  whether or not they had income.

Economic family structure - The combination of relatives that comprise a family. Classification on this variable considers the presence or absence of: married spouses or common-law partners; children; and other relatives. For more information  refer to the variable 'economic family structure ' Dictionary  Census of Population  2021.

32,Total income - The sum of certain incomes (in cash and  in some circumstances  in kind) of the statistical unit during a specified reference period. The components used to calculate total income vary between:


    *statistical units of social statistical programs such as persons  private households  census families and economic families;
,
    *statistical units of business statistical programs such as enterprises  companies  establishments and locations;
,
    *statistical units of farm statistical programs such as farm operator and farm family.
,

In the context of persons  total income refers to receipts from certain sources  before income taxes and deductions  during a specified reference period.

In the context of census families  total income refers to receipts from certain sources of all of its family members  before income taxes and deductions  during a specified reference period.

In the context of economic families  total income refers to receipts from certain sources of all of its family members  before income taxes and deductions  during a specified reference period.

In the context of households  total income refers to receipts from certain sources of all household members  before income taxes and deductions  during a specified reference period.

The monetary receipts included are those that tend to be of a regular and recurring nature. Receipts that are included as income are:


    *employment income from wages  salaries  tips  commissions and net income from self-employment (for both unincorporated farm and non-farm activities);
,
    *income from investment sources  such as dividends and interest on bonds  accounts  guaranteed investment certificates (GICs) and mutual funds;
,
    *income from employer and personal pension sources  such as private pensions and payments from annuities and registered retirement income funds (RRIFs);
,
    *other regular cash income  such as child support payments received  spousal support payments (alimony) received and scholarships;
,
    *income from government sources  such as social assistance  child benefits  Employment Insurance benefits  Old Age Security benefits  COVID-19 benefits and Canada Pension Plan and Québec Pension Plan benefits and disability income.
,

Receipts excluded from this income definition are:


    *one-time receipts  such as lottery winnings  gambling winnings  cash inheritances  lump-sum insurance settlements and tax-free savings account (TFSA) or registered retirement savings plan (RRSP) withdrawals;
,
    *capital gains because they are not by their nature regular and recurring. It is further assumed that they are more relevant to the concept of wealth than the concept of income;
,
    *employers' contributions to registered pension plans  Canada Pension Plan  Québec Pension Plan and Employment Insurance;
,
    *voluntary inter-household transfers  imputed rent  goods and services produced for barter and goods produced for own consumption.
,

After-tax income - Total income less income taxes of the statistical unit during a specified reference period. Income taxes refers to the sum of federal income taxes  provincial and territorial income taxes  less abatement where applicable. Provincial and territorial income taxes include health care premiums in certain jurisdictions. Abatement reduces the federal income taxes payable by persons residing in Quebec or in certain self-governing Yukon First Nation settlement lands.

For the 2021 Census  the reference period for income data is the calendar year 2020  unless otherwise specified.

Average income - Average income of a specified group is calculated by dividing the aggregate income of that group by the number of units in that group. Average incomes of persons not in families are calculated for all units  whether or not they had income.

33,Low-income status - The income situation of the statistical unit in relation to a specific low-income line in a reference year. Statistical units with income that is below the low-income line are considered to be in low income.

For the 2021 Census  the reference period for income data is the calendar year 2020  unless otherwise specified.

Prior to the 2021 Census  the LIM thresholds and the LIM low income statistics were derived and reported for the population residing outside of the territories and off reserve only. It was based on the consideration that the income  prices and expenditure patterns could be quite different in the territories and on reserve  and thus  could make the interpretation of the LIM low-income statistics difficult.

Since the 2016 Census  there were research studies that analyzed the feasibility of defining LIM thresholds that include the population living in the territories and on reserve  and examined the aspects that should be considered when interpreting low-income statistics based on this definition.  With the guidance and support of such research  the 2021 Census expanded the coverage of the LIM concept to all regions in Canada  making it the only low-income concept that is applicable to the population living in the territories and on reserve.

Low-income measure  after tax (LIM-AT) - The Low-income measure  after tax  refers to a fixed percentage (50%) of median-adjusted after-tax income of private households. The household after-tax income is adjusted by an equivalence scale to take economies of scale into account. This adjustment for different household sizes reflects the fact that a household's needs increase  but at a decreasing rate  as the number of members increases.

Using data from the 2021 Census of Population  the line applicable to a household is defined as half the Canadian median of the adjusted household after-tax income multiplied by the square root of household size. The median is determined based on all persons in private households where low-income concepts are applicable. Thresholds for specific household sizes are presented in Table 2.4 Low-income measures thresholds (LIM-AT and LIM-BT) for private households of Canada  2020  Dictionary  Census of Population  2021.

When the unadjusted after-tax income of household pertaining to a person falls below the threshold applicable to the person based on household size  the person is considered to be in low income according to LIM-AT. Since the LIM-AT threshold and household income are unique within each household  low-income status based on LIM-AT can also be reported for households.

Low-income cut-offs  after tax (LICO-AT) - The Low-income cut-offs  after tax refers to an income threshold  defined using 1992 expenditure data  below which economic families or persons not in economic families would likely have devoted a larger share of their after-tax income than average to the necessities of food  shelter and clothing. More specifically  the thresholds represented income levels at which these families or persons were expected to spend 20 percentage points or more of their after-tax income than average on food  shelter and clothing. These thresholds have been adjusted to current dollars using the all-items Consumer Price Index (CPI).
The LICO-AT has 35 cut-offs varying by seven family sizes and five different sizes of area of residence to account for economies of scale and potential differences in cost of living in communities of different sizes. These thresholds are presented in Table 2.5 Low-income cut-offs  after tax (LICO-AT - 1992 base) for economic families and persons not in economic families  2020  Dictionary  Census of Population  2021.

When the after-tax income of an economic family member or a person not in an economic family falls below the threshold applicable to the person  the person is considered to be in low income according to LICO-AT. Since the LICO-AT threshold and family income are unique within each economic family  low-income status based on LICO-AT can also be reported for economic families.

Prevalence of low income - The proportion or percentage of units whose income falls below a specified low-income line.

34,Economic family after-tax income decile group - The economic family income decile group provides a rough ranking of the economic situation of a person based on his or her relative position in the Canadian distribution of the adjusted after-tax income of economic families for all persons in private households.

Using data from the 2021 Census of Population  the population in private households is sorted according to its adjusted after-tax family income and then divided into 10 equal groups each containing 10% of the population. The decile cut-points are the levels of adjusted after-tax family income that define the 10 groups.

For the 2021 Census  the reference period for income data is the calendar year 2020  unless otherwise specified.

35,The Gini coefficient  or Gini index  is a measure of inequality that indicates how equally income is distributed for a given population. It measures how much an income distribution deviates from perfect equality. Values of the Gini coefficient can range from 0 to 1. A value of 0 indicates that income is equally divided among the population  with all units receiving exactly the same amount of income. At the opposite extreme  a Gini coefficient of 1 denotes a perfectly unequal distribution  where one unit has all of the income in the economy. 

For the census  Gini coefficients are calculated for three types of adjusted household income—market income  total income and after tax income. Adjusted income is computed by dividing the household income by a factor equal to the square root of the household size (known as the equivalence scale). This adjustment for different household sizes takes into account economies of scale. It reflects the fact that the needs of a household increase  but at a decreasing rate  as the number of members increases.
 
The P90/P10 ratio is a measure of inequality. It is the ratio of the 90th and the 10th percentile of the adjusted household after-tax income. The 90th percentile means 90% of the population has income that falls below this threshold. The 10th percentile means 10% of the population has income that falls below this threshold.
 
36,Knowledge of official languages refers to whether the person can conduct a conversation in English only  French only  in both or in neither language. For a child who has not yet learned to speak  this includes languages that the child is learning to speak at home.
For more information on language variables  including information on their classifications  the questions from which they are derived  data quality and their comparability with other sources of data  please refer to the Languages Reference Guide  Census of Population  2021.

37,First official language spoken refers to the first official language (English or French) spoken by the person.
For more information on language variables  including information on their classifications  the questions from which they are derived  data quality and their comparability with other sources of data  please refer to the Languages Reference Guide  Census of Population  2021.

38,Mother tongue refers to the first language learned at home in childhood and still understood by the person at the time the data was collected. If the person no longer understands the first language learned  the mother tongue is the second language learned. For a person who learned more than one language at the same time in early childhood  the mother tongue is the language this person spoke most often at home before starting school. The person has more than one mother tongue only if they learned these languages at the same time  and still understands them. For a child who has not yet learned to speak  the mother tongue is the language spoken most often to this child at home. A child who has not yet learned to speak has more than one mother tongue only if these languages are spoken to them equally often so that the child learns these languages at the same time.
n.i.e. = not included elsewhere
n.o.s. = not otherwise specified
For more information on language variables  including information on their classifications  the questions from which they are derived  data quality and their comparability with other sources of data  please refer to the Languages Reference Guide  Census of Population  2021.

39,Users should be aware that estimates associated with Indigenous languages are more affected than most by the incomplete enumeration of certain reserves and settlements in the Census of Population.

40,All languages spoken at home refers to all languages that the person speaks at home on a regular basis at the time of data collection.n.i.e. = not included elsewhere
n.o.s. = not otherwise specified
For more information on language variables  including information on their classifications  the questions from which they are derived  data quality and their comparability with other sources of data  please refer to the Languages Reference Guide  Census of Population  2021.

41,Language spoken most often at home refers to the language the person speaks most often at home at the time of data collection. A person can report more than one language as "spoken most often at home" if the languages are spoken equally often.
For a person who lives alone  the language spoken most often at home is the language in which they feel most comfortable. For a child who has not yet learned to speak  this is the language spoken most often to the child at home. Where more than one language is spoken to the child  the language spoken most often at home is the language spoken most often. If more than one language is spoken equally often to the child  then these languages are included here.
n.i.e. = not included elsewhere
n.o.s. = not otherwise specified
For more information on language variables  including information on their classifications  the questions from which they are derived  data quality and their comparability with other sources of data  please refer to the Languages Reference Guide  Census of Population  2021.

42,Other language(s) spoken regularly at home refers to the language(s)  if any  that the person speaks at home on a regular basis at the time of data collection  other than the language(s) they speak most often at home.
Comparisons to previous Census data is not recommended for the 'Other languages spoken regularly at home' variable.
For more information on language variables  including information on their classifications  the questions from which they are derived  data quality and their comparability with other sources of data  please refer to the Languages Reference Guide  Census of Population  2021.

43,Knowledge of official languages refers to whether the person can conduct a conversation in English only  French only  in both or in neither language. For a child who has not yet learned to speak  this includes languages that the child is learning to speak at home.
Knowledge of non-official languages refers to whether the person can conduct a conversation in a language other than English or French. For a child who has not yet learned to speak  this includes languages that the child is learning to speak at home. The number of languages that can be reported may vary between surveys  depending on the objectives of the survey.
n.i.e. = not included elsewhere
n.o.s. = not otherwise specified
For more information on language variables  including information on their classifications  the questions from which they are derived  data quality and their comparability with other sources of data  please refer to the Languages Reference Guide  Census of Population  2021.

44,Users should be aware that the estimates associated with this variable are more affected than most by the incomplete enumeration of certain reserves and settlements in the Census of Population.
For more information on Indigenous variables  including information on their classifications  the questions from which they are derived  data quality and their comparability with other sources of data  please refer to the Indigenous Peoples Reference Guide  Census of Population  2021 and the Indigenous Peoples Technical Report  Census of Population  2021.

45,This category includes persons who identify as First Nations (North American Indian)  Métis and/or Inuk (Inuit) and/or those who report being Registered or Treaty Indians (that is  registered under the Indian Act of Canada)  and/or those who report having membership in a First Nation or Indian band.

46,This category includes persons who identify as only one Indigenous group  that is First Nations (North American Indian)  Métis or Inuk (Inuit).

47,This category includes persons who identify as any two or all three of the following: First Nations (North American Indian)  Métis and/or Inuk (Inuit).

48,This category includes persons who do not identify as First Nations (North American Indian)  Métis or Inuk (Inuit) but who report having Registered or Treaty Indian status and/or Membership in a First Nation or Indian band.

49,Registered or Treaty Indian status refers to whether or not a person is a Registered or Treaty Indian. Registered Indians are persons who are registered under the Indian Act of Canada. Treaty Indians are persons who belong to a First Nation or Indian band that signed a treaty with the Crown. Registered or Treaty Indians are sometimes also called Status Indians.

50,Tenure refers to whether the household owns or rents their private dwelling. The private dwelling may be situated on rented or leased land or be part of a condominium. A household is considered to own their dwelling if some member of the household owns the dwelling even if it is not fully paid for  for example if there is a mortgage or some other claim on it. A household is considered to rent their dwelling if no member of the household owns the dwelling. A household is considered to rent that dwelling even if the dwelling is provided without cash rent or at a reduced rent  or if the dwelling is part of a cooperative.
For historical and statutory reasons  shelter occupancy on Indian reserves or settlements does not lend itself to the usual classification by standard tenure categories. Therefore  a special category  'dwelling provided by the local government  First Nation or Indian band ' has been created for census purposes.

51,Condominium status refers to whether the private dwelling is part of a condominium development. A condominium is a residential complex in which dwellings are owned individually while land and common elements are held in joint ownership with others.

52,Bedrooms refers to rooms in a private dwelling that are designed mainly for sleeping purposes even if they are now used for other purposes  such as guest rooms and television rooms. Also included are rooms used as bedrooms now  even if they were not originally built as bedrooms  such as bedrooms in a finished basement. Bedrooms exclude rooms designed for another use during the day such as dining rooms and living rooms even if they may be used for sleeping purposes at night. By definition  one-room private dwellings such as bachelor or studio apartments have zero bedrooms.

53,Rooms refers to enclosed areas within a private dwelling which are finished and suitable for year round living. The number of rooms in a private dwelling includes kitchens  bedrooms and finished rooms in the attic or basement. The number of rooms in a private dwelling excludes bathrooms  halls  vestibules and rooms used solely for business purposes. Partially divided rooms are considered to be separate rooms if they are considered as such by the respondent (e.g.  L-shaped dining-room and living-room arrangements).

54,Number of persons per room - Refers to an indicator of the level of crowding in a private dwelling. It is calculated by dividing the number of persons in the household by the number of rooms in the dwelling.

55,Housing suitability refers to whether a private household is living in suitable accommodations according to the National Occupancy Standard (NOS); that is  whether the dwelling has enough bedrooms for the size and composition of the household. A household is deemed to be living in suitable accommodations if its dwelling has enough bedrooms  as calculated using the NOS.
'Housing suitability' assesses the required number of bedrooms for a household based on the age  sex  and relationships among household members. An alternative variable  'persons per room ' considers all rooms in a private dwelling and the number of household members.
Housing suitability and the National Occupancy Standard (NOS) on which it is based were developed by Canada Mortgage and Housing Corporation (CMHC) through consultations with provincial housing agencies.

56,Period of construction refers to the period in time during which the building or dwelling was originally constructed.
This refers to the period in which the building was completed  not the time of any later remodeling  additions or conversions.
For properties having multiple residential structures  this refers to the period in which the most recent structure was completed.

57,Includes data up to May 11  2021.

58,Dwelling condition refers to whether the dwelling is in need of repairs. This does not include desirable remodelling or additions.

59,Refers to whether or not a person residing in the household is responsible for paying the rent  or the mortgage  or the taxes  or the electricity or other services or utilities. Where a number of people may contribute to the payments  more than one person in the household may be identified as a household maintainer. If no person in the household is identified as making such payments  the reference person is identified by default.

60,Primary household maintainer - The first person in the household identified as someone who pays the rent  or the mortgage  or the taxes  or the electricity or other services or utilities for the dwelling. When more than one member of the household contributes to the payments  the first person listed is chosen as the primary household maintainer. If no person in the household is identified as making any such payments  the first person listed is selected by default.
The order of the persons in a household is determined by the order in which they are listed on the questionnaire. Generally  an adult is listed first followed  if applicable  by their spouse or common-law partner and then by their children. The order does not necessarily correspond to the proportion of household payments made by each person.

61,Shelter-cost-to-income ratio - Refers to the proportion of average total income of household which is spent on shelter costs.
Shelter-cost-to-income ratio is calculated for private households  who reported a total household income greater than zero.
Private households located on an agricultural operation that is operated by a member of the household  and households who reported a zero or negative total household income are excluded.
The relatively high shelter-costs-to-household income ratios for some households may have resulted from the difference in the reference period for shelter costs and household total income data. The reference period for shelter cost data is 2021  while household total income is reported for the year 2020. As well  for some households  the 2020 household total income may represent income for only part of a year.
For more information on household total income or shelter costs  refer to the Census Dictionary: Total income and Shelter cost.

62,Acceptable housing refers to whether a household meets each of the three indicator thresholds established by the Canada Mortgage and Housing Corporation for housing adequacy  suitability and affordability.Housing indicator thresholds are defined as follows:
    *Adequate housing is reported by their residents as not requiring any major repairs.
,    *Affordable housing has shelter costs equal to less than 30% of total before-tax household income.
,    *Suitable housing has enough bedrooms for the size and composition of resident households according to the National Occupancy Standard (NOS)  conceived by the Canada Mortgage and Housing Corporation and provincial and territorial representatives.
,Acceptable housing identifies which thresholds the household falls below  if any. Housing that is adequate in condition  suitable in size and affordable is considered to be acceptable.
Households below and above the thresholds are based on the indicators for which individual households can be assessed. Farm and on-reserve households whose housing does not meet either or both of the suitability and adequacy thresholds are counted in the total of households below the thresholds. Farm and on-reserve households who live in housing that meets both the suitability and adequacy thresholds are counted in the total of households above the thresholds (even though it is not possible to assess housing affordability for these households). Farm households and on-reserve households cannot be assessed for housing affordability because the concept is not applicable.
Housing affordability is assessed for owner and tenant households with household total income greater than zero in non-farm  non-reserve private dwellings.

63,Core housing need refers to whether a private household's housing falls below at least one of the indicator thresholds for housing adequacy  affordability or suitability  and would have to spend 30% or more of its total before-tax income to pay the median rent of alternative local housing that is acceptable (attains all three housing indicator thresholds). Housing indicator thresholds are defined as follows: Adequate housing is reported by their residents as not requiring any major repairs. Affordable housing has shelter costs equal to less than 30% of total before-tax household income. Suitable housing has enough bedrooms for the size and composition of resident households according to the National Occupancy Standard (NOS)  conceived by the Canada Mortgage and Housing Corporation and provincial and territorial representatives. Only private  non-farm  non-reserve and owner- or renter-households with incomes greater than zero and shelter-cost-to-income ratios less than 100% are assessed for 'core housing need.' Non-family households with at least one maintainer aged 15 to 29 attending school are considered not to be in 'core housing need' regardless of their housing circumstances. Attending school is considered a transitional phase  and low incomes earned by student households are viewed as being a temporary condition.

64,Presence of mortgage payments refers to whether an owner household makes regular mortgage or loan payments for their dwelling.

65,Shelter cost refers to the average monthly total of all shelter expenses paid by households.
Shelter costs for owner households include  where applicable  mortgage payments  property taxes and condominium fees  along with the costs of electricity  heat  water and other municipal services. For renter households  shelter costs include  where applicable  the rent and the costs of electricity  heat  water and other municipal services. For households living in a dwelling provided by the local government  First Nation or Indian band  shelter costs include  where applicable  the monthly use or occupancy payment and the costs of electricity  heat  water and other municipal services.

66,Value (owner estimated) refers to the dollar amount expected by the owner if the asset were to be sold.
In the context of dwelling  it refers to the value of the entire dwelling  including the value of the land it is on and of any other structure  such as a garage  which is on the property. If the dwelling is located in a building which contains several dwellings  or a combination of residential and business premises  all of which the household owns  the value is estimated as a portion of the market value that applies only to the dwelling in which the household resides.

67,Subsidized housing refers to whether a renter household lives in a dwelling that is subsidized. Subsidized housing includes rent geared to income  social housing  public housing  government-assisted housing  non-profit housing  rent supplements and housing allowances.

68,'Indigenous ancestry' refers to whether a person has ancestry associated with the Indigenous peoples of Canada  that is  First Nations (North American Indian)  Métis  and/or Inuit. Aboriginal peoples (referred to here as Indigenous peoples) of Canada are defined in the Constitution Act  1982  Section 35 (2) as including the Indian  Inuit and Métis peoples of Canada. The term 'Aboriginal' has been replaced with the updated term of 'Indigenous' when referring to individuals who identify themselves as First Nations people  Métis and/or Inuit. Ancestry refers to the ethnic or cultural origins of the person's ancestors  an ancestor being usually more distant than a grandparent. A person can have more than one ethnic or cultural origin.
Users should be aware that the estimates associated with this variable are more affected than most by the incomplete enumeration of certain reserves and settlements in the Census of Population.
For more information on Indigenous variables  including information on their classifications  the questions from which they are derived  data quality and their comparability with other sources of data  please refer to the Indigenous Peoples Reference Guide  Census of Population  2021 and the Indigenous Peoples Technical Report  Census of Population  2021.

69,'Indigenous ancestry (only)' includes persons who have First Nations (North American Indian)  Métis and/or Inuit ancestry. It excludes persons with non-Indigenous ancestry.

70,'Single Indigenous ancestry (only)' includes persons who have only one of First Nations (North American Indian)  Métis or Inuit ancestry. It excludes persons with non-Indigenous ancestry.

71,'Multiple Indigenous ancestries (only)' includes persons who have two or more of First Nations (North American Indian)  Métis and Inuit ancestries. It excludes persons with non-Indigenous ancestry.

72,'Indigenous and non-Indigenous ancestries' includes persons who have First Nations (North American Indian)  Métis and/or Inuit ancestry  as well as non-Indigenous ancestry.

73,'Single Indigenous and non-Indigenous ancestries' includes persons who have First Nations (North American Indian)  Métis or Inuit ancestry  as well as non-Indigenous ancestry.

74,'Multiple Indigenous and non-Indigenous ancestries' includes persons who have two or more of First Nations (North American Indian)  Métis and Inuit ancestries  as well as non-Indigenous ancestry.

75,'Non-Indigenous ancestry (only)' includes persons who have non-Indigenous ancestry only.

76,'Citizenship' refers to the country where the person has citizenship. A person may have more than one citizenship. A person may be stateless  that is  they may have no citizenship. Citizenship can be by birth or naturalization.
For more information on citizenship variables  including information on their classifications  the questions from which they are derived  data quality and their comparability with other sources of data  please refer to the Place of Birth  Generation Status  Citizenship and Immigration Reference Guide  Census of Population  2021.

77,'Canadian citizens' includes persons who are citizens of Canada only and persons who are citizens of Canada and at least one other country.

78,'Not Canadian citizens' includes persons who are not citizens of Canada. They may be citizens of one or more other countries. Persons who are stateless are included in this category.

79,'Immigrant status' refers to whether the person is a non-immigrant  an immigrant or a non-permanent resident.
'Period of immigration' refers to the period in which the immigrant first obtained landed immigrant or permanent resident status.
For more information on immigration variables  including information on their classifications  the questions from which they are derived  data quality and their comparability with other sources of data  please refer to the Place of Birth  Generation Status  Citizenship and Immigration Reference Guide  Census of Population  2021.

80,'Non-immigrants' includes persons who are Canadian citizens by birth.

81,'Immigrants' includes persons who are  or who have ever been  landed immigrants or permanent residents. Such persons have been granted the right to live in Canada permanently by immigration authorities. Immigrants who have obtained Canadian citizenship by naturalization are included in this category. In the 2021 Census of Population  'Immigrants' includes immigrants who were admitted to Canada on or prior to May 11  2021.

82,Includes immigrants who were admitted to Canada on or prior to May 11  2021.

83,'Non-permanent residents' includes persons from another country with a usual place of residence in Canada and who have a work or study permit or who have claimed refugee status (asylum claimants). Family members living with work or study permit holders are also included  unless these family members are already Canadian citizens  landed immigrants or permanent residents.

84,'Age at immigration' refers to the age at which an immigrant first obtained landed immigrant or permanent resident status.
'Immigrants' includes persons who are  or who have ever been  landed immigrants or permanent residents. Such persons have been granted the right to live in Canada permanently by immigration authorities. Immigrants who have obtained Canadian citizenship by naturalization are included in this category. In the 2021 Census of Population  'Immigrants' includes immigrants who were admitted to Canada on or prior to May 11  2021.
For more information on immigration variables  including information on their classifications  the questions from which they are derived  data quality and their comparability with other sources of data  please refer to the Place of Birth  Generation Status  Citizenship and Immigration Reference Guide  Census of Population  2021.

85,'Immigrant' refers to a person who is  or who has ever been  a landed immigrant or permanent resident. Such a person has been granted the right to live in Canada permanently by immigration authorities. Immigrants who have obtained Canadian citizenship by naturalization are included in this group. In the 2021 Census of Population  'Immigrants' includes immigrants who were admitted to Canada on or prior to May 11  2021.
The places of birth selected are the most frequently reported by immigrants at the Canada level.
'Place of birth' refers to the name of the geographic location where the person was born. The geographic location is specified according to geographic boundaries current at the time of data collection  not the geographic boundaries at the time of birth. In the 2021 Census of Population  the geographic location refers to a country or area of interest if the person was born outside Canada.
For more information on the place of birth variables  including information on their classifications  the questions from which they are derived  data quality and their comparability with other sources of data  please refer to the Place of Birth  Generation Status  Citizenship and Immigration Reference Guide  Census of Population  2021.

86,Serbia excludes Kosovo.

87,The official name of United Kingdom is United Kingdom of Great Britain and Northern Ireland. United Kingdom includes Scotland  Wales  England and Northern Ireland (excludes Isle of Man  the Channel Islands and British Overseas Territories).

88,The official name of Iran is Islamic Republic of Iran.

89,The official name of Syria is Syrian Arab Republic.

90,China excludes Hong Kong and Macao.

91,The full name of Hong Kong is the Hong Kong Special Administrative Region of China.

92,The official name of South Korea is Republic of Korea.

93,The category 'Oceania and other' includes places of birth in Oceania and responses not included elsewhere  such as 'born at sea.'

94,'Recent immigrant' refers to an immigrant who first obtained his or her landed immigrant or permanent resident status between January 1  2016 and May 11  2021.
'Immigrant' refers to a person who is  or who has ever been  a landed immigrant or permanent resident. Such a person has been granted the right to live in Canada permanently by immigration authorities. Immigrants who have obtained Canadian citizenship by naturalization are included in this group.
The places of birth selected are the most frequently reported by recent immigrants at the Canada level.
'Place of birth' refers to the name of the geographic location where the person was born. The geographic location is specified according to geographic boundaries current at the time of data collection  not the geographic boundaries at the time of birth. In the 2021 Census of Population  the geographic location refers to a country or area of interest if the person was born outside Canada.
For more information on the place of birth variables  including information on their classifications  the questions from which they are derived  data quality and their comparability with other sources of data  please refer to the Place of Birth  Generation Status  Citizenship and Immigration Reference Guide  Census of Population  2021.

95,The official name of Venezuela is Bolivarian Republic of Venezuela.

96,Ireland is also referred to as Republic of Ireland.

97,The full name of Sudan is the Republic of the Sudan.

98,The category 'Other places of birth' includes other places of birth in Oceania and responses not included elsewhere  such as 'born at sea.'

99,'Generation status' refers to whether or not the person or the person's parents were born in Canada.
For more information on generation status variables  including information on their classifications  the questions from which they are derived  data quality and their comparability with other sources of data  please refer to the Place of Birth  Generation Status  Citizenship and Immigration Reference Guide  Census of Population  2021.

100,'First generation' includes persons who were born outside Canada. For the most part  these are people who are now  or once were  immigrants to Canada.

101,'Second generation' includes persons who were born in Canada and had at least one parent born outside Canada. For the most part  these are the children of immigrants.

102,'Third generation or more' includes persons who were born in Canada with all parents born in Canada.

103,'Admission category' refers to the name of the immigration program or group of programs under which an immigrant has been granted for the first time the right to live in Canada permanently by immigration authorities.
'Applicant type' refers to whether an immigrant was identified as the principal applicant  the spouse or the dependant on their application for permanent residence.
'Immigrant' refers to a person who is  or who has ever been  a landed immigrant or permanent resident. Such a person has been granted the right to live in Canada permanently by immigration authorities. Immigrants who have obtained Canadian citizenship by naturalization are included in this group. In the 2021 Census of Population  data on admission category and applicant type are available for immigrants who were admitted to Canada between January 1  1980 and May 11  2021.
For more information on immigration variables  including information on their classifications  data quality and their comparability with other sources of data  please refer to the Place of Birth  Generation Status  Citizenship and Immigration Reference Guide  Census of Population  2021.

104,'Economic immigrants' includes immigrants who have been selected for their ability to contribute to Canada's economy through their ability to meet labour market needs  to own and manage or to build a business  to make a substantial investment  to create their own employment or to meet specific provincial or territorial labour market needs.

105,'Principal applicants' includes immigrants who were identified as the principal applicant on their application for permanent residence.

106,'Secondary applicants' includes immigrants who were identified as the married spouse  the common-law or conjugal partner or the dependant of the principal applicant on their application for permanent residence.

107,'Immigrants sponsored by family' includes immigrants who were sponsored by a Canadian citizen or permanent resident and were granted permanent resident status on the basis of their relationship either as the spouse  partner  parent  grand-parent  child or other relative of this sponsor. The terms 'family class' or 'family reunification' are sometimes used to refer to this category.

108,'Refugees' includes immigrants who were granted permanent resident status on the basis of a well-founded fear of returning to their home country. This category includes persons who had a well-founded fear of persecution for reasons of race  religion  nationality  membership in particular social group or for political opinion (Geneva Convention refugees) as well as persons who had been seriously and personally affected by civil war or armed conflict  or have suffered a massive violation of human rights. Some refugees were in Canada when they applied for refugee protection for themselves and their family members (either with them in Canada or abroad). Others were abroad and were referred for resettlement to Canada by the United Nations Refugee Agency  another designated referral organization or private sponsors.

109,'Other immigrants' includes immigrants who were granted permanent resident status under a program that does not fall under the economic immigrants  the immigrants sponsored by family or the refugee categories.

110,'Pre-admission experience' refers to the category under which an immigrant was authorized to enter Canada for temporary residence purposes before admission as a landed immigrant or permanent resident.
In the 2021 Census of Population  data on pre-admission experience are available for immigrants who were admitted to Canada between January 1  1980  and May 11  2021.
'Immigrant' refers to a person who is  or who has ever been  a landed immigrant or permanent resident. Such a person has been granted the right to live in Canada permanently by immigration authorities. Immigrants who have obtained Canadian citizenship by naturalization are included in this group.
For more information on immigration variables  including information on their classifications  the questions from which they are derived  data quality and their comparability with other sources of data  please refer to the Place of Birth  Generation Status  Citizenship and Immigration Reference Guide  Census of Population  2021.

111,This category includes immigrants who had an asylum claim before admission as a landed immigrant or permanent resident. This category includes immigrants who had an asylum claim with a work and/or study permit before admission.

112,This category includes immigrants who had a work permit only before admission as a landed immigrant or permanent resident. A work permit is a document issued by Immigration  Refugees and Citizenship Canada that authorizes a person to work on a temporary basis in Canada. Work permits set out conditions for the worker  such as the type of work and employer  location of work  and timeline of work.

113,This category includes immigrants who had a study permit only before admission as a landed immigrant or permanent resident. A study permit is a document issued by Immigration  Refugees and Citizenship Canada that authorizes a person to study at an educational institution in Canada for the duration of the program of study.

114,This category includes immigrants who had both a work and a study permit before admission as a landed immigrant or permanent resident.

115,This category includes immigrants who had a permit other than a work permit  study permit  or asylum claim before admission as a landed immigrant or permanent resident.

116,This category includes immigrants who did not have a permit for temporary residence purposes before admission as a landed immigrant or permanent resident.

117,'Visible minority' refers to whether a person is a visible minority or not  as defined by the Employment Equity Act. The Employment Equity Act defines visible minorities as "persons  other than Aboriginal peoples  who are non-Caucasian in race or non-white in colour." The visible minority population consists mainly of the following groups: South Asian  Chinese  Black  Filipino  Arab  Latin American  Southeast Asian  West Asian  Korean and Japanese.
In 2021 Census analytical and communications products  the term "visible minority" has been replaced by the terms "racialized population" or "racialized groups"  reflecting the increased use of these terms in the public sphere.
For more information on visible minority and population group variables  including information on their classifications  the questions from which they are derived  data quality and their comparability with other sources of data  please refer to the Visible Minority and Population Group Reference Guide  Census of Population  2021.

118,In 2021 Census analytical and communications products  the term "visible minority" has been replaced by the terms "racialized population" or "racialized groups"  reflecting the increased use of these terms in the public sphere.

119,The abbreviation "n.i.e." means "not included elsewhere." This category includes persons who provided responses that are classified as a visible minority  but that cannot be classified with a specific visible minority group. Such responses include  for example  "Guyanese " "Pacific Islander " "Polynesian " "Tibetan" and "West Indian."

120,In 2021 Census analytical and communications products  this category is referred to as "the rest of the population."

121,'Ethnic or cultural origin' refers to the ethnic or cultural origins of the person's ancestors. Ancestors may have Indigenous origins  origins that refer to different countries or other origins that may not refer to different countries.
The sum of the ethnic or cultural origins in this table is greater than the total population estimate because a person may report more than one ethnic or cultural origin in the census.
The ethnic groups selected are the most frequently reported at the Canada level.
For more information on ethnic or cultural origin variables  including information on their classifications  the questions from which they are derived  data quality and their comparability with other sources of data  please refer to the Ethnic or Cultural Origin Reference Guide  Census of Population  2021.

122,The abbreviation "n.o.s." means "not otherwise specified." This category includes responses indicating French origins  not otherwise specified (e.g.  "French").

123,The abbreviation "n.o.s." means "not otherwise specified." This category includes responses indicating British Isles origins  not otherwise specified (e.g.  "British " "United Kingdom").

124,The abbreviation "n.o.s." means "not otherwise specified." This category includes responses indicating Caucasian (White) origins  not otherwise specified (e.g.  "Caucasian").

125,The abbreviation "n.o.s." means "not otherwise specified." This category includes responses indicating First Nations (North American Indian) origins  not otherwise specified (e.g.  "First Nations " "North American Indian").

126,The abbreviation "n.o.s." means "not otherwise specified." This category includes responses indicating European origins  not otherwise specified (e.g.  "European").

127,The abbreviation "n.o.s." means "not otherwise specified." This category includes responses indicating African origins  not otherwise specified (e.g.  "African").

128,The abbreviation "n.o.s." means "not otherwise specified." This category includes responses indicating Arab origins  not otherwise specified (e.g.  "Arab").

129,The abbreviation "n.o.s." means "not otherwise specified." This category includes responses indicating Asian origins  not otherwise specified (e.g.  "Asian").

130,The abbreviation "n.o.s." means "not otherwise specified." This category includes responses indicating Cree origins  not otherwise specified (e.g.  "Cree").

131,The abbreviation "n.i.e." means "not included elsewhere." This category includes responses indicating Christian origins  not included elsewhere (e.g.  "Christian " "Baptist " "Catholic").

132,The abbreviation "n.o.s." means "not otherwise specified." This category includes responses indicating North American Indigenous origins  not otherwise specified (e.g.  "Aboriginal " "Indigenous").

133,The abbreviation "n.o.s." means "not otherwise specified." This category includes responses indicating South Asian origins  not otherwise specified (e.g.  "South Asian").

134,The abbreviation "n.o.s." means "not otherwise specified." This category includes responses indicating Mi'kmaq origins  not otherwise specified (e.g.  "Mi'kmaq").

135,The abbreviation "n.o.s." means "not otherwise specified." This category includes responses indicating Northern European origins  not otherwise specified (e.g.  "Northern European " "Scandinavian").

136,The abbreviation "n.o.s." means "not otherwise specified." This category includes responses indicating Latin  Central or South American origins  not otherwise specified (e.g.  "Latin American " "South American").

137,The abbreviation "n.o.s." means "not otherwise specified." This category includes responses indicating Black origins  not otherwise specified (e.g.  "Black").

138,The abbreviation "n.o.s." means "not otherwise specified." This category includes responses indicating Inuit origins  not otherwise specified (e.g.  "Inuit").

139,The abbreviation "n.o.s." means "not otherwise specified." This category includes responses indicating Eastern European origins  not otherwise specified (e.g.  "Eastern European").

140,The abbreviation "n.o.s." means "not otherwise specified." This category includes responses indicating East or Southeast Asian origins  not otherwise specified (e.g.  "East Asian " "Southeast Asian").

141,The abbreviation "n.o.s." means "not otherwise specified." This category includes responses indicating West or Central Asian or Middle Eastern origins  not otherwise specified (e.g.  "Central Asian " "Middle Eastern " "West Asian").

142,The abbreviation "n.o.s." means "not otherwise specified." This category includes responses indicating Caribbean origins  not otherwise specified (e.g.  "Caribbean").

143,The abbreviation "n.o.s." means "not otherwise specified." This category includes responses indicating West Indian origins  not otherwise specified (e.g.  "West Indian").

144,The abbreviation "n.o.s." means "not otherwise specified." This category includes responses indicating Hispanic origins  not otherwise specified (e.g.  "Hispanic").

145,The abbreviation "n.o.s." means "not otherwise specified." This category includes responses indicating Western European origins  not otherwise specified (e.g.  "Western European").

146,The abbreviation "n.o.s." means "not otherwise specified." This category includes responses indicating Czechoslovakian origins  not otherwise specified (e.g.  "Czechoslovakian").

147,The abbreviation "n.o.s." means "not otherwise specified." This category includes responses indicating Yugoslavian origins  not otherwise specified (e.g.  "Yugoslavian").

148,The abbreviation "n.o.s." means "not otherwise specified." This category includes responses indicating Slavic origins  not otherwise specified (e.g.  "Slavic").

149,The abbreviation "n.o.s." means "not otherwise specified." This category includes responses indicating Innu origins  not otherwise specified (e.g.  "Innu " "Montagnais").

150,The abbreviation "n.o.s." means "not otherwise specified." This category includes responses indicating Celtic origins  not otherwise specified (e.g.  "Celtic").

151,The abbreviation "n.o.s." means "not otherwise specified." This category includes responses indicating North American origins  not otherwise specified (e.g.  "North American").

152,The abbreviation "n.o.s." means "not otherwise specified." This category includes responses indicating Dene origins  not otherwise specified (e.g.  "Dene").

153,The abbreviation "n.o.s." means "not otherwise specified." This category includes responses indicating Blackfoot origins  not otherwise specified (e.g.  "Blackfoot").

154,The abbreviation "n.o.s." means "not otherwise specified." This category includes responses indicating Iroquoian (Haudenosaunee) origins  not otherwise specified (e.g.  "Iroquois " "Haudenosaunee").

155,The abbreviation "n.o.s." means "not otherwise specified." This category includes responses indicating North African origins  not otherwise specified (e.g.  "North African").

156,The abbreviation "n.o.s." means "not otherwise specified." This category includes responses indicating Southern or East African origins  not otherwise specified (e.g.  "East African").

157,The abbreviation "n.o.s." means "not otherwise specified.' This category includes responses indicating Anishinaabe origins  not otherwise specified (e.g.  "Anishinaabe").

158,The abbreviation "n.o.s." means "not otherwise specified." This category includes responses indicating Bantu origins  not otherwise specified (e.g.  "Bantu").

159,The abbreviation "n.o.s." means "not otherwise specified." This category includes responses indicating Akan origins  not otherwise specified (e.g.  "Akan").

160,The abbreviation "n.o.s." means "not otherwise specified." This category includes responses indicating Central or West African origins  not otherwise specified (e.g.  "Central African " "West African").

161,'Religion' refers to the person's self-identification as having a connection or affiliation with any religious denomination  group  body  or other religiously defined community or system of belief. Religion is not limited to formal membership in a religious organization or group. 
This variable shows the aggregated responses to the religion question. 
For infants or children  religion refers to the specific religious group or denomination in which they are being raised  if any.
Persons without a religious connection or affiliation can self-identify as atheist  agnostic or humanist  or can provide another applicable response.
For more information on religion variables  including information on their classifications  the questions from which they are derived  data quality and their comparability with other sources of data  please refer to the Religion Reference Guide  Census of Population  2021.

162,The abbreviation "n.o.s." means "not otherwise specified." This category includes responses of "Christian " not otherwise specified (e.g.  "Christian " "Christianity").

163,Refers to the status of a person with regard to the place of residence on the reference day  May 11  2021  in relation to the place of residence on the same date one year earlier at the provincial level. Persons who have not moved are referred to as non-movers and persons who have moved from one residence to another are referred to as movers. Movers include non-migrants and migrants. Non-migrants are persons who did move but remained in the same city  town  township  village or Indian reserve. Migrants include internal migrants  who moved to a different city  town  township  village or Indian reserve within Canada. External migrants include persons who lived outside Canada at the earlier reference date.

164,Refers to the status of a person with regard to the place of residence on the reference day  May 11  2021  in relation to the place of residence on the same date five years earlier at the provincial level. Persons who have not moved are referred to as non-movers and persons who have moved from one residence to another are referred to as movers. Movers include non-migrants and migrants. Non-migrants are persons who did move but remained in the same city  town  township  village or Indian reserve. Migrants include internal migrants  who moved to a different city  town  township  village or Indian reserve within Canada. External migrants include persons who lived outside Canada at the earlier reference date.

165,For information on data quality for this variable  refer to the Education Reference Guide  Census of Population  2021  Catalogue no. 98-500-X2021013.

166,This includes all persons with a high school diploma or equivalency certificate  regardless of whether they also completed a postsecondary certificate  diploma or degree.

167,'High (secondary) school diploma or equivalency certificate' includes only people who have this as their highest educational credential. It excludes persons with a postsecondary certificate  diploma or degree.

168,'Non-apprenticeship trades certificate or diploma' includes trades certificates or diplomas such as pre-employment or vocational certificates and diplomas from brief trade programs completed at colleges  institutes of technology  vocational centres and similar institutions. It also includes qualifications from vocational training programs in the province of Quebec such as the Diplôme d'études professionnelles (DEP)/Diploma of Vocational Studies (DVS).

169,'Apprenticeship certificate' includes Certificates of Apprenticeship  Certificates of Qualification and Journeyperson's designations.

170,College  CEGEP and other non-university certificates and diplomas obtained from programs that are typically completed in less than three months are not included in this category.

171,'Earned doctorate' does not include honorary doctorates.

172,This variable shows the 'Variant of CIP 2021 - Alternative primary groupings ' with the hierarchy of the primary groupings and two-digit series. When a primary grouping contains more than one subseries from series '30. Multidisciplinary/interdisciplinary studies ' these subseries are grouped together. An exception is made for '30.01 Biological and physical sciences' due to its large size. For more information on the CIP classification  see the Classification of Instructional Programs  Canada  2021. For information on classification and data quality for this variable  refer to the Education Reference Guide  Census of Population  2021  Catalogue no. 98-500-X2021013.

173,'No postsecondary certificate  diploma or degree' is made up of persons who have not completed any credentials above a high school diploma.

174,Includes '30.13 Medieval and renaissance studies ' '30.21 Holocaust and related studies ' '30.22 Classical and ancient studies ' '30.29 Maritime studies ' '30.45 History and language/literature ' '30.47 Linguistics and anthropology ' '30.51 Integrated philosophy  politics  and economics ' '30.52 Digital humanities and textual studies ' and '30.53 Thanatology.'

175,Includes '30.05 Peace studies and conflict resolution ' '30.11 Gerontology ' '30.14 Museology/museum studies ' '30.15 Science  technology and society ' '30.17 Behavioural sciences ' '30.20 International/globalization studies ' '30.23 Intercultural/multicultural and diversity studies ' '30.25 Cognitive science ' '30.26 Cultural studies/critical theory and analysis ' '30.28 Dispute resolution ' '30.31 Human computer interaction ' '30.33 Sustainability studies ' '30.34 Anthrozoology ' '30.36 Cultural studies and comparative literature ' '30.40 Economics and foreign language/literature ' '30.44 Geography and environmental studies ' and '30.46 History and political science.'

176,Includes '30.10 Biopsychology ' '30.18 Natural sciences ' '30.19 Nutrition sciences ' '30.27 Human biology ' '30.32 Marine sciences ' '30.35 Climate science ' '30.38 Earth systems science ' '30.41 Environmental geosciences ' '30.42 Geoarchaeology ' '30.43 Geobiology ' and '30.50 Mathematics and atmospheric/oceanic science.'

177,Includes '30.06 Systems science and theory ' '30.08 Mathematics and computer science ' '30.30 Computational science ' '30.39 Economics and computer science ' '30.48 Linguistics and computer science ' '30.49 Mathematical economics ' '30.70 Data science' and '30.71 Data analytics.'

178,Veterinary medicine  veterinary science  veterinary technology  and veterinary administrative support services  which were included in series '51. Health professions and related programs' in CIP 2016  are now included in series '01. Agricultural and veterinary sciences/services/operations and related fields' in CIP 2021.

179,Includes '30.00 Inclusive postsecondary education' and '30.99 Multidisciplinary/interdisciplinary studies  other.'

180,For information on classification and data quality for this variable  refer to the Education Reference Guide  Census of Population  2021  Catalogue no. 98-500-X2021013.

181,'Postsecondary certificate  diploma or degree' includes 'apprenticeship or trades certificate or diploma ' 'college  CEGEP or other non-university certificate or diploma' and university certificates  diplomas and degrees.

182,The location of study is not compared with the location of residence for persons who studied outside Canada. The locations of study outside Canada that are listed here are those which were the most frequently reported at the Canada level.

183,The official name of Moldova is Republic of Moldova.

184,Refers to whether a person aged 15 years and over was employed  unemployed or not in the labour force during the week of Sunday  May 2 to Saturday  May 8  2021.
For information on the comparability of the 2021 Census labour force status data with those of the Labour Force Survey  see Appendix 2.11 of the Dictionary  Census of Population  2021.

185,Refers to the number of weeks in which a person aged 15 years and over worked for pay or in self-employment in 2020 at all jobs held  even if only for a few hours  and whether these weeks were mostly full time (30 hours or more per week) or mostly part time (less than 30 hours per week).

186,Includes persons aged 15 years and over who never worked  persons who worked prior to 2020 and persons who worked in 2021  but not in 2020.

187,Includes persons aged 15 years and over who worked full year (49 weeks and over) and mostly full time (30 hours or more per week) in 2020.

188,Includes persons aged 15 years and over who worked full year mostly part time or part year either mostly full time or mostly part time in 2020. Part year is less than 49 weeks and part time is less than 30 hours per week.

189,Class of worker including job permanency refers to whether a person is a paid employee or is self-employed. Employees' positions are further classified as either permanent or temporary.

190,Includes unemployed persons aged 15 years and over who have never worked for pay or in self-employment  or who had last worked prior to January 1  2020.

191,Includes persons aged 15 years and over in the labour force who have worked at some point in time between January 1  2020 and May 8  2021.

192,Includes self-employed persons aged 15 years and over with or without an incorporated business and with or without paid help  as well as unpaid family workers.

193,Refers to the kind of work performed by persons aged 15 years and over as determined by their kind of work and the description of the main activities in their job. The occupation data are produced according to the National Occupational Classification [NOC] 2021 Version 1.0.

194,Refers to the general nature of the business carried out in the establishment where the person worked. The industry data are produced according to the North American Industry Classification System (NAICS) Canada 2017 Version 3.0.

195,"All languages used at work" refers to all languages that the person uses in their job on a regular basis.
For more information on language variables  including information on their classifications  the questions from which they are derived  data quality and their comparability with other sources of data  please refer to the Languages Reference Guide  Census of Population  2021.

196,Language used most often at work refers to the language the person uses most often at work. A person can report more than one language as "used most often at work" if the languages are used equally often.
n.i.e. = not included elsewhere
n.o.s. = not otherwise specified
For more information on language variables  including information on their classifications  the questions from which they are derived  data quality and their comparability with other sources of data  please refer to the Languages Reference Guide  Census of Population  2021.

197,"Other language(s) used regularly at work" refers to the languages  if any  that the person uses in their job on a regular basis  other than the language or languages they use most often at work.
Comparisons to previous census data is not recommended for the ‘Other languages used regularly at work’ variable.
For more information on language variables  including information on their classifications  the questions from which they are derived  data quality and their comparability with other sources of data  please refer to the Languages Reference Guide  Census of Population  2021.

198,Place of work status refers to whether a person worked at home  worked outside Canada  had no fixed workplace address  or worked at a specific address (usual place of work).

199,Commuting destination refers to whether or not a person commutes to another municipality (i.e.  census subdivision)  another census division or another province or territory. Commuting refers to the travel of a person to their usual place of work.

200,Main mode of commuting refers to the main mode of transportation a person uses to travel to their place of work.
The census assumes that the commute to work originates from the usual place of residence  but this may not always be the case. Sometimes  respondents may be on a business trip and may have reported their place of work or main mode of commuting based on where they were working during the trip. Some persons maintain a residence close to work and commute to their home on weekends. Students often work after school at a location near their school. As a result  the data may show unusual commutes or unusual main modes of commuting.

201,Commuting duration refers to the length of time  in minutes  usually required by a person to travel to their place of work.

202,Time leaving for work refers to the time of day at which a person usually leaves to go to their place of work.

203,Eligibility for instruction in the minority official language indicates whether a child is eligible for instruction at the primary and secondary levels in English in Quebec or in French in Canada outside Quebec  pursuant to the Canadian Charter of Rights and Freedoms' criteria  except citizenship.
In the 2021 Census  the child eligible for instruction in the minority official language is younger than 18 years of age on December 31  2020.
More information on the variables related to instruction in the minority official language  including definitions  concepts and classifications  the questions from which they are derived and data quality can be found in the Instruction in the Minority Official Language Reference Guide  Census of Population  2021  and the Minority language educational rights: Technical report on changes for the 2021 Census.

204,Eligibility for instruction in the minority official language indicates whether a child is eligible for instruction at the primary and secondary levels in English in Quebec or in French in Canada outside Quebec  pursuant to the Canadian Charter of Rights and Freedoms' criteria  except citizenship.
In the 2021 Census  the child eligible for instruction in the minority official language is younger than 18 years of age on December 31  2020. However  the total population for this profile is school-aged children born between 2003 and 2015 (inclusive)  representing children 5 to 17 years of age on December 31  2020.
For residents of Quebec  instruction in the minority official language at the primary or secondary level in Canada refers to children who have been instructed  for at least one year  in an English-language school (including in a French immersion program in an English-language school) at the primary or secondary level in Canada. For residents of Canada outside Quebec  it refers to children who have been instructed  for at least one year  in a regular French program in a French-language school (excluding in a French immersion program in an English-language school) at the primary or secondary level in Canada.
More information on the variables related to instruction in the minority official language  including definitions  concepts and classifications  the questions from which they are derived and data quality can be found in the Instruction in the Minority Official Language Reference Guide  Census of Population  2021  and the Minority language educational rights: Technical report on changes for the 2021 Census.



Data quality:
"White Rock, City (CY)"
"Total non-response (TNR) rate, short-form census questionnaire: 3.5%"
"Total non-response (TNR) rate, long-form census questionnaire: 4.5%"


"Source: Statistics Canada, 2021 Census of Population."

How to cite: Statistics Canada. 2023. Census Profile. 2021 Census.
Statistics Canada Catalogue no. 98-316-X2021001. Ottawa. Released February 8  2023.
https://www12.statcan.gc.ca/census-recensement/2021/dp-pd/prof/index.cfm?Lang=E
